length,net_charge,hydrophobicity,molecular_weight,aromaticity,isoelectric_point,A,C,D,E,F,G,H,I,K,L,M,N,P,Q,R,S,T,V,W,Y,label
12,4,-1.4583333333333333,1591.8411999999998,0.16666666666666669,11.712567710876463,8.333333333333334,8.333333333333334,0.0,0.0,8.333333333333334,0.0,0.0,0.0,8.333333333333334,0.0,0.0,8.333333333333334,0.0,16.666666666666668,25.0,0.0,0.0,8.333333333333334,8.333333333333334,0.0,1
25,-1,-0.4120000000000001,3184.4944,0.36,6.260496711730957,4.0,0.0,4.0,4.0,20.0,4.0,12.0,4.0,0.0,0.0,4.0,0.0,8.0,0.0,4.0,8.0,8.0,0.0,4.0,12.0,0
17,1,0.6058823529411764,1859.2015999999999,0.05882352941176471,8.23965587615967,11.764705882352942,5.882352941176471,0.0,0.0,0.0,11.764705882352942,11.764705882352942,0.0,5.882352941176471,29.41176470588235,0.0,11.764705882352942,0.0,0.0,0.0,0.0,0.0,5.882352941176471,5.882352941176471,0.0,1
12,4,0.6916666666666668,1536.9116999999999,0.08333333333333334,11.999967765808105,8.333333333333334,0.0,0.0,0.0,0.0,0.0,0.0,16.666666666666668,0.0,8.333333333333334,0.0,0.0,0.0,0.0,33.333333333333336,0.0,0.0,25.0,8.333333333333334,0.0,1
12,1,1.8166666666666667,1240.5746,0.0,8.750052070617677,0.0,0.0,0.0,0.0,0.0,16.666666666666668,0.0,16.666666666666668,8.333333333333334,41.666666666666664,0.0,0.0,0.0,0.0,0.0,8.333333333333334,8.333333333333334,0.0,0.0,0.0,1
16,0,-0.28750000000000003,1894.0914000000002,0.25,6.738285255432129,0.0,0.0,0.0,0.0,0.0,18.75,6.25,6.25,0.0,6.25,0.0,6.25,6.25,12.5,0.0,0.0,0.0,12.5,6.25,18.75,0
22,0,-0.9,2477.6616,0.18181818181818182,5.952031517028809,9.090909090909092,4.545454545454546,9.090909090909092,0.0,9.090909090909092,9.090909090909092,0.0,0.0,9.090909090909092,0.0,0.0,4.545454545454546,4.545454545454546,13.636363636363637,0.0,9.090909090909092,4.545454545454546,4.545454545454546,4.545454545454546,4.545454545454546,0
17,2,0.7470588235294118,1828.2024999999999,0.05882352941176471,9.703023719787598,11.764705882352942,0.0,5.882352941176471,0.0,5.882352941176471,5.882352941176471,0.0,5.882352941176471,17.647058823529413,11.764705882352942,0.0,11.764705882352942,0.0,0.0,0.0,0.0,0.0,23.529411764705884,0.0,0.0,1
19,-1,-0.5421052631578948,2450.7684,0.31578947368421056,5.239668464660644,0.0,10.526315789473685,0.0,5.2631578947368425,21.05263157894737,0.0,5.2631578947368425,0.0,0.0,0.0,5.2631578947368425,5.2631578947368425,15.789473684210526,15.789473684210526,0.0,0.0,5.2631578947368425,0.0,5.2631578947368425,5.2631578947368425,0
2,1,-2.7,360.41089999999997,0.5,9.750021171569824,0.0,0.0,0.0,0.0,0.0,0.0,0.0,0.0,0.0,0.0,0.0,0.0,0.0,0.0,50.0,0.0,0.0,0.0,50.0,0.0,1
7,0,-1.0,711.7436999999999,0.14285714285714288,5.517440605163573,0.0,14.285714285714286,0.0,0.0,0.0,42.857142857142854,0.0,0.0,0.0,0.0,0.0,0.0,0.0,28.571428571428573,0.0,0.0,0.0,0.0,0.0,14.285714285714286,1
17,-2,-0.24117647058823538,2002.1864,0.23529411764705885,4.196729850769043,11.764705882352942,0.0,11.764705882352942,0.0,17.647058823529413,0.0,5.882352941176471,0.0,0.0,11.764705882352942,0.0,5.882352941176471,17.647058823529413,5.882352941176471,0.0,5.882352941176471,0.0,0.0,5.882352941176471,0.0,0
8,0,0.4624999999999999,1021.2153000000001,0.25,6.731919288635253,0.0,12.5,0.0,0.0,12.5,12.5,12.5,12.5,0.0,0.0,12.5,0.0,0.0,12.5,0.0,0.0,0.0,0.0,12.5,0.0,0
21,1,-0.23809523809523808,2474.7717,0.19047619047619047,8.484506797790527,4.761904761904762,0.0,0.0,4.761904761904762,4.761904761904762,14.285714285714286,9.523809523809524,9.523809523809524,4.761904761904762,4.761904761904762,0.0,4.761904761904762,0.0,4.761904761904762,4.761904761904762,4.761904761904762,0.0,9.523809523809524,4.761904761904762,9.523809523809524,0
15,5,0.5399999999999999,1771.2821,0.13333333333333333,10.602486610412598,6.666666666666667,0.0,0.0,0.0,6.666666666666667,6.666666666666667,0.0,6.666666666666667,33.333333333333336,20.0,0.0,0.0,0.0,0.0,0.0,0.0,0.0,13.333333333333334,6.666666666666667,0.0,1
28,7,-0.4321428571428572,3536.2366,0.14285714285714285,11.999967765808105,0.0,0.0,0.0,0.0,10.714285714285714,10.714285714285714,14.285714285714286,3.5714285714285716,10.714285714285714,25.0,0.0,0.0,0.0,7.142857142857143,14.285714285714286,0.0,0.0,0.0,3.5714285714285716,0.0,1
26,4,-0.9653846153846154,3323.9168,0.11538461538461539,10.021110725402831,3.8461538461538463,3.8461538461538463,0.0,11.538461538461538,3.8461538461538463,3.8461538461538463,3.8461538461538463,11.538461538461538,11.538461538461538,0.0,7.6923076923076925,3.8461538461538463,0.0,3.8461538461538463,15.384615384615385,0.0,3.8461538461538463,3.8461538461538463,3.8461538461538463,3.8461538461538463,0
118,1,-0.37118644067796613,13058.715699999999,0.11864406779661019,7.540112876892091,10.169491525423728,12.711864406779661,6.779661016949152,1.694915254237288,4.237288135593221,7.627118644067797,2.542372881355932,3.389830508474576,6.779661016949152,5.084745762711864,0.847457627118644,7.627118644067797,4.237288135593221,5.084745762711864,2.542372881355932,0.847457627118644,7.627118644067797,2.542372881355932,0.0,7.627118644067797,1
13,0,-0.19230769230769235,1394.6153,0.07692307692307693,5.994262886047363,7.6923076923076925,7.6923076923076925,0.0,7.6923076923076925,7.6923076923076925,7.6923076923076925,0.0,7.6923076923076925,7.6923076923076925,0.0,7.6923076923076925,7.6923076923076925,15.384615384615385,0.0,0.0,7.6923076923076925,7.6923076923076925,0.0,0.0,0.0,0
16,6,0.625,1812.3755,0.0625,10.699318122863769,6.25,0.0,0.0,0.0,6.25,6.25,0.0,12.5,37.5,12.5,0.0,0.0,0.0,0.0,0.0,0.0,0.0,18.75,0.0,0.0,1
25,0,0.04399999999999997,3099.7082,0.16,6.740217781066895,0.0,4.0,4.0,4.0,0.0,0.0,4.0,4.0,8.0,12.0,12.0,0.0,8.0,4.0,0.0,8.0,4.0,8.0,8.0,8.0,0
26,1,-0.8461538461538461,3160.4548,0.2692307692307692,8.438089561462405,3.8461538461538463,0.0,3.8461538461538463,3.8461538461538463,11.538461538461538,11.538461538461538,3.8461538461538463,0.0,7.6923076923076925,3.8461538461538463,0.0,15.384615384615385,3.8461538461538463,0.0,3.8461538461538463,0.0,3.8461538461538463,7.6923076923076925,7.6923076923076925,7.6923076923076925,0
14,1,0.5785714285714285,1544.8162,0.07142857142857144,8.438476371765141,7.142857142857143,0.0,0.0,0.0,0.0,7.142857142857143,7.142857142857143,21.428571428571427,0.0,0.0,7.142857142857143,0.0,7.142857142857143,0.0,7.142857142857143,14.285714285714286,7.142857142857143,7.142857142857143,0.0,7.142857142857143,0
23,5,-0.17826086956521742,2653.2151,0.08695652173913043,10.295294761657711,8.695652173913043,0.0,0.0,4.3478260869565215,0.0,8.695652173913043,4.3478260869565215,0.0,21.73913043478261,21.73913043478261,0.0,0.0,0.0,0.0,4.3478260869565215,0.0,8.695652173913043,8.695652173913043,4.3478260869565215,4.3478260869565215,1
14,-3,-0.9,1628.7374,0.07142857142857144,4.0500284194946286,0.0,0.0,7.142857142857143,21.428571428571427,0.0,14.285714285714286,0.0,21.428571428571427,0.0,0.0,0.0,0.0,7.142857142857143,7.142857142857143,7.142857142857143,7.142857142857143,0.0,0.0,7.142857142857143,0.0,1
28,10,-0.9035714285714286,3735.49,0.25,11.999967765808105,0.0,0.0,0.0,0.0,14.285714285714286,10.714285714285714,10.714285714285714,0.0,17.857142857142858,17.857142857142858,0.0,0.0,0.0,0.0,17.857142857142858,0.0,0.0,0.0,10.714285714285714,0.0,1
35,-3,-0.16571428571428573,3960.5873,0.02857142857142857,4.870385551452636,8.571428571428571,11.428571428571429,0.0,11.428571428571429,0.0,2.857142857142857,5.714285714285714,5.714285714285714,0.0,2.857142857142857,11.428571428571429,11.428571428571429,8.571428571428571,2.857142857142857,2.857142857142857,2.857142857142857,2.857142857142857,5.714285714285714,2.857142857142857,0.0,0
15,5,1.2333333333333334,1790.4528,0.0,10.602486610412598,0.0,0.0,0.0,0.0,0.0,0.0,0.0,0.0,33.333333333333336,66.66666666666667,0.0,0.0,0.0,0.0,0.0,0.0,0.0,0.0,0.0,0.0,1
16,1,1.28125,1615.9536,0.0625,8.59094409942627,6.25,0.0,6.25,0.0,6.25,18.75,0.0,12.5,12.5,12.5,0.0,0.0,0.0,0.0,0.0,6.25,0.0,18.75,0.0,0.0,1
23,-1,-0.6304347826086957,2745.1151,0.08695652173913043,5.3203229904174805,0.0,4.3478260869565215,4.3478260869565215,4.3478260869565215,0.0,0.0,4.3478260869565215,13.043478260869565,4.3478260869565215,4.3478260869565215,0.0,0.0,17.391304347826086,17.391304347826086,0.0,4.3478260869565215,8.695652173913043,4.3478260869565215,8.695652173913043,0.0,0
25,6,0.484,2557.0447999999997,0.2,10.699318122863769,56.0,0.0,0.0,0.0,16.0,0.0,0.0,0.0,24.0,0.0,0.0,0.0,0.0,0.0,0.0,0.0,0.0,0.0,4.0,0.0,1
17,1,1.8764705882352941,1764.2413999999999,0.05882352941176471,8.750052070617677,5.882352941176471,0.0,0.0,0.0,5.882352941176471,11.764705882352942,0.0,11.764705882352942,5.882352941176471,35.294117647058826,0.0,0.0,11.764705882352942,0.0,0.0,5.882352941176471,0.0,5.882352941176471,0.0,0.0,1
25,2,0.616,2393.8201999999997,0.0,9.703023719787598,8.0,0.0,4.0,0.0,0.0,20.0,0.0,4.0,12.0,16.0,0.0,0.0,4.0,4.0,0.0,12.0,0.0,16.0,0.0,0.0,1
13,3,1.2692307692307692,1463.8477,0.15384615384615385,10.302063941955566,15.384615384615385,0.0,0.0,0.0,15.384615384615385,0.0,0.0,0.0,23.076923076923077,23.076923076923077,0.0,0.0,0.0,0.0,0.0,7.6923076923076925,0.0,15.384615384615385,0.0,0.0,1
17,1,1.9,1819.3198000000002,0.05882352941176471,8.750052070617677,0.0,0.0,0.0,0.0,5.882352941176471,11.764705882352942,0.0,17.647058823529413,5.882352941176471,29.41176470588235,0.0,5.882352941176471,11.764705882352942,0.0,0.0,0.0,0.0,11.764705882352942,0.0,0.0,1
10,0,1.0799999999999998,1143.3581,0.1,6.741127204895021,0.0,0.0,0.0,0.0,10.0,10.0,10.0,10.0,0.0,10.0,10.0,20.0,0.0,0.0,0.0,0.0,0.0,20.0,0.0,0.0,0
22,1,-1.2272727272727273,2476.7681,0.045454545454545456,8.745539283752443,4.545454545454546,0.0,4.545454545454546,4.545454545454546,0.0,9.090909090909092,0.0,4.545454545454546,4.545454545454546,9.090909090909092,4.545454545454546,18.181818181818183,18.181818181818183,0.0,9.090909090909092,4.545454545454546,0.0,0.0,4.545454545454546,0.0,0
20,5,-0.225,2471.9865999999997,0.1,11.733971214294431,0.0,0.0,5.0,0.0,10.0,5.0,0.0,15.0,15.0,10.0,0.0,5.0,0.0,10.0,15.0,0.0,0.0,10.0,0.0,0.0,1
8,3,0.9124999999999999,968.3202000000001,0.0,10.302063941955566,0.0,0.0,0.0,0.0,0.0,0.0,0.0,0.0,37.5,62.5,0.0,0.0,0.0,0.0,0.0,0.0,0.0,0.0,0.0,0.0,1
9,0,0.22222222222222215,1068.2088999999999,0.1111111111111111,6.907779121398925,11.11111111111111,11.11111111111111,0.0,0.0,11.11111111111111,0.0,22.22222222222222,11.11111111111111,0.0,11.11111111111111,0.0,22.22222222222222,0.0,0.0,0.0,0.0,0.0,0.0,0.0,0.0,0
21,6,-0.3857142857142857,2728.1653,0.2380952380952381,11.71727390289307,4.761904761904762,0.0,0.0,0.0,0.0,4.761904761904762,0.0,0.0,0.0,4.761904761904762,0.0,0.0,0.0,0.0,28.571428571428573,9.523809523809524,0.0,23.80952380952381,9.523809523809524,14.285714285714286,1
7,1,-2.0714285714285716,1031.1276,0.28571428571428575,9.605354118347169,0.0,0.0,0.0,14.285714285714286,14.285714285714286,0.0,14.285714285714286,0.0,0.0,0.0,0.0,0.0,0.0,0.0,28.571428571428573,0.0,14.285714285714286,0.0,14.285714285714286,0.0,0
26,-1,0.8538461538461538,2859.4361,0.038461538461538464,5.9972753524780265,7.6923076923076925,11.538461538461538,3.8461538461538463,3.8461538461538463,3.8461538461538463,7.6923076923076925,7.6923076923076925,15.384615384615385,0.0,7.6923076923076925,7.6923076923076925,0.0,3.8461538461538463,3.8461538461538463,3.8461538461538463,3.8461538461538463,3.8461538461538463,3.8461538461538463,0.0,0.0,0
10,4,-0.14999999999999997,1141.4106,0.0,11.999967765808105,20.0,0.0,0.0,0.0,0.0,0.0,0.0,10.0,20.0,10.0,0.0,0.0,0.0,0.0,20.0,10.0,0.0,10.0,0.0,0.0,1
11,-1,-0.8454545454545456,1442.5801,0.2727272727272727,6.257256889343262,9.090909090909092,0.0,0.0,9.090909090909092,9.090909090909092,0.0,27.272727272727273,0.0,0.0,0.0,0.0,0.0,18.181818181818183,0.0,0.0,0.0,0.0,9.090909090909092,18.181818181818183,0.0,0
26,7,-0.3692307692307692,2865.3748,0.11538461538461539,10.778420829772951,19.23076923076923,0.0,0.0,0.0,7.6923076923076925,0.0,3.8461538461538463,3.8461538461538463,26.923076923076923,3.8461538461538463,0.0,0.0,0.0,0.0,0.0,15.384615384615385,11.538461538461538,3.8461538461538463,3.8461538461538463,0.0,1
25,0,1.284,2504.9667,0.0,7.024071693420409,8.0,0.0,0.0,4.0,0.0,16.0,12.0,4.0,4.0,20.0,0.0,0.0,0.0,0.0,0.0,8.0,0.0,24.0,0.0,0.0,1
37,3,-0.7243243243243244,4364.9632,0.08108108108108109,10.237337684631349,0.0,0.0,8.108108108108109,8.108108108108109,8.108108108108109,10.81081081081081,0.0,8.108108108108109,8.108108108108109,16.216216216216218,0.0,0.0,0.0,5.405405405405405,16.216216216216218,10.81081081081081,0.0,0.0,0.0,0.0,1
51,3,-0.3215686274509804,6131.0544,0.19607843137254902,9.06259479522705,3.9215686274509802,5.882352941176471,1.9607843137254901,3.9215686274509802,7.8431372549019605,5.882352941176471,0.0,1.9607843137254901,3.9215686274509802,5.882352941176471,9.803921568627452,5.882352941176471,1.9607843137254901,0.0,7.8431372549019605,11.764705882352942,9.803921568627452,0.0,7.8431372549019605,3.9215686274509802,0
16,2,0.04374999999999999,2039.4202,0.25,9.526315879821777,6.25,0.0,0.0,6.25,6.25,0.0,0.0,6.25,12.5,12.5,0.0,6.25,6.25,0.0,6.25,0.0,0.0,12.5,6.25,12.5,0
22,5,-0.3318181818181818,2612.1414,0.18181818181818182,10.301548194885253,9.090909090909092,0.0,0.0,0.0,4.545454545454546,9.090909090909092,0.0,4.545454545454546,22.727272727272727,9.090909090909092,4.545454545454546,0.0,0.0,9.090909090909092,0.0,4.545454545454546,4.545454545454546,4.545454545454546,9.090909090909092,4.545454545454546,1
26,1,-1.1307692307692307,3317.6866,0.2692307692307692,8.154879951477053,0.0,3.8461538461538463,0.0,3.8461538461538463,3.8461538461538463,3.8461538461538463,0.0,0.0,3.8461538461538463,0.0,7.6923076923076925,7.6923076923076925,7.6923076923076925,11.538461538461538,3.8461538461538463,11.538461538461538,3.8461538461538463,3.8461538461538463,11.538461538461538,11.538461538461538,0
9,5,-2.9000000000000004,1543.7834,0.4444444444444444,11.999967765808105,0.0,0.0,0.0,0.0,0.0,0.0,0.0,0.0,0.0,0.0,0.0,0.0,0.0,0.0,55.55555555555556,0.0,0.0,0.0,44.44444444444444,0.0,1
16,5,0.34375,1782.2636000000002,0.0625,10.602615547180175,25.0,0.0,0.0,0.0,0.0,0.0,0.0,0.0,31.25,25.0,0.0,0.0,0.0,0.0,0.0,0.0,6.25,6.25,6.25,0.0,1
14,5,-0.9142857142857144,1906.3328,0.07142857142857144,11.999967765808105,0.0,0.0,0.0,0.0,0.0,0.0,21.428571428571427,0.0,14.285714285714286,35.714285714285715,0.0,0.0,0.0,0.0,21.428571428571427,0.0,0.0,0.0,7.142857142857143,0.0,1
45,12,-0.6355555555555555,5190.2472,0.06666666666666667,10.412691688537596,2.2222222222222223,13.333333333333334,0.0,4.444444444444445,6.666666666666667,11.11111111111111,0.0,4.444444444444445,15.555555555555555,8.88888888888889,0.0,4.444444444444445,2.2222222222222223,2.2222222222222223,15.555555555555555,4.444444444444445,2.2222222222222223,2.2222222222222223,0.0,0.0,1
45,2,0.8533333333333333,4136.8633,0.044444444444444446,8.956479835510255,15.555555555555555,4.444444444444445,0.0,0.0,4.444444444444445,26.666666666666668,0.0,2.2222222222222223,2.2222222222222223,13.333333333333334,2.2222222222222223,6.666666666666667,8.88888888888889,0.0,2.2222222222222223,0.0,2.2222222222222223,8.88888888888889,0.0,0.0,1
8,1,-0.6000000000000001,943.1451,0.0,8.231146049499515,0.0,12.5,0.0,0.0,0.0,0.0,12.5,0.0,12.5,12.5,12.5,0.0,12.5,12.5,0.0,12.5,0.0,0.0,0.0,0.0,0
20,8,-0.875,2410.9917,0.05,11.763691139221194,10.0,0.0,0.0,5.0,5.0,5.0,0.0,10.0,30.0,15.0,0.0,5.0,0.0,0.0,15.0,0.0,0.0,0.0,0.0,0.0,1
19,0,0.3052631578947368,2342.6871,0.2631578947368421,6.0014245986938475,5.2631578947368425,0.0,0.0,5.2631578947368425,15.789473684210526,0.0,0.0,5.2631578947368425,5.2631578947368425,10.526315789473685,0.0,0.0,5.2631578947368425,10.526315789473685,0.0,5.2631578947368425,15.789473684210526,5.2631578947368425,10.526315789473685,0.0,0
16,-3,-1.53125,1827.9012000000002,0.125,4.0500284194946286,0.0,6.25,18.75,0.0,6.25,6.25,0.0,0.0,0.0,0.0,6.25,18.75,18.75,6.25,0.0,0.0,6.25,0.0,0.0,6.25,0
10,5,-0.25000000000000006,1292.6972,0.2,10.602486610412598,0.0,0.0,0.0,0.0,20.0,0.0,0.0,0.0,50.0,30.0,0.0,0.0,0.0,0.0,0.0,0.0,0.0,0.0,0.0,0.0,1
34,-6,-1.0058823529411764,4127.3483,0.23529411764705885,4.0500284194946286,2.9411764705882355,2.9411764705882355,14.705882352941176,5.882352941176471,8.823529411764707,5.882352941176471,0.0,0.0,0.0,5.882352941176471,2.9411764705882355,2.9411764705882355,5.882352941176471,8.823529411764707,2.9411764705882355,5.882352941176471,8.823529411764707,0.0,5.882352941176471,8.823529411764707,0
33,4,0.3484848484848485,3548.3307999999997,0.0,9.511359214782715,9.090909090909092,6.0606060606060606,9.090909090909092,0.0,0.0,6.0606060606060606,0.0,18.181818181818183,18.181818181818183,12.121212121212121,3.0303030303030303,0.0,0.0,0.0,3.0303030303030303,9.090909090909092,6.0606060606060606,0.0,0.0,0.0,1
33,3,0.5090909090909091,3462.0457,0.09090909090909091,9.307703590393068,12.121212121212121,6.0606060606060606,3.0303030303030303,0.0,9.090909090909092,6.0606060606060606,0.0,0.0,12.121212121212121,18.181818181818183,0.0,9.090909090909092,0.0,0.0,0.0,12.121212121212121,6.0606060606060606,6.0606060606060606,0.0,0.0,1
34,4,-0.9117647058823529,3878.4401,0.17647058823529413,10.446795463562012,0.0,0.0,0.0,0.0,8.823529411764707,11.764705882352942,0.0,2.9411764705882355,5.882352941176471,2.9411764705882355,0.0,5.882352941176471,29.41176470588235,8.823529411764707,5.882352941176471,0.0,2.9411764705882355,5.882352941176471,2.9411764705882355,5.882352941176471,1
16,1,0.012499999999999956,1973.2974,0.25,8.197493553161618,6.25,6.25,0.0,0.0,18.75,0.0,0.0,6.25,6.25,0.0,12.5,6.25,0.0,18.75,0.0,12.5,0.0,0.0,0.0,6.25,0
15,4,-0.24666666666666667,1810.1941000000002,0.06666666666666667,11.999967765808105,6.666666666666667,0.0,0.0,0.0,0.0,6.666666666666667,0.0,13.333333333333334,13.333333333333334,20.0,0.0,0.0,0.0,13.333333333333334,13.333333333333334,6.666666666666667,0.0,0.0,6.666666666666667,0.0,1
17,6,0.4352941176470588,1855.4004,0.05882352941176471,10.699318122863769,29.41176470588235,0.0,0.0,0.0,5.882352941176471,0.0,0.0,0.0,35.294117647058826,29.41176470588235,0.0,0.0,0.0,0.0,0.0,0.0,0.0,0.0,0.0,0.0,1
23,8,-0.5130434782608696,2669.3273,0.0,11.763691139221194,0.0,0.0,4.3478260869565215,0.0,0.0,8.695652173913043,0.0,17.391304347826086,26.08695652173913,8.695652173913043,4.3478260869565215,0.0,0.0,0.0,13.043478260869565,8.695652173913043,4.3478260869565215,4.3478260869565215,0.0,0.0,1
23,6,-0.5130434782608696,2504.9753,0.08695652173913043,11.38842067718506,17.391304347826086,0.0,0.0,0.0,0.0,17.391304347826086,4.3478260869565215,4.3478260869565215,21.73913043478261,13.043478260869565,0.0,0.0,0.0,4.3478260869565215,4.3478260869565215,4.3478260869565215,0.0,0.0,8.695652173913043,0.0,1
12,7,-3.0,2042.3646999999999,0.41666666666666663,11.999967765808105,0.0,0.0,0.0,0.0,0.0,0.0,0.0,0.0,0.0,0.0,0.0,0.0,0.0,0.0,58.333333333333336,0.0,0.0,0.0,41.666666666666664,0.0,1
17,4,-1.3235294117647058,1947.2658000000001,0.05882352941176471,10.306834602355956,5.882352941176471,5.882352941176471,0.0,5.882352941176471,5.882352941176471,5.882352941176471,0.0,0.0,17.647058823529413,5.882352941176471,0.0,5.882352941176471,11.764705882352942,0.0,11.764705882352942,0.0,17.647058823529413,0.0,0.0,0.0,0
30,5,0.35,3023.6804,0.03333333333333333,10.30167713165283,20.0,0.0,0.0,3.3333333333333335,0.0,16.666666666666668,0.0,3.3333333333333335,20.0,16.666666666666668,3.3333333333333335,3.3333333333333335,0.0,0.0,0.0,3.3333333333333335,0.0,6.666666666666667,3.3333333333333335,0.0,1
24,2,0.27083333333333326,2625.0638,0.08333333333333334,11.000901222229004,8.333333333333334,0.0,0.0,0.0,8.333333333333334,20.833333333333332,16.666666666666668,16.666666666666668,4.166666666666667,8.333333333333334,4.166666666666667,4.166666666666667,0.0,4.166666666666667,4.166666666666667,0.0,0.0,0.0,0.0,0.0,1
20,1,-0.06500000000000006,2367.8206999999998,0.05,8.099566078186037,5.0,10.0,0.0,0.0,5.0,5.0,15.0,15.0,0.0,0.0,15.0,15.0,5.0,5.0,5.0,0.0,0.0,0.0,0.0,0.0,0
10,0,-0.47000000000000003,1130.257,0.0,6.91937427520752,0.0,0.0,10.0,0.0,0.0,10.0,20.0,10.0,0.0,10.0,0.0,0.0,10.0,0.0,10.0,10.0,0.0,10.0,0.0,0.0,0
11,-1,0.05454545454545452,1329.5236,0.18181818181818182,4.0500284194946286,0.0,18.181818181818183,0.0,9.090909090909092,0.0,9.090909090909092,0.0,9.090909090909092,0.0,0.0,9.090909090909092,0.0,0.0,9.090909090909092,0.0,18.181818181818183,0.0,0.0,18.181818181818183,0.0,0
13,0,1.5923076923076922,1396.7152999999998,0.07692307692307693,5.525000190734862,0.0,0.0,0.0,0.0,7.6923076923076925,15.384615384615385,0.0,7.6923076923076925,0.0,46.15384615384615,0.0,15.384615384615385,7.6923076923076925,0.0,0.0,0.0,0.0,0.0,0.0,0.0,1
7,-1,-0.0571428571428572,965.0791,0.4285714285714286,4.0500284194946286,0.0,0.0,14.285714285714286,0.0,14.285714285714286,0.0,0.0,14.285714285714286,0.0,0.0,14.285714285714286,14.285714285714286,0.0,0.0,0.0,0.0,0.0,0.0,0.0,28.571428571428573,0
30,3,0.18999999999999997,3082.7259999999997,0.03333333333333333,9.243170738220215,13.333333333333334,6.666666666666667,3.3333333333333335,3.3333333333333335,3.3333333333333335,16.666666666666668,0.0,0.0,16.666666666666668,16.666666666666668,6.666666666666667,3.3333333333333335,0.0,3.3333333333333335,0.0,3.3333333333333335,0.0,3.3333333333333335,0.0,0.0,1
23,0,0.3565217391304348,2890.4664,0.17391304347826086,6.882315254211425,0.0,8.695652173913043,4.3478260869565215,4.3478260869565215,8.695652173913043,0.0,8.695652173913043,13.043478260869565,8.695652173913043,8.695652173913043,8.695652173913043,4.3478260869565215,0.0,4.3478260869565215,0.0,0.0,4.3478260869565215,4.3478260869565215,0.0,8.695652173913043,0
15,1,-1.3266666666666669,1848.0284000000001,0.13333333333333333,8.612347602844238,0.0,0.0,6.666666666666667,0.0,6.666666666666667,6.666666666666667,20.0,0.0,13.333333333333334,6.666666666666667,0.0,0.0,0.0,13.333333333333334,0.0,6.666666666666667,6.666666666666667,6.666666666666667,6.666666666666667,0.0,0
18,8,-0.4222222222222223,2301.9154,0.0,11.999967765808105,0.0,0.0,0.0,0.0,0.0,5.555555555555555,0.0,5.555555555555555,11.11111111111111,38.888888888888886,0.0,0.0,0.0,5.555555555555555,33.333333333333336,0.0,0.0,0.0,0.0,0.0,1
11,4,0.4545454545454545,1463.8924,0.2727272727272727,10.477740287780762,0.0,0.0,0.0,0.0,18.181818181818183,0.0,0.0,9.090909090909092,36.36363636363637,27.272727272727273,0.0,0.0,0.0,0.0,0.0,0.0,0.0,0.0,9.090909090909092,0.0,1
44,1,-0.4681818181818182,4790.3162999999995,0.11363636363636365,7.772754859924317,4.545454545454546,13.636363636363637,4.545454545454546,4.545454545454546,2.272727272727273,15.909090909090908,2.272727272727273,2.272727272727273,6.818181818181818,2.272727272727273,0.0,9.090909090909092,0.0,0.0,4.545454545454546,6.818181818181818,4.545454545454546,6.818181818181818,4.545454545454546,4.545454545454546,1
14,1,-0.6428571428571429,1817.0838999999999,0.14285714285714288,8.683004951477052,7.142857142857143,7.142857142857143,0.0,7.142857142857143,0.0,0.0,14.285714285714286,7.142857142857143,0.0,7.142857142857143,0.0,7.142857142857143,7.142857142857143,0.0,14.285714285714286,0.0,0.0,7.142857142857143,14.285714285714286,0.0,0
18,5,0.5111111111111111,1866.3402999999998,0.05555555555555555,10.602486610412598,44.44444444444444,0.0,0.0,0.0,0.0,0.0,0.0,0.0,27.77777777777778,22.22222222222222,0.0,0.0,0.0,0.0,0.0,0.0,0.0,0.0,5.555555555555555,0.0,1
4,-1,-1.1,471.5047,0.0,4.0500284194946286,0.0,0.0,0.0,25.0,0.0,0.0,0.0,0.0,0.0,0.0,0.0,0.0,25.0,25.0,0.0,0.0,0.0,25.0,0.0,0.0,0
9,1,-0.2333333333333334,1147.3022,0.3333333333333333,8.197493553161618,0.0,11.11111111111111,0.0,0.0,11.11111111111111,0.0,0.0,0.0,11.11111111111111,11.11111111111111,0.0,11.11111111111111,0.0,0.0,0.0,22.22222222222222,0.0,0.0,11.11111111111111,11.11111111111111,0
15,-5,-0.08000000000000004,1796.9469,0.13333333333333333,4.0500284194946286,0.0,6.666666666666667,13.333333333333334,20.0,6.666666666666667,6.666666666666667,6.666666666666667,13.333333333333334,0.0,13.333333333333334,0.0,0.0,0.0,0.0,0.0,0.0,6.666666666666667,0.0,0.0,6.666666666666667,0
14,0,0.7214285714285714,1614.8177999999998,0.4285714285714286,5.559899330139159,7.142857142857143,7.142857142857143,0.0,0.0,21.428571428571427,21.428571428571427,0.0,7.142857142857143,0.0,0.0,0.0,0.0,7.142857142857143,0.0,0.0,7.142857142857143,0.0,0.0,7.142857142857143,14.285714285714286,0
31,7,-1.164516129032258,3800.4614,0.06451612903225806,11.04370822906494,0.0,0.0,3.225806451612903,9.67741935483871,6.451612903225806,3.225806451612903,0.0,9.67741935483871,19.35483870967742,6.451612903225806,0.0,3.225806451612903,3.225806451612903,3.225806451612903,16.129032258064516,6.451612903225806,3.225806451612903,6.451612903225806,0.0,0.0,1
21,4,-1.2952380952380953,2460.8399,0.047619047619047616,11.999967765808105,0.0,0.0,0.0,0.0,0.0,4.761904761904762,4.761904761904762,9.523809523809524,0.0,0.0,0.0,9.523809523809524,33.333333333333336,4.761904761904762,19.047619047619047,0.0,0.0,9.523809523809524,0.0,4.761904761904762,1
26,7,-0.38076923076923086,3392.0651,0.15384615384615385,11.999967765808105,3.8461538461538463,0.0,0.0,0.0,11.538461538461538,0.0,19.23076923076923,7.6923076923076925,11.538461538461538,19.23076923076923,0.0,0.0,0.0,0.0,15.384615384615385,3.8461538461538463,3.8461538461538463,0.0,3.8461538461538463,0.0,1
28,9,-0.20357142857142857,3198.9042,0.03571428571428572,11.999967765808105,7.142857142857143,0.0,0.0,0.0,0.0,14.285714285714286,3.5714285714285716,14.285714285714286,10.714285714285714,10.714285714285714,0.0,0.0,3.5714285714285716,0.0,21.428571428571427,0.0,3.5714285714285716,7.142857142857143,0.0,3.5714285714285716,1
9,-1,-0.0666666666666667,926.0252,0.0,4.598865699768066,22.22222222222222,0.0,0.0,11.11111111111111,0.0,11.11111111111111,0.0,11.11111111111111,0.0,11.11111111111111,0.0,0.0,11.11111111111111,22.22222222222222,0.0,0.0,0.0,0.0,0.0,0.0,1
31,4,0.006451612903225805,3297.9376,0.0,10.312378883361813,9.67741935483871,3.225806451612903,3.225806451612903,0.0,0.0,6.451612903225806,3.225806451612903,12.903225806451612,9.67741935483871,3.225806451612903,3.225806451612903,0.0,12.903225806451612,6.451612903225806,6.451612903225806,9.67741935483871,0.0,9.67741935483871,0.0,0.0,0
21,-1,0.7095238095238094,2329.7562,0.14285714285714285,4.207870292663575,4.761904761904762,9.523809523809524,9.523809523809524,0.0,9.523809523809524,9.523809523809524,0.0,4.761904761904762,4.761904761904762,4.761904761904762,14.285714285714286,0.0,0.0,0.0,0.0,14.285714285714286,4.761904761904762,4.761904761904762,4.761904761904762,0.0,0
25,-1,1.204,2585.0514,0.0,6.257256889343262,8.0,0.0,0.0,4.0,0.0,8.0,12.0,4.0,0.0,20.0,0.0,0.0,8.0,4.0,0.0,8.0,0.0,24.0,0.0,0.0,1
14,4,0.37857142857142856,1734.1475999999998,0.14285714285714288,9.374363899230957,0.0,28.571428571428573,0.0,0.0,7.142857142857143,7.142857142857143,0.0,0.0,0.0,7.142857142857143,0.0,0.0,0.0,0.0,28.571428571428573,0.0,0.0,14.285714285714286,0.0,7.142857142857143,1
25,2,0.6,2452.9503999999997,0.0,9.703023719787598,8.0,0.0,4.0,0.0,0.0,16.0,0.0,8.0,12.0,16.0,4.0,0.0,8.0,0.0,0.0,12.0,4.0,8.0,0.0,0.0,1
12,2,1.3499999999999999,1279.5691,0.16666666666666669,10.002737236022949,16.666666666666668,0.0,0.0,0.0,16.666666666666668,8.333333333333334,0.0,0.0,16.666666666666668,16.666666666666668,0.0,0.0,0.0,0.0,0.0,8.333333333333334,0.0,16.666666666666668,0.0,0.0,1
13,0,-0.38461538461538464,1640.8819999999998,0.23076923076923078,5.988010597229004,0.0,15.384615384615385,0.0,7.6923076923076925,15.384615384615385,0.0,0.0,0.0,0.0,0.0,0.0,0.0,15.384615384615385,15.384615384615385,7.6923076923076925,0.0,7.6923076923076925,7.6923076923076925,7.6923076923076925,0.0,0
25,-1,0.46399999999999997,2728.0842,0.16,5.4012048721313475,12.0,0.0,0.0,8.0,12.0,12.0,4.0,4.0,0.0,8.0,4.0,0.0,4.0,4.0,4.0,8.0,4.0,8.0,0.0,4.0,0
20,10,-1.525,2477.098,0.0,11.999967765808105,5.0,0.0,0.0,5.0,0.0,5.0,0.0,10.0,35.0,15.0,0.0,5.0,0.0,0.0,20.0,0.0,0.0,0.0,0.0,0.0,1
18,0,0.41666666666666663,2128.5812,0.1111111111111111,6.7344770431518555,0.0,5.555555555555555,5.555555555555555,0.0,5.555555555555555,5.555555555555555,5.555555555555555,5.555555555555555,5.555555555555555,11.11111111111111,11.11111111111111,5.555555555555555,11.11111111111111,5.555555555555555,0.0,0.0,0.0,11.11111111111111,5.555555555555555,0.0,0
16,-1,-0.15000000000000002,1777.0335,0.0,6.006937980651855,12.5,6.25,0.0,12.5,0.0,0.0,12.5,0.0,0.0,6.25,6.25,0.0,12.5,0.0,6.25,6.25,6.25,12.5,0.0,0.0,0
31,2,-0.5161290322580645,3919.5996999999998,0.1935483870967742,9.044865989685057,6.451612903225806,3.225806451612903,3.225806451612903,6.451612903225806,6.451612903225806,0.0,6.451612903225806,3.225806451612903,12.903225806451612,6.451612903225806,6.451612903225806,3.225806451612903,6.451612903225806,3.225806451612903,3.225806451612903,3.225806451612903,0.0,6.451612903225806,9.67741935483871,3.225806451612903,0
15,1,-1.2266666666666668,1769.8735000000001,0.13333333333333333,8.768554496765137,0.0,0.0,6.666666666666667,0.0,13.333333333333334,6.666666666666667,20.0,6.666666666666667,6.666666666666667,0.0,0.0,6.666666666666667,0.0,0.0,6.666666666666667,20.0,6.666666666666667,0.0,0.0,0.0,0
3,0,2.0,321.3931,0.0,5.488964271545409,0.0,33.333333333333336,0.0,0.0,0.0,0.0,0.0,0.0,0.0,0.0,0.0,0.0,0.0,0.0,0.0,0.0,33.333333333333336,33.333333333333336,0.0,0.0,1
25,6,0.40800000000000003,2348.8561999999997,0.04,9.822934913635255,60.0,12.0,0.0,0.0,0.0,0.0,0.0,0.0,24.0,0.0,0.0,0.0,0.0,0.0,0.0,0.0,0.0,0.0,4.0,0.0,1
14,0,-0.42857142857142855,1663.8972999999999,0.14285714285714288,6.762100791931153,7.142857142857143,21.428571428571427,0.0,7.142857142857143,0.0,0.0,7.142857142857143,0.0,7.142857142857143,7.142857142857143,0.0,7.142857142857143,7.142857142857143,0.0,0.0,14.285714285714286,0.0,0.0,14.285714285714286,0.0,0
12,6,-0.7999999999999999,1668.0863,0.16666666666666669,11.999967765808105,0.0,0.0,0.0,0.0,0.0,0.0,0.0,16.666666666666668,25.0,0.0,0.0,0.0,0.0,0.0,25.0,0.0,0.0,16.666666666666668,16.666666666666668,0.0,1
19,7,-1.231578947368421,2639.1101,0.4736842105263158,11.263738822937015,0.0,0.0,0.0,0.0,21.05263157894737,15.789473684210526,0.0,0.0,26.31578947368421,0.0,0.0,0.0,0.0,0.0,10.526315789473685,0.0,0.0,0.0,21.05263157894737,5.2631578947368425,1
7,2,-2.1285714285714286,1083.2468000000001,0.42857142857142855,11.999967765808105,0.0,0.0,0.0,0.0,0.0,0.0,0.0,0.0,0.0,0.0,0.0,0.0,28.571428571428573,0.0,28.571428571428573,0.0,0.0,0.0,42.857142857142854,0.0,1
78,6,-0.23076923076923078,8930.581900000001,0.05128205128205129,9.172642326354982,3.8461538461538463,7.6923076923076925,6.410256410256411,5.128205128205129,2.5641025641025643,5.128205128205129,0.0,11.538461538461538,12.820512820512821,7.6923076923076925,2.5641025641025643,1.2820512820512822,3.8461538461538463,6.410256410256411,6.410256410256411,5.128205128205129,3.8461538461538463,5.128205128205129,1.2820512820512822,1.2820512820512822,1
23,-1,-0.6608695652173914,2805.1717,0.13043478260869565,4.558112144470216,4.3478260869565215,4.3478260869565215,8.695652173913043,4.3478260869565215,8.695652173913043,4.3478260869565215,0.0,4.3478260869565215,0.0,8.695652173913043,8.695652173913043,4.3478260869565215,4.3478260869565215,17.391304347826086,8.695652173913043,0.0,4.3478260869565215,0.0,0.0,4.3478260869565215,0
11,2,0.6636363636363636,1253.4904,0.2727272727272727,10.002737236022949,18.181818181818183,0.0,0.0,0.0,18.181818181818183,9.090909090909092,0.0,0.0,18.181818181818183,9.090909090909092,0.0,0.0,0.0,0.0,0.0,9.090909090909092,0.0,9.090909090909092,9.090909090909092,0.0,1
26,2,-1.0615384615384615,3032.4620999999997,0.038461538461538464,9.186051750183104,7.6923076923076925,3.8461538461538463,3.8461538461538463,7.6923076923076925,0.0,7.6923076923076925,7.6923076923076925,7.6923076923076925,11.538461538461538,7.6923076923076925,3.8461538461538463,7.6923076923076925,3.8461538461538463,3.8461538461538463,7.6923076923076925,3.8461538461538463,0.0,0.0,3.8461538461538463,0.0,0
16,6,-0.41875,1993.4879,0.0625,11.21970691680908,0.0,0.0,0.0,0.0,0.0,6.25,6.25,31.25,25.0,6.25,0.0,6.25,0.0,0.0,12.5,0.0,0.0,0.0,0.0,6.25,1
36,2,-0.033333333333333326,3807.3197,0.05555555555555555,9.978303718566895,25.0,0.0,2.7777777777777777,5.555555555555555,2.7777777777777777,5.555555555555555,0.0,5.555555555555555,5.555555555555555,5.555555555555555,0.0,2.7777777777777777,5.555555555555555,5.555555555555555,8.333333333333334,2.7777777777777777,5.555555555555555,8.333333333333334,2.7777777777777777,0.0,1
14,-1,-0.8571428571428571,1700.9537999999998,0.07142857142857144,4.3702592849731445,0.0,7.142857142857143,7.142857142857143,7.142857142857143,0.0,7.142857142857143,0.0,7.142857142857143,7.142857142857143,7.142857142857143,14.285714285714286,7.142857142857143,0.0,21.428571428571427,0.0,0.0,0.0,0.0,0.0,7.142857142857143,0
18,0,-0.07777777777777779,2215.5311,0.16666666666666669,5.9949449539184565,0.0,5.555555555555555,0.0,5.555555555555555,0.0,5.555555555555555,0.0,11.11111111111111,0.0,11.11111111111111,0.0,11.11111111111111,5.555555555555555,5.555555555555555,5.555555555555555,5.555555555555555,5.555555555555555,5.555555555555555,16.666666666666668,0.0,0
20,-2,0.585,2405.8289,0.1,4.0500284194946286,0.0,0.0,5.0,5.0,0.0,0.0,0.0,10.0,0.0,10.0,10.0,10.0,5.0,10.0,0.0,0.0,5.0,20.0,5.0,5.0,0
22,5,0.31363636363636366,2602.1697,0.13636363636363635,10.56496601104736,9.090909090909092,0.0,0.0,0.0,0.0,4.545454545454546,0.0,13.636363636363637,13.636363636363637,9.090909090909092,0.0,4.545454545454546,4.545454545454546,0.0,9.090909090909092,0.0,4.545454545454546,13.636363636363637,4.545454545454546,9.090909090909092,1
26,5,0.31538461538461526,3153.8498999999997,0.15384615384615385,11.333815956115721,0.0,0.0,0.0,0.0,15.384615384615385,7.6923076923076925,7.6923076923076925,7.6923076923076925,15.384615384615385,26.923076923076923,0.0,0.0,0.0,11.538461538461538,3.8461538461538463,3.8461538461538463,0.0,0.0,0.0,0.0,1
9,4,-0.03333333333333336,1268.5547,0.33333333333333337,11.999967765808105,0.0,0.0,0.0,0.0,33.333333333333336,0.0,0.0,11.11111111111111,11.11111111111111,0.0,0.0,0.0,0.0,0.0,33.333333333333336,0.0,0.0,11.11111111111111,0.0,0.0,1
21,-1,0.3999999999999999,2125.3370999999997,0.19047619047619047,5.240180015563964,4.761904761904762,0.0,0.0,4.761904761904762,9.523809523809524,28.571428571428573,4.761904761904762,9.523809523809524,0.0,0.0,0.0,0.0,9.523809523809524,0.0,0.0,4.761904761904762,4.761904761904762,9.523809523809524,0.0,9.523809523809524,1
29,0,0.25862068965517243,3294.8869999999997,0.10344827586206896,6.0018224716186515,10.344827586206897,6.896551724137931,0.0,6.896551724137931,3.4482758620689653,3.4482758620689653,0.0,3.4482758620689653,3.4482758620689653,3.4482758620689653,13.793103448275861,6.896551724137931,3.4482758620689653,0.0,3.4482758620689653,10.344827586206897,6.896551724137931,6.896551724137931,6.896551724137931,0.0,0
26,5,0.8423076923076922,2795.4932999999996,0.07692307692307693,10.602486610412598,7.6923076923076925,0.0,0.0,0.0,3.8461538461538463,11.538461538461538,0.0,11.538461538461538,19.23076923076923,19.23076923076923,0.0,0.0,3.8461538461538463,0.0,0.0,3.8461538461538463,7.6923076923076925,7.6923076923076925,3.8461538461538463,0.0,1
37,3,-0.1972972972972973,4067.6525,0.1081081081081081,9.820936393737792,8.108108108108109,0.0,8.108108108108109,0.0,2.7027027027027026,16.216216216216218,2.7027027027027026,13.513513513513514,10.81081081081081,5.405405405405405,0.0,2.7027027027027026,2.7027027027027026,2.7027027027027026,5.405405405405405,5.405405405405405,0.0,5.405405405405405,5.405405405405405,2.7027027027027026,1
21,6,0.6285714285714287,2063.616,0.0,10.699318122863769,28.571428571428573,0.0,0.0,0.0,0.0,14.285714285714286,0.0,28.571428571428573,28.571428571428573,0.0,0.0,0.0,0.0,0.0,0.0,0.0,0.0,0.0,0.0,0.0,1
26,5,0.08076923076923076,2802.3568999999998,0.07692307692307693,10.602486610412598,3.8461538461538463,0.0,0.0,0.0,3.8461538461538463,11.538461538461538,0.0,11.538461538461538,19.23076923076923,15.384615384615385,0.0,3.8461538461538463,3.8461538461538463,0.0,0.0,11.538461538461538,11.538461538461538,0.0,3.8461538461538463,0.0,1
20,2,-0.5800000000000001,2456.7599,0.25,8.961830711364748,5.0,10.0,0.0,0.0,10.0,5.0,5.0,0.0,0.0,0.0,0.0,0.0,10.0,10.0,10.0,10.0,5.0,5.0,10.0,5.0,0
12,-1,-0.7166666666666667,1315.3910999999998,0.08333333333333334,4.3702592849731445,16.666666666666668,0.0,8.333333333333334,8.333333333333334,0.0,16.666666666666668,0.0,0.0,0.0,8.333333333333334,0.0,8.333333333333334,0.0,8.333333333333334,8.333333333333334,0.0,0.0,8.333333333333334,8.333333333333334,0.0,0
26,1,-1.5192307692307692,3117.4091999999996,0.11538461538461539,8.479800605773928,7.6923076923076925,0.0,7.6923076923076925,3.8461538461538463,0.0,0.0,3.8461538461538463,3.8461538461538463,11.538461538461538,3.8461538461538463,3.8461538461538463,11.538461538461538,7.6923076923076925,3.8461538461538463,3.8461538461538463,11.538461538461538,3.8461538461538463,0.0,7.6923076923076925,3.8461538461538463,0
16,1,0.05624999999999998,1814.0999000000002,0.0625,8.081966209411618,0.0,12.5,6.25,0.0,0.0,18.75,6.25,25.0,0.0,0.0,0.0,0.0,0.0,6.25,12.5,6.25,0.0,0.0,6.25,0.0,1
42,10,-0.2095238095238095,4543.452499999999,0.047619047619047616,11.362504386901854,14.285714285714286,0.0,2.380952380952381,0.0,4.761904761904762,7.142857142857143,2.380952380952381,11.904761904761905,21.428571428571427,4.761904761904762,0.0,7.142857142857143,4.761904761904762,0.0,4.761904761904762,2.380952380952381,4.761904761904762,7.142857142857143,0.0,0.0,1
21,1,0.057142857142857176,2436.8415,0.14285714285714285,8.052697563171385,4.761904761904762,0.0,0.0,9.523809523809524,0.0,4.761904761904762,0.0,0.0,14.285714285714286,9.523809523809524,0.0,0.0,4.761904761904762,4.761904761904762,0.0,4.761904761904762,4.761904761904762,23.80952380952381,4.761904761904762,9.523809523809524,0
40,2,0.007499999999999974,4422.1381,0.1,8.76900577545166,2.5,5.0,2.5,0.0,2.5,12.5,5.0,10.0,7.5,7.5,5.0,7.5,5.0,5.0,0.0,7.5,2.5,5.0,2.5,5.0,1
28,0,0.21785714285714283,2975.4804000000004,0.0,6.166428184509278,3.5714285714285716,7.142857142857143,3.5714285714285716,7.142857142857143,0.0,10.714285714285714,0.0,7.142857142857143,10.714285714285714,21.428571428571427,0.0,10.714285714285714,0.0,0.0,0.0,0.0,14.285714285714286,3.5714285714285716,0.0,0.0,1
11,-1,-0.10909090909090913,1254.4092,0.09090909090909091,4.531340980529785,9.090909090909092,9.090909090909092,0.0,18.181818181818183,9.090909090909092,0.0,0.0,0.0,9.090909090909092,18.181818181818183,0.0,9.090909090909092,0.0,0.0,0.0,9.090909090909092,9.090909090909092,0.0,0.0,0.0,0
17,1,2.0588235294117645,1792.2945,0.05882352941176471,8.750052070617677,0.0,0.0,0.0,0.0,5.882352941176471,11.764705882352942,0.0,17.647058823529413,5.882352941176471,29.41176470588235,0.0,0.0,11.764705882352942,0.0,0.0,5.882352941176471,0.0,11.764705882352942,0.0,0.0,1
23,3,-0.19565217391304351,2719.1919,0.13043478260869565,10.278081703186032,13.043478260869565,0.0,0.0,4.3478260869565215,0.0,4.3478260869565215,4.3478260869565215,8.695652173913043,8.695652173913043,13.043478260869565,0.0,4.3478260869565215,8.695652173913043,0.0,8.695652173913043,4.3478260869565215,0.0,4.3478260869565215,8.695652173913043,4.3478260869565215,0
7,-1,-1.0714285714285714,888.9635999999999,0.14285714285714288,5.5084032058715815,0.0,0.0,14.285714285714286,14.285714285714286,14.285714285714286,0.0,14.285714285714286,14.285714285714286,14.285714285714286,0.0,0.0,0.0,0.0,0.0,0.0,0.0,14.285714285714286,0.0,0.0,0.0,0
21,3,1.2333333333333332,2048.5579,0.047619047619047616,9.390158653259277,0.0,9.523809523809524,0.0,0.0,4.761904761904762,28.571428571428573,0.0,9.523809523809524,14.285714285714286,14.285714285714286,0.0,0.0,0.0,0.0,0.0,4.761904761904762,0.0,14.285714285714286,0.0,0.0,1
5,0,-1.26,607.6559,0.2,6.0014245986938475,20.0,0.0,0.0,20.0,20.0,0.0,0.0,0.0,20.0,0.0,0.0,20.0,0.0,0.0,0.0,0.0,0.0,0.0,0.0,0.0,0
12,-2,-1.4666666666666668,1584.7709,0.16666666666666669,4.407318305969238,0.0,8.333333333333334,8.333333333333334,25.0,0.0,0.0,0.0,0.0,8.333333333333334,0.0,8.333333333333334,0.0,8.333333333333334,0.0,8.333333333333334,0.0,0.0,8.333333333333334,8.333333333333334,8.333333333333334,0
60,-3,-1.1833333333333333,6979.588900000001,0.08333333333333334,4.794960212707521,3.3333333333333335,0.0,5.0,13.333333333333334,5.0,1.6666666666666667,0.0,6.666666666666667,13.333333333333334,6.666666666666667,0.0,11.666666666666666,3.3333333333333335,8.333333333333334,0.0,6.666666666666667,8.333333333333334,3.3333333333333335,0.0,3.3333333333333335,1
38,0,-1.2236842105263157,3259.1369999999997,0.07894736842105263,7.280188179016113,0.0,0.0,0.0,0.0,0.0,65.78947368421052,21.05263157894737,0.0,0.0,0.0,0.0,5.2631578947368425,0.0,0.0,0.0,0.0,0.0,0.0,0.0,7.894736842105263,1
19,3,-0.7052631578947368,2315.6999,0.10526315789473685,10.289750480651854,5.2631578947368425,0.0,0.0,0.0,0.0,5.2631578947368425,15.789473684210526,5.2631578947368425,10.526315789473685,5.2631578947368425,5.2631578947368425,5.2631578947368425,5.2631578947368425,5.2631578947368425,5.2631578947368425,0.0,5.2631578947368425,10.526315789473685,5.2631578947368425,5.2631578947368425,0
18,6,0.13333333333333336,1923.4346,0.05555555555555555,10.699318122863769,16.666666666666668,0.0,0.0,0.0,0.0,16.666666666666668,0.0,27.77777777777778,33.333333333333336,0.0,0.0,0.0,0.0,0.0,0.0,0.0,0.0,0.0,5.555555555555555,0.0,1
25,2,0.632,2380.7834,0.04,9.703152656555176,24.0,0.0,0.0,4.0,4.0,20.0,4.0,8.0,12.0,16.0,0.0,0.0,0.0,0.0,0.0,8.0,0.0,0.0,0.0,0.0,1
63,8,-0.7698412698412699,6907.0402,0.06349206349206349,8.974530982971192,3.1746031746031744,19.047619047619047,4.761904761904762,4.761904761904762,1.5873015873015872,9.523809523809524,1.5873015873015872,1.5873015873015872,17.46031746031746,4.761904761904762,0.0,3.1746031746031744,4.761904761904762,0.0,4.761904761904762,11.11111111111111,1.5873015873015872,1.5873015873015872,0.0,4.761904761904762,1
26,4,-1.0692307692307692,3316.8446,0.11538461538461539,11.82919101715088,0.0,0.0,0.0,7.6923076923076925,7.6923076923076925,3.8461538461538463,7.6923076923076925,3.8461538461538463,3.8461538461538463,0.0,11.538461538461538,3.8461538461538463,3.8461538461538463,3.8461538461538463,19.23076923076923,7.6923076923076925,3.8461538461538463,7.6923076923076925,3.8461538461538463,0.0,0
17,4,-0.7470588235294118,1981.2618000000002,0.11764705882352942,11.000256538391113,0.0,0.0,0.0,0.0,0.0,17.647058823529413,0.0,11.764705882352942,5.882352941176471,5.882352941176471,0.0,5.882352941176471,0.0,5.882352941176471,17.647058823529413,5.882352941176471,5.882352941176471,5.882352941176471,0.0,11.764705882352942,1
21,6,0.20476190476190476,2136.6683,0.047619047619047616,10.699318122863769,28.571428571428573,0.0,0.0,0.0,0.0,14.285714285714286,0.0,0.0,28.571428571428573,23.80952380952381,0.0,0.0,0.0,0.0,0.0,0.0,0.0,0.0,4.761904761904762,0.0,1
60,0,-0.7200000000000001,7294.1456,0.21666666666666667,6.899935340881348,1.6666666666666667,5.0,5.0,5.0,3.3333333333333335,11.666666666666666,3.3333333333333335,3.3333333333333335,3.3333333333333335,3.3333333333333335,3.3333333333333335,1.6666666666666667,5.0,5.0,6.666666666666667,3.3333333333333335,6.666666666666667,5.0,10.0,8.333333333333334,0
30,1,-0.19000000000000003,3241.7018,0.06666666666666667,8.248165702819826,13.333333333333334,3.3333333333333335,3.3333333333333335,0.0,0.0,13.333333333333334,3.3333333333333335,6.666666666666667,0.0,6.666666666666667,10.0,6.666666666666667,3.3333333333333335,6.666666666666667,6.666666666666667,3.3333333333333335,6.666666666666667,0.0,0.0,6.666666666666667,0
15,3,-1.7866666666666666,1867.0699,0.13333333333333333,9.996096992492678,0.0,0.0,6.666666666666667,0.0,0.0,0.0,0.0,0.0,20.0,6.666666666666667,0.0,6.666666666666667,0.0,13.333333333333334,6.666666666666667,20.0,0.0,6.666666666666667,6.666666666666667,6.666666666666667,1
66,-1,-0.8666666666666667,7799.5176,0.18181818181818182,5.955782890319825,4.545454545454546,4.545454545454546,7.575757575757576,1.5151515151515151,6.0606060606060606,7.575757575757576,3.0303030303030303,3.0303030303030303,4.545454545454546,0.0,4.545454545454546,9.090909090909092,3.0303030303030303,6.0606060606060606,3.0303030303030303,6.0606060606060606,10.606060606060606,3.0303030303030303,9.090909090909092,3.0303030303030303,0
22,2,-0.5136363636363637,2783.2542,0.18181818181818182,9.196495628356931,9.090909090909092,4.545454545454546,0.0,9.090909090909092,0.0,0.0,4.545454545454546,4.545454545454546,13.636363636363637,9.090909090909092,0.0,0.0,4.545454545454546,0.0,4.545454545454546,0.0,13.636363636363637,4.545454545454546,18.181818181818183,0.0,0
15,2,-0.4733333333333334,1807.0874,0.13333333333333333,10.196142387390136,0.0,6.666666666666667,6.666666666666667,6.666666666666667,13.333333333333334,13.333333333333334,0.0,0.0,0.0,6.666666666666667,0.0,0.0,6.666666666666667,0.0,26.666666666666668,0.0,0.0,13.333333333333334,0.0,0.0,1
13,1,1.823076923076923,1383.7596999999998,0.07692307692307693,8.750052070617677,0.0,0.0,0.0,0.0,7.6923076923076925,15.384615384615385,0.0,15.384615384615385,7.6923076923076925,38.46153846153846,0.0,0.0,7.6923076923076925,0.0,0.0,7.6923076923076925,0.0,0.0,0.0,0.0,1
12,0,-0.7333333333333334,1639.8722,0.33333333333333337,6.000685691833495,0.0,0.0,0.0,8.333333333333334,0.0,0.0,0.0,0.0,0.0,0.0,8.333333333333334,8.333333333333334,16.666666666666668,0.0,8.333333333333334,0.0,0.0,16.666666666666668,16.666666666666668,16.666666666666668,0
10,-2,-0.5700000000000001,1216.2982,0.2,4.351218223571778,10.0,0.0,10.0,10.0,10.0,0.0,10.0,0.0,0.0,10.0,0.0,0.0,10.0,0.0,0.0,0.0,20.0,0.0,10.0,0.0,0
7,4,-2.8714285714285714,1173.3744000000002,0.42857142857142855,11.999967765808105,0.0,0.0,0.0,0.0,0.0,0.0,0.0,0.0,14.285714285714286,0.0,0.0,0.0,0.0,0.0,42.857142857142854,0.0,0.0,0.0,42.857142857142854,0.0,1
12,4,1.1166666666666667,1499.9362999999998,0.0,11.526383018493654,0.0,16.666666666666668,0.0,0.0,0.0,0.0,0.0,33.333333333333336,0.0,0.0,0.0,0.0,0.0,0.0,33.333333333333336,0.0,0.0,16.666666666666668,0.0,0.0,1
25,3,-0.336,2930.4727,0.08,9.782190895080564,4.0,4.0,0.0,4.0,0.0,0.0,4.0,0.0,8.0,4.0,8.0,0.0,12.0,4.0,8.0,12.0,4.0,16.0,4.0,4.0,0
39,9,-0.053846153846153884,4480.4015,0.12820512820512822,9.895784187316895,2.5641025641025643,15.384615384615385,2.5641025641025643,0.0,10.256410256410257,7.6923076923076925,0.0,5.128205128205129,12.820512820512821,10.256410256410257,0.0,0.0,2.5641025641025643,0.0,12.820512820512821,12.820512820512821,2.5641025641025643,0.0,0.0,2.5641025641025643,1
21,5,0.33809523809523806,2185.6941,0.047619047619047616,10.602486610412598,4.761904761904762,0.0,0.0,0.0,4.761904761904762,19.047619047619047,0.0,14.285714285714286,23.80952380952381,19.047619047619047,0.0,4.761904761904762,0.0,0.0,0.0,9.523809523809524,0.0,0.0,0.0,0.0,1
18,4,-0.9722222222222222,2188.4859,0.22222222222222224,10.461623191833493,0.0,0.0,5.555555555555555,0.0,16.666666666666668,5.555555555555555,0.0,0.0,22.22222222222222,0.0,0.0,5.555555555555555,0.0,5.555555555555555,5.555555555555555,16.666666666666668,0.0,11.11111111111111,5.555555555555555,0.0,1
25,0,1.236,2545.0305999999996,0.0,7.024071693420409,8.0,0.0,0.0,4.0,0.0,12.0,12.0,4.0,4.0,20.0,0.0,0.0,4.0,0.0,0.0,8.0,0.0,24.0,0.0,0.0,1
21,8,-0.6666666666666666,2657.3212,0.19047619047619047,10.331719398498535,0.0,14.285714285714286,0.0,0.0,9.523809523809524,9.523809523809524,0.0,0.0,28.571428571428573,14.285714285714286,0.0,0.0,0.0,4.761904761904762,9.523809523809524,0.0,0.0,0.0,9.523809523809524,0.0,1
18,2,-0.7444444444444445,2097.3206,0.16666666666666666,9.504783439636231,5.555555555555555,5.555555555555555,0.0,0.0,0.0,16.666666666666668,11.11111111111111,5.555555555555555,0.0,0.0,0.0,0.0,5.555555555555555,5.555555555555555,11.11111111111111,11.11111111111111,0.0,5.555555555555555,11.11111111111111,5.555555555555555,0
12,-4,-2.0416666666666665,1385.3882999999998,0.08333333333333334,4.0500284194946286,0.0,0.0,25.0,8.333333333333334,0.0,0.0,0.0,0.0,0.0,0.0,0.0,8.333333333333334,33.333333333333336,8.333333333333334,0.0,0.0,0.0,8.333333333333334,0.0,8.333333333333334,0
14,0,1.8785714285714286,1405.6790999999998,0.14285714285714288,5.525000190734862,14.285714285714286,0.0,0.0,0.0,14.285714285714286,14.285714285714286,0.0,21.428571428571427,0.0,14.285714285714286,0.0,0.0,7.142857142857143,0.0,0.0,14.285714285714286,0.0,0.0,0.0,0.0,1
11,1,-0.4272727272727273,1312.5579,0.0,8.590106010437015,9.090909090909092,0.0,0.0,18.181818181818183,0.0,0.0,0.0,9.090909090909092,18.181818181818183,18.181818181818183,0.0,9.090909090909092,0.0,0.0,9.090909090909092,0.0,0.0,9.090909090909092,0.0,0.0,1
12,-2,-1.2333333333333334,1526.6288,0.16666666666666669,4.330017280578614,0.0,8.333333333333334,33.333333333333336,0.0,0.0,8.333333333333334,0.0,8.333333333333334,0.0,8.333333333333334,0.0,0.0,0.0,0.0,16.666666666666668,0.0,0.0,0.0,8.333333333333334,8.333333333333334,0
33,1,0.3696969696969697,4034.7496,0.21212121212121213,8.051988410949708,6.0606060606060606,6.0606060606060606,0.0,3.0303030303030303,12.121212121212121,0.0,6.0606060606060606,6.0606060606060606,3.0303030303030303,6.0606060606060606,6.0606060606060606,3.0303030303030303,6.0606060606060606,9.090909090909092,3.0303030303030303,6.0606060606060606,0.0,9.090909090909092,3.0303030303030303,6.0606060606060606,0
26,3,-0.4269230769230769,3001.4894999999997,0.07692307692307693,8.90522747039795,7.6923076923076925,15.384615384615385,3.8461538461538463,3.8461538461538463,0.0,3.8461538461538463,0.0,7.6923076923076925,7.6923076923076925,3.8461538461538463,0.0,7.6923076923076925,3.8461538461538463,0.0,11.538461538461538,3.8461538461538463,7.6923076923076925,3.8461538461538463,3.8461538461538463,3.8461538461538463,1
37,12,-1.0972972972972974,4433.3884,0.05405405405405405,11.537536048889162,2.7027027027027026,0.0,2.7027027027027026,2.7027027027027026,2.7027027027027026,8.108108108108109,0.0,8.108108108108109,24.324324324324323,16.216216216216218,0.0,2.7027027027027026,5.405405405405405,5.405405405405405,13.513513513513514,0.0,2.7027027027027026,0.0,0.0,2.7027027027027026,1
37,-6,-0.5567567567567568,4322.6348,0.13513513513513511,4.135571098327636,8.108108108108109,0.0,10.81081081081081,8.108108108108109,5.405405405405405,5.405405405405405,5.405405405405405,5.405405405405405,0.0,5.405405405405405,2.7027027027027026,2.7027027027027026,2.7027027027027026,8.108108108108109,2.7027027027027026,2.7027027027027026,10.81081081081081,5.405405405405405,5.405405405405405,2.7027027027027026,0
23,3,-0.1,2561.9601,0.13043478260869565,11.000449943542481,8.695652173913043,0.0,0.0,4.3478260869565215,8.695652173913043,17.391304347826086,4.3478260869565215,13.043478260869565,8.695652173913043,0.0,4.3478260869565215,4.3478260869565215,0.0,0.0,8.695652173913043,8.695652173913043,0.0,4.3478260869565215,4.3478260869565215,0.0,1
15,0,0.006666666666666599,2101.496,0.4,6.741127204895021,0.0,0.0,0.0,0.0,6.666666666666667,6.666666666666667,6.666666666666667,6.666666666666667,0.0,6.666666666666667,13.333333333333334,0.0,13.333333333333334,6.666666666666667,0.0,0.0,0.0,0.0,33.333333333333336,0.0,0
13,2,1.2923076923076924,1378.745,0.0,11.000836753845213,0.0,0.0,0.0,0.0,0.0,15.384615384615385,0.0,15.384615384615385,7.6923076923076925,30.76923076923077,0.0,0.0,7.6923076923076925,0.0,7.6923076923076925,7.6923076923076925,0.0,7.6923076923076925,0.0,0.0,1
15,6,-1.06,2131.5588000000002,0.26666666666666666,11.999967765808105,0.0,6.666666666666667,0.0,0.0,13.333333333333334,0.0,0.0,0.0,0.0,6.666666666666667,0.0,0.0,13.333333333333334,0.0,40.0,0.0,0.0,6.666666666666667,13.333333333333334,0.0,1
20,5,0.52,2200.7500999999997,0.1,10.602486610412598,5.0,0.0,0.0,0.0,5.0,15.0,0.0,10.0,25.0,15.0,0.0,0.0,0.0,0.0,0.0,0.0,10.0,10.0,5.0,0.0,1
24,-1,0.39999999999999997,2826.2137,0.25,4.3702592849731445,8.333333333333334,4.166666666666667,4.166666666666667,4.166666666666667,4.166666666666667,16.666666666666668,0.0,0.0,0.0,4.166666666666667,4.166666666666667,4.166666666666667,0.0,0.0,4.166666666666667,0.0,4.166666666666667,16.666666666666668,20.833333333333332,0.0,0
21,-1,0.319047619047619,2489.9092,0.09523809523809523,5.380629158020019,4.761904761904762,4.761904761904762,9.523809523809524,4.761904761904762,4.761904761904762,4.761904761904762,4.761904761904762,19.047619047619047,4.761904761904762,4.761904761904762,4.761904761904762,0.0,0.0,4.761904761904762,4.761904761904762,0.0,9.523809523809524,4.761904761904762,4.761904761904762,0.0,0
29,7,-0.9827586206896551,3600.3638,0.06896551724137931,11.999967765808105,0.0,0.0,0.0,0.0,0.0,0.0,0.0,13.793103448275861,0.0,10.344827586206897,0.0,0.0,37.93103448275862,6.896551724137931,24.137931034482758,0.0,0.0,0.0,6.896551724137931,0.0,1
15,2,-0.76,1733.0405,0.06666666666666667,9.699800300598145,0.0,0.0,6.666666666666667,0.0,0.0,13.333333333333334,0.0,6.666666666666667,20.0,13.333333333333334,6.666666666666667,0.0,0.0,13.333333333333334,0.0,6.666666666666667,6.666666666666667,0.0,6.666666666666667,0.0,1
14,4,-1.792857142857143,2191.4664000000002,0.42857142857142855,11.999967765808105,0.0,0.0,0.0,0.0,21.428571428571427,0.0,28.571428571428573,0.0,0.0,0.0,0.0,0.0,0.0,0.0,28.571428571428573,0.0,0.0,0.0,21.428571428571427,0.0,1
21,5,-0.6047619047619048,2822.2797,0.33333333333333337,11.999967765808105,0.0,0.0,0.0,0.0,19.047619047619047,14.285714285714286,4.761904761904762,4.761904761904762,4.761904761904762,9.523809523809524,0.0,0.0,0.0,9.523809523809524,19.047619047619047,0.0,0.0,0.0,14.285714285714286,0.0,1
26,2,-1.4461538461538461,3026.3282,0.11538461538461539,10.73735446929932,0.0,0.0,3.8461538461538463,0.0,7.6923076923076925,7.6923076923076925,7.6923076923076925,7.6923076923076925,0.0,0.0,0.0,7.6923076923076925,26.923076923076923,7.6923076923076925,11.538461538461538,3.8461538461538463,3.8461538461538463,0.0,0.0,3.8461538461538463,1
7,0,0.3714285714285713,984.1121999999999,0.42857142857142855,7.022423362731933,0.0,0.0,0.0,0.0,42.857142857142854,0.0,42.857142857142854,0.0,0.0,14.285714285714286,0.0,0.0,0.0,0.0,0.0,0.0,0.0,0.0,0.0,0.0,1
22,-2,-0.30909090909090914,2413.7421,0.045454545454545456,4.25265941619873,0.0,4.545454545454546,0.0,13.636363636363637,0.0,9.090909090909092,0.0,4.545454545454546,4.545454545454546,4.545454545454546,9.090909090909092,0.0,9.090909090909092,9.090909090909092,0.0,13.636363636363637,4.545454545454546,9.090909090909092,0.0,4.545454545454546,0
18,-2,-1.5166666666666666,2186.3343,0.22222222222222224,4.360028266906738,0.0,0.0,22.22222222222222,5.555555555555555,16.666666666666668,11.11111111111111,0.0,0.0,16.666666666666668,5.555555555555555,0.0,5.555555555555555,5.555555555555555,5.555555555555555,0.0,0.0,0.0,0.0,5.555555555555555,0.0,1
19,1,0.24736842105263154,1999.3134,0.10526315789473685,8.750052070617677,5.2631578947368425,0.0,0.0,0.0,5.2631578947368425,21.05263157894737,0.0,10.526315789473685,5.2631578947368425,5.2631578947368425,10.526315789473685,0.0,0.0,10.526315789473685,0.0,15.789473684210526,5.2631578947368425,0.0,5.2631578947368425,0.0,1
25,9,-0.43199999999999994,2507.9846,0.04,11.999967765808105,60.0,0.0,0.0,0.0,0.0,0.0,0.0,0.0,24.0,0.0,0.0,0.0,0.0,0.0,12.0,0.0,0.0,0.0,4.0,0.0,1
15,6,0.02666666666666669,1786.2968,0.13333333333333333,10.699318122863769,6.666666666666667,0.0,0.0,0.0,6.666666666666667,6.666666666666667,0.0,6.666666666666667,40.0,13.333333333333334,0.0,0.0,0.0,0.0,0.0,0.0,0.0,13.333333333333334,6.666666666666667,0.0,1
23,-1,0.3565217391304348,2899.4748999999997,0.13043478260869565,4.556577491760254,0.0,4.3478260869565215,8.695652173913043,4.3478260869565215,4.3478260869565215,0.0,0.0,8.695652173913043,4.3478260869565215,8.695652173913043,13.043478260869565,0.0,0.0,13.043478260869565,4.3478260869565215,4.3478260869565215,0.0,13.043478260869565,8.695652173913043,0.0,0
23,3,-0.10869565217391307,2416.8386,0.08695652173913043,10.00138339996338,8.695652173913043,0.0,0.0,4.3478260869565215,8.695652173913043,17.391304347826086,4.3478260869565215,8.695652173913043,17.391304347826086,4.3478260869565215,4.3478260869565215,4.3478260869565215,4.3478260869565215,0.0,0.0,8.695652173913043,0.0,4.3478260869565215,0.0,0.0,1
12,-2,-0.6749999999999999,1314.4446,0.0,4.507184410095214,8.333333333333334,8.333333333333334,0.0,16.666666666666668,0.0,0.0,8.333333333333334,0.0,0.0,0.0,8.333333333333334,0.0,16.666666666666668,8.333333333333334,0.0,16.666666666666668,0.0,8.333333333333334,0.0,0.0,0
9,0,-0.9666666666666666,1031.1457,0.1111111111111111,5.83636417388916,0.0,0.0,11.11111111111111,0.0,0.0,22.22222222222222,0.0,0.0,0.0,0.0,11.11111111111111,11.11111111111111,11.11111111111111,0.0,11.11111111111111,0.0,0.0,11.11111111111111,11.11111111111111,0.0,0
25,2,0.616,2393.8201999999997,0.0,9.703023719787598,8.0,0.0,4.0,0.0,0.0,20.0,0.0,4.0,12.0,16.0,0.0,0.0,4.0,4.0,0.0,12.0,0.0,16.0,0.0,0.0,1
12,0,-2.0500000000000003,1485.5636,0.08333333333333334,7.000938224792479,0.0,16.666666666666668,8.333333333333334,0.0,0.0,0.0,25.0,0.0,8.333333333333334,0.0,0.0,16.666666666666668,0.0,8.333333333333334,0.0,8.333333333333334,0.0,0.0,0.0,8.333333333333334,0
10,-2,-1.46,1191.2724,0.0,4.6879892349243155,10.0,10.0,0.0,40.0,0.0,10.0,0.0,10.0,0.0,0.0,0.0,0.0,0.0,0.0,20.0,0.0,0.0,0.0,0.0,0.0,0
24,3,1.2583333333333333,2628.2913999999996,0.08333333333333334,9.503945350646973,12.5,8.333333333333334,0.0,0.0,8.333333333333334,4.166666666666667,0.0,12.5,8.333333333333334,16.666666666666668,0.0,4.166666666666667,8.333333333333334,4.166666666666667,4.166666666666667,0.0,0.0,8.333333333333334,0.0,0.0,1
19,8,-1.4526315789473685,2637.0993,0.4210526315789474,11.999967765808105,0.0,0.0,0.0,0.0,21.05263157894737,15.789473684210526,0.0,0.0,21.05263157894737,0.0,0.0,0.0,0.0,0.0,21.05263157894737,0.0,0.0,0.0,15.789473684210526,5.2631578947368425,1
12,1,0.5,1218.4017999999999,0.16666666666666669,8.058370780944824,16.666666666666668,16.666666666666668,0.0,0.0,16.666666666666668,8.333333333333334,0.0,0.0,8.333333333333334,0.0,0.0,0.0,8.333333333333334,0.0,0.0,16.666666666666668,8.333333333333334,0.0,0.0,0.0,0
42,-4,-0.7738095238095238,4819.3,0.07142857142857142,4.51144733428955,9.523809523809524,0.0,14.285714285714286,7.142857142857143,0.0,2.380952380952381,2.380952380952381,9.523809523809524,4.761904761904762,9.523809523809524,0.0,4.761904761904762,11.904761904761905,0.0,7.142857142857143,2.380952380952381,4.761904761904762,2.380952380952381,2.380952380952381,4.761904761904762,1
25,4,-0.06800000000000002,2711.1283,0.16,10.176930809020995,16.0,0.0,0.0,0.0,8.0,16.0,12.0,0.0,16.0,8.0,0.0,0.0,0.0,0.0,0.0,4.0,4.0,8.0,4.0,4.0,1
45,1,-0.29555555555555557,5493.371,0.17777777777777778,7.884048271179199,2.2222222222222223,8.88888888888889,8.88888888888889,2.2222222222222223,6.666666666666667,4.444444444444445,6.666666666666667,8.88888888888889,8.88888888888889,2.2222222222222223,4.444444444444445,0.0,4.444444444444445,2.2222222222222223,4.444444444444445,4.444444444444445,4.444444444444445,4.444444444444445,6.666666666666667,4.444444444444445,0
25,1,0.37200000000000005,2465.8432,0.0,8.589977073669434,12.0,0.0,4.0,4.0,0.0,16.0,0.0,4.0,8.0,16.0,0.0,0.0,4.0,4.0,4.0,12.0,0.0,12.0,0.0,0.0,1
23,3,1.382608695652174,2478.1103,0.08695652173913043,9.390158653259277,8.695652173913043,8.695652173913043,0.0,0.0,8.695652173913043,4.3478260869565215,0.0,8.695652173913043,13.043478260869565,21.73913043478261,0.0,4.3478260869565215,4.3478260869565215,0.0,0.0,8.695652173913043,0.0,8.695652173913043,0.0,0.0,1
14,2,-0.29285714285714287,1630.9286,0.14285714285714288,9.199138832092284,7.142857142857143,7.142857142857143,0.0,0.0,0.0,7.142857142857143,0.0,0.0,7.142857142857143,14.285714285714286,7.142857142857143,7.142857142857143,7.142857142857143,0.0,7.142857142857143,0.0,14.285714285714286,0.0,0.0,14.285714285714286,1
24,1,0.20416666666666664,2883.4755,0.125,9.007667732238769,0.0,0.0,0.0,4.166666666666667,8.333333333333334,4.166666666666667,4.166666666666667,12.5,8.333333333333334,0.0,16.666666666666668,4.166666666666667,4.166666666666667,8.333333333333334,0.0,8.333333333333334,4.166666666666667,8.333333333333334,4.166666666666667,0.0,0
9,6,-3.088888888888889,1130.3086,0.0,11.999967765808105,0.0,0.0,0.0,0.0,0.0,11.11111111111111,0.0,0.0,22.22222222222222,0.0,0.0,0.0,0.0,0.0,44.44444444444444,22.22222222222222,0.0,0.0,0.0,0.0,1
13,0,0.6692307692307692,1480.7458,0.15384615384615385,6.069006156921386,7.6923076923076925,0.0,7.6923076923076925,7.6923076923076925,15.384615384615385,7.6923076923076925,0.0,23.076923076923077,15.384615384615385,7.6923076923076925,0.0,0.0,0.0,0.0,0.0,7.6923076923076925,0.0,0.0,0.0,0.0,1
19,4,0.09999999999999995,2259.7010999999998,0.15789473684210525,11.999967765808105,5.2631578947368425,0.0,0.0,0.0,15.789473684210526,10.526315789473685,15.789473684210526,5.2631578947368425,10.526315789473685,10.526315789473685,0.0,0.0,5.2631578947368425,0.0,10.526315789473685,0.0,0.0,10.526315789473685,0.0,0.0,1
9,4,-1.7666666666666666,1444.7285,0.4444444444444444,11.999967765808105,0.0,0.0,0.0,0.0,0.0,0.0,0.0,11.11111111111111,22.22222222222222,0.0,0.0,0.0,0.0,0.0,22.22222222222222,0.0,0.0,0.0,44.44444444444444,0.0,1
26,3,-0.3423076923076923,2944.3599,0.15384615384615385,8.783575630187986,7.6923076923076925,19.23076923076923,0.0,0.0,3.8461538461538463,15.384615384615385,7.6923076923076925,0.0,0.0,0.0,3.8461538461538463,3.8461538461538463,0.0,3.8461538461538463,11.538461538461538,3.8461538461538463,3.8461538461538463,3.8461538461538463,0.0,11.538461538461538,1
15,3,-1.12,2005.3908000000001,0.13333333333333333,10.266412925720214,0.0,0.0,6.666666666666667,0.0,0.0,0.0,0.0,6.666666666666667,6.666666666666667,0.0,20.0,6.666666666666667,0.0,6.666666666666667,20.0,0.0,6.666666666666667,6.666666666666667,0.0,13.333333333333334,0
47,6,-0.47234042553191485,5304.2923,0.0425531914893617,9.081741905212404,2.127659574468085,17.02127659574468,2.127659574468085,6.382978723404255,4.25531914893617,4.25531914893617,2.127659574468085,8.51063829787234,12.76595744680851,4.25531914893617,0.0,2.127659574468085,8.51063829787234,0.0,8.51063829787234,6.382978723404255,10.638297872340425,0.0,0.0,0.0,1
22,1,0.33636363636363636,2538.9811999999997,0.13636363636363635,8.206390190124512,0.0,4.545454545454546,0.0,0.0,9.090909090909092,4.545454545454546,4.545454545454546,4.545454545454546,4.545454545454546,4.545454545454546,13.636363636363637,9.090909090909092,0.0,4.545454545454546,0.0,13.636363636363637,9.090909090909092,9.090909090909092,0.0,4.545454545454546,0
21,3,0.37619047619047613,2486.9530999999997,0.19047619047619047,9.50413875579834,4.761904761904762,9.523809523809524,0.0,0.0,19.047619047619047,0.0,4.761904761904762,4.761904761904762,9.523809523809524,9.523809523809524,0.0,4.761904761904762,4.761904761904762,4.761904761904762,4.761904761904762,9.523809523809524,4.761904761904762,4.761904761904762,0.0,0.0,0
12,1,-0.45,1530.8557999999998,0.08333333333333334,8.74786014556885,0.0,0.0,0.0,8.333333333333334,0.0,0.0,0.0,0.0,8.333333333333334,8.333333333333334,16.666666666666668,8.333333333333334,8.333333333333334,8.333333333333334,8.333333333333334,0.0,0.0,16.666666666666668,8.333333333333334,0.0,0
8,2,-1.725,1063.1693,0.25,11.000836753845213,0.0,0.0,0.0,0.0,25.0,0.0,12.5,0.0,12.5,0.0,0.0,12.5,0.0,12.5,12.5,12.5,0.0,0.0,0.0,0.0,0
19,0,-0.9157894736842106,2317.5998,0.21052631578947367,6.7364095687866214,0.0,10.526315789473685,0.0,10.526315789473685,5.2631578947368425,10.526315789473685,5.2631578947368425,5.2631578947368425,5.2631578947368425,5.2631578947368425,0.0,5.2631578947368425,10.526315789473685,5.2631578947368425,5.2631578947368425,0.0,0.0,0.0,0.0,15.789473684210526,0
37,0,-1.0108108108108107,3928.2806,0.05405405405405405,6.747606849670411,2.7027027027027026,0.0,8.108108108108109,0.0,0.0,16.216216216216218,2.7027027027027026,10.81081081081081,8.108108108108109,5.405405405405405,0.0,10.81081081081081,13.513513513513514,8.108108108108109,0.0,5.405405405405405,2.7027027027027026,0.0,2.7027027027027026,2.7027027027027026,1
28,2,0.8392857142857143,2835.3867,0.03571428571428572,9.529410362243652,32.142857142857146,0.0,7.142857142857143,0.0,0.0,3.5714285714285716,0.0,0.0,14.285714285714286,21.428571428571427,0.0,3.5714285714285716,0.0,0.0,0.0,0.0,3.5714285714285716,10.714285714285714,3.5714285714285716,0.0,1
19,6,-0.8526315789473684,2176.6112,0.10526315789473685,11.38842067718506,15.789473684210526,0.0,0.0,0.0,0.0,15.789473684210526,5.2631578947368425,5.2631578947368425,26.31578947368421,10.526315789473685,0.0,0.0,0.0,5.2631578947368425,5.2631578947368425,0.0,0.0,0.0,10.526315789473685,0.0,1
11,2,-2.272727272727273,1437.584,0.09090909090909091,9.491502952575683,0.0,9.090909090909092,9.090909090909092,9.090909090909092,0.0,0.0,0.0,0.0,9.090909090909092,0.0,0.0,0.0,0.0,0.0,27.272727272727273,9.090909090909092,18.181818181818183,0.0,9.090909090909092,0.0,0
16,-2,-0.90625,2046.3219,0.1875,4.415275764465333,0.0,0.0,18.75,6.25,6.25,0.0,0.0,6.25,12.5,0.0,12.5,0.0,6.25,6.25,0.0,0.0,6.25,6.25,6.25,6.25,0
12,0,-0.5416666666666667,1563.7332,0.33333333333333337,5.994262886047363,0.0,8.333333333333334,0.0,8.333333333333334,16.666666666666668,8.333333333333334,0.0,0.0,0.0,8.333333333333334,0.0,0.0,0.0,16.666666666666668,8.333333333333334,8.333333333333334,0.0,0.0,8.333333333333334,8.333333333333334,0
16,2,0.6437499999999999,1837.2556,0.125,9.703152656555176,12.5,0.0,0.0,0.0,6.25,6.25,6.25,12.5,12.5,6.25,12.5,6.25,0.0,0.0,0.0,0.0,6.25,6.25,0.0,6.25,0
11,2,0.17272727272727265,1476.7652,0.2727272727272727,11.000836753845213,0.0,0.0,0.0,0.0,27.272727272727273,0.0,9.090909090909092,9.090909090909092,9.090909090909092,18.181818181818183,0.0,0.0,0.0,18.181818181818183,9.090909090909092,0.0,0.0,0.0,0.0,0.0,1
18,6,0.13333333333333336,1923.4346,0.05555555555555555,10.699318122863769,16.666666666666668,0.0,0.0,0.0,0.0,16.666666666666668,0.0,27.77777777777778,33.333333333333336,0.0,0.0,0.0,0.0,0.0,0.0,0.0,0.0,0.0,5.555555555555555,0.0,1
26,3,0.47692307692307695,2702.2706999999996,0.0,10.860618019104006,7.6923076923076925,3.8461538461538463,0.0,0.0,0.0,11.538461538461538,3.8461538461538463,15.384615384615385,3.8461538461538463,3.8461538461538463,0.0,3.8461538461538463,19.23076923076923,3.8461538461538463,7.6923076923076925,0.0,0.0,15.384615384615385,0.0,0.0,1
25,6,0.6120000000000001,2336.8205,0.04,10.699318122863769,60.0,0.0,0.0,0.0,0.0,0.0,0.0,0.0,24.0,0.0,0.0,0.0,0.0,0.0,0.0,0.0,0.0,12.0,4.0,0.0,1
27,9,-0.28888888888888886,3170.9489,0.037037037037037035,11.999967765808105,3.7037037037037037,0.0,3.7037037037037037,0.0,3.7037037037037037,7.407407407407407,0.0,14.814814814814815,22.22222222222222,11.11111111111111,3.7037037037037037,0.0,0.0,0.0,14.814814814814815,3.7037037037037037,7.407407407407407,3.7037037037037037,0.0,0.0,1
90,-1,-0.8844444444444446,10865.3706,0.08888888888888889,6.116921424865722,4.444444444444445,2.2222222222222223,8.88888888888889,5.555555555555555,1.1111111111111112,4.444444444444445,2.2222222222222223,3.3333333333333335,6.666666666666667,10.0,10.0,7.777777777777778,2.2222222222222223,7.777777777777778,6.666666666666667,4.444444444444445,2.2222222222222223,2.2222222222222223,5.555555555555555,2.2222222222222223,0
28,6,0.8107142857142857,2861.5564999999997,0.03571428571428572,10.69938259124756,32.142857142857146,0.0,0.0,0.0,0.0,3.5714285714285716,0.0,0.0,21.428571428571427,21.428571428571427,0.0,3.5714285714285716,0.0,0.0,0.0,0.0,3.5714285714285716,10.714285714285714,3.5714285714285716,0.0,1
58,8,-0.7206896551724138,6701.9028,0.10344827586206896,9.342129707336426,5.172413793103448,10.344827586206897,5.172413793103448,5.172413793103448,1.7241379310344827,5.172413793103448,0.0,8.620689655172415,20.689655172413794,1.7241379310344827,0.0,3.4482758620689653,6.896551724137931,1.7241379310344827,3.4482758620689653,1.7241379310344827,5.172413793103448,5.172413793103448,1.7241379310344827,6.896551724137931,1
8,0,-1.975,936.0234,0.0,6.763805961608887,0.0,0.0,0.0,12.5,0.0,12.5,12.5,0.0,12.5,12.5,0.0,0.0,12.5,25.0,0.0,0.0,0.0,0.0,0.0,0.0,1
16,5,0.024999999999999994,1947.3845999999999,0.125,9.880634117126462,0.0,25.0,0.0,0.0,6.25,12.5,0.0,0.0,0.0,6.25,0.0,0.0,0.0,0.0,31.25,0.0,0.0,12.5,0.0,6.25,1
27,3,-0.2074074074074074,3204.7843,0.14814814814814814,9.517806053161618,7.407407407407407,3.7037037037037037,3.7037037037037037,0.0,0.0,3.7037037037037037,0.0,3.7037037037037037,11.11111111111111,7.407407407407407,7.407407407407407,3.7037037037037037,3.7037037037037037,3.7037037037037037,3.7037037037037037,3.7037037037037037,11.11111111111111,7.407407407407407,7.407407407407407,7.407407407407407,0
26,7,-0.13846153846153847,2991.6139,0.11538461538461539,10.778420829772951,7.6923076923076925,0.0,0.0,0.0,7.6923076923076925,0.0,3.8461538461538463,3.8461538461538463,26.923076923076923,15.384615384615385,0.0,0.0,0.0,0.0,0.0,15.384615384615385,11.538461538461538,3.8461538461538463,3.8461538461538463,0.0,1
11,1,-0.08181818181818189,1316.5711,0.18181818181818182,7.999833488464356,0.0,9.090909090909092,0.0,0.0,18.181818181818183,0.0,0.0,0.0,0.0,0.0,18.181818181818183,9.090909090909092,18.181818181818183,0.0,9.090909090909092,18.181818181818183,0.0,0.0,0.0,0.0,0
9,0,-1.2000000000000002,1428.5484000000001,0.6666666666666667,5.524318122863768,0.0,0.0,0.0,0.0,0.0,0.0,0.0,0.0,0.0,0.0,0.0,0.0,0.0,11.11111111111111,0.0,11.11111111111111,11.11111111111111,0.0,55.55555555555556,11.11111111111111,1
26,2,0.8576923076923078,3183.8095,0.23076923076923078,8.859325981140138,7.6923076923076925,7.6923076923076925,3.8461538461538463,0.0,11.538461538461538,0.0,3.8461538461538463,7.6923076923076925,3.8461538461538463,11.538461538461538,3.8461538461538463,0.0,0.0,0.0,7.6923076923076925,7.6923076923076925,3.8461538461538463,7.6923076923076925,3.8461538461538463,7.6923076923076925,0
32,-2,0.709375,3834.5698,0.125,4.7476701736450195,3.125,9.375,6.25,6.25,3.125,0.0,3.125,15.625,3.125,3.125,6.25,0.0,3.125,3.125,3.125,0.0,9.375,12.5,3.125,6.25,0
29,3,0.28620689655172415,2795.2402,0.034482758620689655,10.00138339996338,34.48275862068966,0.0,0.0,3.4482758620689653,0.0,13.793103448275861,0.0,6.896551724137931,13.793103448275861,10.344827586206897,0.0,0.0,0.0,6.896551724137931,0.0,3.4482758620689653,3.4482758620689653,0.0,3.4482758620689653,0.0,1
16,5,-0.09999999999999998,1918.3418000000001,0.125,11.999967765808105,25.0,6.25,0.0,0.0,6.25,0.0,0.0,0.0,6.25,0.0,6.25,0.0,6.25,0.0,25.0,0.0,0.0,12.5,6.25,0.0,1
15,0,0.29999999999999993,1779.1268,0.2,6.068267250061035,0.0,0.0,6.666666666666667,6.666666666666667,13.333333333333334,13.333333333333334,0.0,13.333333333333334,13.333333333333334,6.666666666666667,13.333333333333334,0.0,0.0,0.0,0.0,6.666666666666667,0.0,0.0,0.0,6.666666666666667,0
11,1,0.2454545454545454,1306.5150999999998,0.09090909090909091,9.805528450012208,18.181818181818183,0.0,0.0,0.0,9.090909090909092,0.0,18.181818181818183,0.0,0.0,27.272727272727273,0.0,0.0,0.0,9.090909090909092,9.090909090909092,0.0,9.090909090909092,0.0,0.0,0.0,1
28,2,0.07500000000000002,2998.4986,0.03571428571428572,9.529410362243652,14.285714285714286,0.0,7.142857142857143,0.0,0.0,7.142857142857143,0.0,3.5714285714285716,14.285714285714286,10.714285714285714,3.5714285714285716,10.714285714285714,0.0,3.5714285714285716,0.0,0.0,7.142857142857143,14.285714285714286,3.5714285714285716,0.0,1
11,0,-0.19090909090909094,1152.2623999999998,0.18181818181818182,6.723052406311036,0.0,18.181818181818183,0.0,0.0,9.090909090909092,36.36363636363637,9.090909090909092,0.0,0.0,0.0,0.0,0.0,0.0,9.090909090909092,0.0,0.0,9.090909090909092,0.0,9.090909090909092,0.0,0
4,0,-1.4500000000000002,538.5921000000001,0.5,5.523579216003417,0.0,0.0,0.0,0.0,0.0,0.0,0.0,0.0,0.0,0.0,0.0,0.0,50.0,0.0,0.0,0.0,0.0,0.0,0.0,50.0,1
26,6,-0.09615384615384617,2908.4392,0.11538461538461539,10.699318122863769,11.538461538461538,0.0,0.0,0.0,7.6923076923076925,0.0,3.8461538461538463,3.8461538461538463,23.076923076923077,11.538461538461538,0.0,0.0,0.0,0.0,0.0,19.23076923076923,11.538461538461538,3.8461538461538463,3.8461538461538463,0.0,1
19,2,-1.0789473684210527,2331.6779,0.052631578947368425,9.56596393585205,0.0,5.2631578947368425,0.0,0.0,0.0,0.0,10.526315789473685,5.2631578947368425,5.2631578947368425,0.0,5.2631578947368425,5.2631578947368425,10.526315789473685,21.05263157894737,5.2631578947368425,0.0,10.526315789473685,10.526315789473685,5.2631578947368425,0.0,0
12,-3,-0.6083333333333334,1673.7758999999999,0.41666666666666674,4.0500284194946286,0.0,0.0,16.666666666666668,8.333333333333334,8.333333333333334,0.0,8.333333333333334,8.333333333333334,0.0,0.0,0.0,0.0,0.0,0.0,0.0,0.0,8.333333333333334,8.333333333333334,16.666666666666668,16.666666666666668,0
7,0,0.1714285714285714,908.0759999999999,0.14285714285714288,5.972209358215332,0.0,0.0,0.0,14.285714285714286,14.285714285714286,0.0,0.0,0.0,0.0,14.285714285714286,14.285714285714286,14.285714285714286,0.0,0.0,14.285714285714286,0.0,0.0,14.285714285714286,0.0,0.0,0
19,5,-0.6526315789473685,2620.029,0.368421052631579,11.999967765808105,0.0,0.0,0.0,0.0,21.05263157894737,10.526315789473685,10.526315789473685,10.526315789473685,5.2631578947368425,0.0,0.0,0.0,0.0,0.0,21.05263157894737,5.2631578947368425,0.0,0.0,15.789473684210526,0.0,1
20,2,-0.12000000000000002,2347.7586,0.05,8.883243751525882,5.0,10.0,5.0,5.0,5.0,0.0,5.0,10.0,10.0,10.0,0.0,0.0,0.0,5.0,10.0,10.0,5.0,5.0,0.0,0.0,0
37,4,0.5594594594594594,3675.3671000000004,0.027027027027027025,9.59536151885986,5.405405405405405,5.405405405405405,0.0,2.7027027027027026,2.7027027027027026,18.91891891891892,0.0,2.7027027027027026,13.513513513513514,13.513513513513514,0.0,5.405405405405405,0.0,2.7027027027027026,0.0,8.108108108108109,2.7027027027027026,16.216216216216218,0.0,0.0,1
9,1,-2.011111111111111,1238.3500000000001,0.3333333333333333,8.505201148986817,0.0,0.0,11.11111111111111,0.0,11.11111111111111,0.0,11.11111111111111,0.0,22.22222222222222,0.0,0.0,11.11111111111111,0.0,0.0,0.0,0.0,11.11111111111111,0.0,11.11111111111111,11.11111111111111,0
12,-2,0.09166666666666663,1226.3129,0.08333333333333334,4.0500284194946286,0.0,8.333333333333334,0.0,16.666666666666668,8.333333333333334,25.0,0.0,16.666666666666668,0.0,0.0,0.0,8.333333333333334,0.0,0.0,0.0,8.333333333333334,8.333333333333334,0.0,0.0,0.0,0
16,-4,-0.5437500000000001,1939.0810000000001,0.1875,4.0500284194946286,0.0,0.0,25.0,6.25,6.25,6.25,6.25,18.75,6.25,0.0,0.0,0.0,6.25,0.0,0.0,0.0,0.0,6.25,0.0,12.5,0
15,4,-0.9133333333333333,1768.0713999999998,0.06666666666666667,11.999967765808105,6.666666666666667,0.0,0.0,0.0,0.0,6.666666666666667,0.0,13.333333333333334,13.333333333333334,6.666666666666667,0.0,0.0,6.666666666666667,13.333333333333334,13.333333333333334,13.333333333333334,0.0,0.0,6.666666666666667,0.0,1
45,-4,-0.78,5272.717699999999,0.1111111111111111,4.963942527770995,6.666666666666667,0.0,15.555555555555555,4.444444444444445,6.666666666666667,6.666666666666667,6.666666666666667,2.2222222222222223,2.2222222222222223,6.666666666666667,4.444444444444445,4.444444444444445,2.2222222222222223,2.2222222222222223,8.88888888888889,6.666666666666667,2.2222222222222223,6.666666666666667,4.444444444444445,0.0,0
18,1,0.6722222222222222,1930.2795,0.05555555555555555,8.23965587615967,16.666666666666668,5.555555555555555,0.0,0.0,0.0,11.11111111111111,11.11111111111111,0.0,5.555555555555555,27.77777777777778,0.0,11.11111111111111,0.0,0.0,0.0,0.0,0.0,5.555555555555555,5.555555555555555,0.0,1
37,-1,-0.6567567567567568,4352.7981,0.13513513513513511,6.044281196594238,10.81081081081081,0.0,2.7027027027027026,5.405405405405405,0.0,5.405405405405405,5.405405405405405,10.81081081081081,5.405405405405405,2.7027027027027026,2.7027027027027026,10.81081081081081,2.7027027027027026,8.108108108108109,0.0,2.7027027027027026,8.108108108108109,2.7027027027027026,10.81081081081081,2.7027027027027026,0
26,5,0.38846153846153836,3211.9291,0.15384615384615385,11.333815956115721,3.8461538461538463,0.0,0.0,0.0,15.384615384615385,0.0,7.6923076923076925,7.6923076923076925,15.384615384615385,26.923076923076923,0.0,0.0,0.0,11.538461538461538,3.8461538461538463,3.8461538461538463,3.8461538461538463,0.0,0.0,0.0,1
13,5,-1.5307692307692307,1791.1941,0.23076923076923075,11.999967765808105,0.0,0.0,0.0,0.0,0.0,0.0,0.0,7.6923076923076925,23.076923076923077,7.6923076923076925,0.0,0.0,23.076923076923077,0.0,15.384615384615385,0.0,0.0,0.0,23.076923076923077,0.0,1
44,3,-0.5022727272727273,4872.4664999999995,0.11363636363636365,8.650190544128417,6.818181818181818,13.636363636363637,2.272727272727273,4.545454545454546,2.272727272727273,13.636363636363637,2.272727272727273,2.272727272727273,6.818181818181818,2.272727272727273,0.0,11.363636363636363,0.0,0.0,6.818181818181818,4.545454545454546,4.545454545454546,6.818181818181818,4.545454545454546,4.545454545454546,1
11,0,-0.35454545454545455,1412.6104,0.2727272727272727,5.828008842468263,0.0,9.090909090909092,9.090909090909092,0.0,9.090909090909092,0.0,0.0,18.181818181818183,9.090909090909092,0.0,0.0,18.181818181818183,9.090909090909092,0.0,0.0,0.0,0.0,0.0,9.090909090909092,9.090909090909092,0
13,2,1.2538461538461538,1431.7628,0.15384615384615385,10.002737236022949,15.384615384615385,0.0,0.0,0.0,7.6923076923076925,7.6923076923076925,0.0,0.0,15.384615384615385,23.076923076923077,0.0,0.0,0.0,0.0,0.0,7.6923076923076925,0.0,15.384615384615385,7.6923076923076925,0.0,1
7,5,-3.3857142857142857,1143.3502,0.28571428571428575,11.999967765808105,0.0,0.0,0.0,0.0,0.0,0.0,0.0,0.0,14.285714285714286,0.0,0.0,0.0,0.0,0.0,57.142857142857146,0.0,0.0,0.0,28.571428571428573,0.0,1
22,2,-0.2636363636363636,2266.56,0.0,10.737290000915529,18.181818181818183,0.0,0.0,9.090909090909092,0.0,18.181818181818183,0.0,9.090909090909092,4.545454545454546,9.090909090909092,0.0,4.545454545454546,0.0,4.545454545454546,13.636363636363637,4.545454545454546,0.0,4.545454545454546,0.0,0.0,1
6,3,-1.8833333333333335,950.1392,0.5,11.16626262664795,0.0,0.0,0.0,0.0,16.666666666666668,0.0,0.0,0.0,33.333333333333336,0.0,0.0,0.0,0.0,0.0,16.666666666666668,0.0,0.0,0.0,33.333333333333336,0.0,1
7,4,-2.957142857142857,1201.3878,0.42857142857142855,11.999967765808105,0.0,0.0,0.0,0.0,0.0,0.0,0.0,0.0,0.0,0.0,0.0,0.0,0.0,0.0,57.142857142857146,0.0,0.0,0.0,42.857142857142854,0.0,1
11,3,0.9090909090909091,1183.5267,0.0,10.302063941955566,9.090909090909092,0.0,0.0,0.0,0.0,9.090909090909092,0.0,27.272727272727273,27.272727272727273,18.181818181818183,0.0,0.0,0.0,0.0,0.0,9.090909090909092,0.0,0.0,0.0,0.0,1
7,5,-3.3000000000000003,1115.3368,0.28571428571428575,11.999967765808105,0.0,0.0,0.0,0.0,0.0,0.0,0.0,0.0,28.571428571428573,0.0,0.0,0.0,0.0,0.0,42.857142857142854,0.0,0.0,0.0,28.571428571428573,0.0,1
11,0,-0.2,1298.4895999999999,0.18181818181818182,5.828690910339356,9.090909090909092,9.090909090909092,9.090909090909092,0.0,9.090909090909092,9.090909090909092,0.0,9.090909090909092,9.090909090909092,0.0,9.090909090909092,18.181818181818183,0.0,0.0,0.0,0.0,0.0,0.0,9.090909090909092,0.0,0
21,5,-1.0047619047619047,2619.1160999999997,0.09523809523809523,10.54852657318115,0.0,0.0,4.761904761904762,9.523809523809524,9.523809523809524,4.761904761904762,0.0,14.285714285714286,23.80952380952381,4.761904761904762,0.0,0.0,0.0,4.761904761904762,14.285714285714286,4.761904761904762,0.0,4.761904761904762,0.0,0.0,1
11,2,0.2818181818181818,1304.5771,0.09090909090909091,10.000545310974118,0.0,0.0,0.0,0.0,9.090909090909092,0.0,0.0,18.181818181818183,18.181818181818183,18.181818181818183,0.0,9.090909090909092,0.0,9.090909090909092,0.0,9.090909090909092,9.090909090909092,0.0,0.0,0.0,1
12,6,-0.7583333333333333,1598.9829,0.08333333333333334,11.999967765808105,0.0,0.0,0.0,0.0,8.333333333333334,0.0,0.0,16.666666666666668,16.666666666666668,0.0,0.0,0.0,0.0,8.333333333333334,33.333333333333336,0.0,0.0,16.666666666666668,0.0,0.0,1
18,-1,-0.65,2032.1479,0.2222222222222222,4.0500284194946286,11.11111111111111,5.555555555555555,5.555555555555555,0.0,0.0,5.555555555555555,0.0,0.0,0.0,5.555555555555555,0.0,11.11111111111111,11.11111111111111,0.0,0.0,16.666666666666668,5.555555555555555,0.0,11.11111111111111,11.11111111111111,0
13,0,0.7,1612.9298999999999,0.15384615384615385,6.135337257385253,0.0,7.6923076923076925,0.0,15.384615384615385,7.6923076923076925,0.0,0.0,15.384615384615385,7.6923076923076925,7.6923076923076925,0.0,0.0,0.0,0.0,7.6923076923076925,0.0,7.6923076923076925,15.384615384615385,0.0,7.6923076923076925,0
35,2,-0.06285714285714289,4391.2185,0.17142857142857143,8.53453426361084,2.857142857142857,11.428571428571429,0.0,5.714285714285714,8.571428571428571,2.857142857142857,2.857142857142857,14.285714285714286,2.857142857142857,2.857142857142857,5.714285714285714,2.857142857142857,5.714285714285714,11.428571428571429,8.571428571428571,0.0,2.857142857142857,0.0,5.714285714285714,2.857142857142857,0
11,3,0.3545454545454545,1209.4794,0.18181818181818182,10.302063941955566,18.181818181818183,0.0,0.0,0.0,18.181818181818183,9.090909090909092,0.0,0.0,27.272727272727273,18.181818181818183,0.0,0.0,0.0,0.0,0.0,9.090909090909092,0.0,0.0,0.0,0.0,1
26,1,-0.9230769230769231,3265.546,0.2692307692307693,7.9078371047973635,3.8461538461538463,3.8461538461538463,3.8461538461538463,0.0,3.8461538461538463,0.0,3.8461538461538463,0.0,0.0,0.0,3.8461538461538463,3.8461538461538463,3.8461538461538463,3.8461538461538463,7.6923076923076925,11.538461538461538,19.23076923076923,3.8461538461538463,7.6923076923076925,15.384615384615385,0
11,2,-0.18181818181818182,1367.6794,0.0,9.994291877746583,0.0,0.0,0.0,9.090909090909092,0.0,0.0,0.0,18.181818181818183,18.181818181818183,18.181818181818183,0.0,0.0,0.0,18.181818181818183,9.090909090909092,0.0,0.0,9.090909090909092,0.0,0.0,1
20,0,-0.16000000000000003,2463.8269999999998,0.2,6.0697450637817365,0.0,0.0,5.0,5.0,15.0,0.0,0.0,5.0,5.0,5.0,10.0,10.0,5.0,0.0,5.0,10.0,10.0,5.0,5.0,0.0,0
15,1,-0.7666666666666667,1804.9587000000001,0.26666666666666666,8.605385017395022,6.666666666666667,0.0,0.0,0.0,13.333333333333334,6.666666666666667,13.333333333333334,0.0,6.666666666666667,0.0,0.0,6.666666666666667,6.666666666666667,6.666666666666667,0.0,13.333333333333334,0.0,6.666666666666667,6.666666666666667,6.666666666666667,0
27,3,0.4037037037037037,2841.3464,0.1111111111111111,9.824353218078613,11.11111111111111,0.0,0.0,3.7037037037037037,7.407407407407407,14.814814814814815,0.0,7.407407407407407,14.814814814814815,14.814814814814815,0.0,0.0,0.0,3.7037037037037037,0.0,7.407407407407407,7.407407407407407,3.7037037037037037,0.0,3.7037037037037037,1
43,0,-1.9604651162790696,5254.6847,0.06976744186046512,6.6834924697875975,2.3255813953488373,2.3255813953488373,9.30232558139535,11.627906976744185,2.3255813953488373,4.651162790697675,4.651162790697675,2.3255813953488373,9.30232558139535,2.3255813953488373,4.651162790697675,11.627906976744185,2.3255813953488373,4.651162790697675,11.627906976744185,2.3255813953488373,4.651162790697675,2.3255813953488373,0.0,4.651162790697675,0
20,6,-0.745,2480.9886,0.2,10.398315238952637,5.0,0.0,5.0,0.0,15.0,0.0,5.0,5.0,35.0,10.0,0.0,0.0,0.0,0.0,0.0,10.0,5.0,0.0,5.0,0.0,1
31,3,0.15806451612903227,3260.8294,0.06451612903225806,9.30203037261963,6.451612903225806,6.451612903225806,3.225806451612903,3.225806451612903,3.225806451612903,16.129032258064516,0.0,9.67741935483871,12.903225806451612,6.451612903225806,0.0,6.451612903225806,3.225806451612903,0.0,3.225806451612903,6.451612903225806,0.0,9.67741935483871,3.225806451612903,0.0,1
11,2,-0.06363636363636373,1522.7921999999999,0.36363636363636365,11.000836753845213,0.0,0.0,0.0,0.0,27.272727272727273,0.0,9.090909090909092,0.0,9.090909090909092,18.181818181818183,0.0,0.0,0.0,9.090909090909092,9.090909090909092,0.0,9.090909090909092,0.0,9.090909090909092,0.0,1
12,4,0.9166666666666666,1421.7796999999998,0.0,11.999967765808105,16.666666666666668,0.0,0.0,0.0,0.0,0.0,0.0,16.666666666666668,0.0,8.333333333333334,0.0,0.0,0.0,0.0,33.333333333333336,0.0,0.0,25.0,0.0,0.0,1
43,10,-1.013953488372093,5162.1506,0.16279069767441862,11.999967765808105,0.0,0.0,0.0,0.0,16.27906976744186,2.3255813953488373,0.0,6.976744186046512,0.0,0.0,0.0,2.3255813953488373,46.51162790697674,0.0,23.25581395348837,0.0,0.0,2.3255813953488373,0.0,0.0,1
9,4,-1.5444444444444445,1439.7086,0.5555555555555556,11.999967765808105,0.0,0.0,0.0,0.0,22.22222222222222,0.0,0.0,0.0,22.22222222222222,0.0,0.0,0.0,0.0,0.0,22.22222222222222,0.0,0.0,0.0,33.333333333333336,0.0,1
15,6,0.16666666666666669,1984.491,0.06666666666666667,11.999967765808105,0.0,13.333333333333334,0.0,0.0,0.0,0.0,0.0,13.333333333333334,0.0,6.666666666666667,0.0,0.0,0.0,0.0,40.0,0.0,0.0,20.0,6.666666666666667,0.0,1
13,-1,-1.2538461538461538,1580.676,0.15384615384615385,5.076711082458496,0.0,0.0,7.6923076923076925,0.0,7.6923076923076925,0.0,7.6923076923076925,0.0,0.0,0.0,7.6923076923076925,7.6923076923076925,7.6923076923076925,23.076923076923077,0.0,15.384615384615385,0.0,7.6923076923076925,0.0,7.6923076923076925,0
22,7,-0.36818181818181817,2483.0544,0.0,11.433484077453613,18.181818181818183,0.0,0.0,0.0,0.0,0.0,9.090909090909092,4.545454545454546,27.272727272727273,18.181818181818183,0.0,4.545454545454546,0.0,0.0,4.545454545454546,0.0,9.090909090909092,4.545454545454546,0.0,0.0,1
34,5,0.16470588235294117,3416.9687,0.08823529411764706,9.788895606994629,23.529411764705884,5.882352941176471,0.0,0.0,5.882352941176471,11.764705882352942,0.0,0.0,14.705882352941176,11.764705882352942,0.0,5.882352941176471,0.0,5.882352941176471,0.0,8.823529411764707,0.0,2.9411764705882355,0.0,2.9411764705882355,1
36,5,-0.013888888888888926,4134.8808,0.16666666666666666,9.182377052307132,2.7777777777777777,16.666666666666668,2.7777777777777777,0.0,11.11111111111111,11.11111111111111,5.555555555555555,2.7777777777777777,8.333333333333334,5.555555555555555,0.0,0.0,5.555555555555555,0.0,8.333333333333334,8.333333333333334,2.7777777777777777,2.7777777777777777,5.555555555555555,0.0,1
27,9,-0.1444444444444444,3042.7882999999997,0.07407407407407407,10.903296089172361,11.11111111111111,0.0,0.0,0.0,3.7037037037037037,0.0,0.0,7.407407407407407,33.333333333333336,7.407407407407407,0.0,0.0,3.7037037037037037,0.0,0.0,7.407407407407407,11.11111111111111,11.11111111111111,3.7037037037037037,0.0,1
26,3,-0.02307692307692309,2947.5415,0.038461538461538464,9.38448543548584,7.6923076923076925,7.6923076923076925,0.0,3.8461538461538463,0.0,3.8461538461538463,0.0,11.538461538461538,11.538461538461538,11.538461538461538,3.8461538461538463,3.8461538461538463,3.8461538461538463,7.6923076923076925,3.8461538461538463,3.8461538461538463,11.538461538461538,0.0,3.8461538461538463,0.0,1
24,2,-0.7000000000000001,2987.3302,0.16666666666666669,9.51658115386963,12.5,0.0,4.166666666666667,4.166666666666667,0.0,0.0,4.166666666666667,8.333333333333334,0.0,12.5,0.0,4.166666666666667,0.0,4.166666666666667,16.666666666666668,4.166666666666667,8.333333333333334,0.0,0.0,16.666666666666668,1
31,2,0.1870967741935484,3146.7205000000004,0.0,8.787637138366701,6.451612903225806,6.451612903225806,6.451612903225806,3.225806451612903,0.0,16.129032258064516,0.0,3.225806451612903,16.129032258064516,19.35483870967742,0.0,0.0,0.0,3.225806451612903,0.0,6.451612903225806,6.451612903225806,6.451612903225806,0.0,0.0,1
21,-1,-0.43809523809523815,2460.6761,0.14285714285714285,4.780750465393066,14.285714285714286,4.761904761904762,9.523809523809524,4.761904761904762,9.523809523809524,0.0,0.0,4.761904761904762,0.0,4.761904761904762,0.0,0.0,0.0,9.523809523809524,9.523809523809524,4.761904761904762,19.047619047619047,0.0,4.761904761904762,0.0,0
19,-1,-0.11052631578947371,2345.6776999999997,0.2105263157894737,6.000401496887206,0.0,15.789473684210526,0.0,5.2631578947368425,5.2631578947368425,0.0,10.526315789473685,10.526315789473685,0.0,0.0,0.0,10.526315789473685,15.789473684210526,0.0,0.0,5.2631578947368425,0.0,5.2631578947368425,10.526315789473685,5.2631578947368425,0
23,1,0.25217391304347825,2342.6891,0.043478260869565216,8.497658348083494,17.391304347826086,0.0,4.3478260869565215,4.3478260869565215,0.0,13.043478260869565,0.0,13.043478260869565,13.043478260869565,8.695652173913043,0.0,0.0,0.0,4.3478260869565215,0.0,13.043478260869565,0.0,4.3478260869565215,4.3478260869565215,0.0,1
17,1,-0.6882352941176472,2127.3613,0.29411764705882354,8.596552848815918,0.0,0.0,5.882352941176471,5.882352941176471,17.647058823529413,11.764705882352942,5.882352941176471,0.0,5.882352941176471,0.0,0.0,0.0,5.882352941176471,0.0,11.764705882352942,5.882352941176471,0.0,11.764705882352942,5.882352941176471,5.882352941176471,0
9,0,1.2335811384723961e-17,1015.2043000000001,0.1111111111111111,5.587238883972168,11.11111111111111,0.0,11.11111111111111,0.0,0.0,11.11111111111111,0.0,0.0,11.11111111111111,0.0,22.22222222222222,0.0,0.0,0.0,0.0,0.0,11.11111111111111,11.11111111111111,0.0,11.11111111111111,0
20,7,-0.8400000000000001,2426.8982,0.2,10.778420829772951,5.0,0.0,0.0,0.0,15.0,0.0,5.0,5.0,35.0,5.0,0.0,0.0,0.0,0.0,0.0,20.0,5.0,0.0,5.0,0.0,1
14,-4,-1.4857142857142858,1620.6458,0.14285714285714288,4.0500284194946286,0.0,7.142857142857143,21.428571428571427,14.285714285714286,0.0,7.142857142857143,0.0,0.0,7.142857142857143,0.0,0.0,0.0,7.142857142857143,0.0,0.0,7.142857142857143,7.142857142857143,7.142857142857143,0.0,14.285714285714286,0
118,0,-1.2983050847457627,13698.9898,0.09322033898305085,7.487821006774904,6.779661016949152,1.694915254237288,6.779661016949152,6.779661016949152,1.694915254237288,7.627118644067797,5.932203389830509,4.237288135593221,5.932203389830509,2.542372881355932,3.389830508474576,4.237288135593221,7.627118644067797,7.627118644067797,7.627118644067797,4.237288135593221,5.084745762711864,2.542372881355932,1.694915254237288,5.932203389830509,0
23,9,0.30869565217391304,2579.3901,0.043478260869565216,10.903296089172361,21.73913043478261,0.0,0.0,0.0,4.3478260869565215,0.0,0.0,0.0,39.130434782608695,34.78260869565217,0.0,0.0,0.0,0.0,0.0,0.0,0.0,0.0,0.0,0.0,1
33,4,0.08787878787878789,3541.2133999999996,0.06060606060606061,9.5143892288208,3.0303030303030303,6.0606060606060606,3.0303030303030303,3.0303030303030303,6.0606060606060606,12.121212121212121,0.0,0.0,18.181818181818183,12.121212121212121,3.0303030303030303,12.121212121212121,0.0,0.0,0.0,6.0606060606060606,0.0,15.151515151515152,0.0,0.0,1
44,3,-0.5045454545454545,4858.439899999999,0.11363636363636365,8.650190544128417,6.818181818181818,13.636363636363637,2.272727272727273,4.545454545454546,2.272727272727273,13.636363636363637,2.272727272727273,2.272727272727273,6.818181818181818,2.272727272727273,0.0,11.363636363636363,0.0,0.0,6.818181818181818,6.818181818181818,2.272727272727273,6.818181818181818,4.545454545454546,4.545454545454546,1
15,-1,-0.43333333333333335,1645.8491,0.0,4.684465217590332,0.0,0.0,20.0,6.666666666666667,0.0,6.666666666666667,0.0,13.333333333333334,20.0,6.666666666666667,0.0,0.0,0.0,0.0,0.0,13.333333333333334,0.0,13.333333333333334,0.0,0.0,1
16,1,1.4749999999999999,1598.9662,0.0625,8.750052070617677,6.25,0.0,0.0,0.0,6.25,18.75,0.0,6.25,6.25,37.5,0.0,0.0,6.25,0.0,0.0,12.5,0.0,0.0,0.0,0.0,1
18,7,-0.6611111111111111,2250.7775,0.05555555555555555,11.754278755187986,0.0,0.0,0.0,0.0,0.0,5.555555555555555,5.555555555555555,27.77777777777778,22.22222222222222,5.555555555555555,0.0,5.555555555555555,0.0,0.0,16.666666666666668,0.0,5.555555555555555,0.0,0.0,5.555555555555555,1
15,-1,0.2133333333333333,2004.2666,0.4,5.240180015563964,0.0,0.0,0.0,6.666666666666667,6.666666666666667,6.666666666666667,6.666666666666667,6.666666666666667,0.0,6.666666666666667,6.666666666666667,0.0,0.0,0.0,0.0,13.333333333333334,0.0,6.666666666666667,20.0,13.333333333333334,0
8,4,-1.9625,1034.2176,0.25,11.999967765808105,0.0,0.0,0.0,0.0,12.5,25.0,0.0,0.0,25.0,0.0,0.0,0.0,0.0,0.0,25.0,0.0,0.0,0.0,12.5,0.0,1
13,-1,1.4615384615384615,1406.7086,0.0,4.0500284194946286,0.0,0.0,7.6923076923076925,0.0,0.0,7.6923076923076925,0.0,7.6923076923076925,0.0,46.15384615384615,0.0,15.384615384615385,7.6923076923076925,0.0,0.0,0.0,0.0,7.6923076923076925,0.0,0.0,1
24,4,0.9499999999999998,2678.3502,0.125,9.850656318664551,12.5,8.333333333333334,0.0,0.0,12.5,4.166666666666667,0.0,8.333333333333334,12.5,20.833333333333332,0.0,4.166666666666667,8.333333333333334,0.0,4.166666666666667,0.0,4.166666666666667,0.0,0.0,0.0,1
12,6,-3.85,1777.9652999999998,0.0,11.999967765808105,0.0,0.0,0.0,0.0,0.0,0.0,50.0,0.0,0.0,0.0,0.0,0.0,0.0,0.0,50.0,0.0,0.0,0.0,0.0,0.0,1
36,3,-1.5916666666666668,4564.1317,0.1388888888888889,9.308799552917481,0.0,5.555555555555555,0.0,2.7777777777777777,0.0,11.11111111111111,27.77777777777778,0.0,8.333333333333334,2.7777777777777777,8.333333333333334,2.7777777777777777,2.7777777777777777,5.555555555555555,2.7777777777777777,2.7777777777777777,2.7777777777777777,0.0,11.11111111111111,2.7777777777777777,0
13,2,1.4615384615384615,1316.6308,0.07692307692307693,10.003317451477052,23.076923076923077,0.0,0.0,0.0,7.6923076923076925,7.6923076923076925,0.0,0.0,15.384615384615385,23.076923076923077,0.0,0.0,0.0,0.0,0.0,7.6923076923076925,0.0,15.384615384615385,0.0,0.0,1
5,0,0.019999999999999928,640.7486,0.2,5.524318122863768,0.0,0.0,0.0,0.0,0.0,0.0,0.0,0.0,0.0,20.0,20.0,0.0,0.0,20.0,0.0,20.0,0.0,0.0,0.0,20.0,1
15,-2,-0.6133333333333334,1902.0873000000001,0.2,4.651100730895997,0.0,6.666666666666667,6.666666666666667,13.333333333333334,6.666666666666667,0.0,6.666666666666667,20.0,6.666666666666667,0.0,0.0,6.666666666666667,0.0,6.666666666666667,0.0,6.666666666666667,0.0,0.0,0.0,13.333333333333334,0
64,-4,-0.79375,7287.124000000001,0.078125,4.547426414489746,0.0,12.5,10.9375,7.8125,3.125,7.8125,0.0,4.6875,7.8125,1.5625,0.0,3.125,7.8125,9.375,4.6875,4.6875,0.0,9.375,1.5625,3.125,1
14,3,1.0571428571428572,1523.9444999999998,0.0,10.302063941955566,7.142857142857143,0.0,0.0,0.0,0.0,7.142857142857143,0.0,28.571428571428573,21.428571428571427,21.428571428571427,0.0,7.142857142857143,0.0,0.0,0.0,7.142857142857143,0.0,0.0,0.0,0.0,1
15,-2,-0.43333333333333335,1708.8833,0.06666666666666667,4.0500284194946286,0.0,0.0,6.666666666666667,6.666666666666667,0.0,0.0,0.0,6.666666666666667,0.0,0.0,6.666666666666667,6.666666666666667,13.333333333333334,6.666666666666667,0.0,0.0,26.666666666666668,13.333333333333334,0.0,6.666666666666667,0
39,3,-0.6333333333333333,4836.512,0.20512820512820515,8.964860725402833,5.128205128205129,7.6923076923076925,7.6923076923076925,0.0,0.0,5.128205128205129,0.0,5.128205128205129,7.6923076923076925,7.6923076923076925,2.5641025641025643,5.128205128205129,0.0,5.128205128205129,7.6923076923076925,5.128205128205129,5.128205128205129,2.5641025641025643,10.256410256410257,10.256410256410257,0
22,3,-1.259090909090909,2454.7413,0.045454545454545456,9.382164573669431,0.0,9.090909090909092,4.545454545454546,4.545454545454546,0.0,9.090909090909092,0.0,4.545454545454546,9.090909090909092,4.545454545454546,0.0,4.545454545454546,9.090909090909092,0.0,13.636363636363637,18.181818181818183,4.545454545454546,0.0,0.0,4.545454545454546,1
12,4,0.39166666666666666,1283.6459,0.0,10.477224540710449,25.0,0.0,0.0,0.0,0.0,0.0,0.0,0.0,33.333333333333336,25.0,0.0,0.0,0.0,0.0,0.0,0.0,8.333333333333334,8.333333333333334,0.0,0.0,1
7,1,-2.742857142857143,914.9661,0.0,9.598713874816895,0.0,0.0,14.285714285714286,0.0,0.0,0.0,0.0,0.0,0.0,14.285714285714286,0.0,28.571428571428573,0.0,14.285714285714286,28.571428571428573,0.0,0.0,0.0,0.0,0.0,0
39,5,-0.3,4226.8458,0.025641025641025644,11.567578315734863,17.94871794871795,0.0,2.5641025641025643,2.5641025641025643,0.0,10.256410256410257,2.5641025641025643,10.256410256410257,7.6923076923076925,7.6923076923076925,0.0,2.5641025641025643,0.0,10.256410256410257,10.256410256410257,2.5641025641025643,5.128205128205129,5.128205128205129,2.5641025641025643,0.0,1
22,3,-0.38636363636363635,2606.1634,0.09090909090909091,9.517999458312985,13.636363636363637,4.545454545454546,4.545454545454546,0.0,0.0,4.545454545454546,9.090909090909092,4.545454545454546,13.636363636363637,9.090909090909092,13.636363636363637,0.0,4.545454545454546,4.545454545454546,4.545454545454546,0.0,0.0,0.0,0.0,9.090909090909092,0
12,-2,0.40833333333333327,1290.4180999999999,0.08333333333333334,4.0500284194946286,16.666666666666668,0.0,8.333333333333334,8.333333333333334,8.333333333333334,0.0,0.0,8.333333333333334,0.0,16.666666666666668,0.0,8.333333333333334,8.333333333333334,0.0,0.0,8.333333333333334,8.333333333333334,0.0,0.0,0.0,0
23,3,-0.039130434782608706,2578.0389999999998,0.13043478260869565,10.00138339996338,0.0,0.0,0.0,4.3478260869565215,8.695652173913043,17.391304347826086,4.3478260869565215,17.391304347826086,17.391304347826086,0.0,4.3478260869565215,4.3478260869565215,0.0,0.0,0.0,8.695652173913043,4.3478260869565215,4.3478260869565215,4.3478260869565215,0.0,1
37,6,-1.8837837837837839,4201.6048,0.027027027027027025,11.453211402893068,0.0,2.7027027027027026,2.7027027027027026,0.0,0.0,5.405405405405405,2.7027027027027026,0.0,5.405405405405405,0.0,0.0,8.108108108108109,18.91891891891892,10.81081081081081,13.513513513513514,5.405405405405405,16.216216216216218,5.405405405405405,0.0,2.7027027027027026,0
10,0,-1.8,988.9683,0.0,7.156904411315918,0.0,0.0,0.0,0.0,0.0,50.0,50.0,0.0,0.0,0.0,0.0,0.0,0.0,0.0,0.0,0.0,0.0,0.0,0.0,0.0,1
10,-2,-0.6100000000000001,1293.4035999999999,0.2,4.353093910217285,0.0,0.0,10.0,10.0,0.0,0.0,10.0,10.0,0.0,0.0,10.0,10.0,0.0,0.0,0.0,10.0,0.0,10.0,10.0,10.0,0
26,4,0.9230769230769231,2779.4608999999996,0.0,10.477804756164549,30.76923076923077,0.0,0.0,0.0,0.0,0.0,15.384615384615385,0.0,15.384615384615385,38.46153846153846,0.0,0.0,0.0,0.0,0.0,0.0,0.0,0.0,0.0,0.0,1
46,-4,-0.33695652173913043,5444.1829,0.10869565217391304,4.434146308898925,2.1739130434782608,8.695652173913043,6.521739130434782,8.695652173913043,4.3478260869565215,4.3478260869565215,2.1739130434782608,4.3478260869565215,2.1739130434782608,4.3478260869565215,6.521739130434782,2.1739130434782608,4.3478260869565215,10.869565217391305,4.3478260869565215,2.1739130434782608,6.521739130434782,8.695652173913043,2.1739130434782608,4.3478260869565215,0
26,1,-0.5230769230769231,3052.5096,0.11538461538461539,7.8713479995727536,3.8461538461538463,15.384615384615385,0.0,7.6923076923076925,0.0,3.8461538461538463,0.0,3.8461538461538463,3.8461538461538463,3.8461538461538463,3.8461538461538463,7.6923076923076925,7.6923076923076925,3.8461538461538463,7.6923076923076925,7.6923076923076925,3.8461538461538463,3.8461538461538463,3.8461538461538463,7.6923076923076925,0
13,6,-1.5769230769230769,2107.4743000000003,0.46153846153846156,11.999967765808105,0.0,0.0,0.0,0.0,15.384615384615385,0.0,0.0,7.6923076923076925,0.0,0.0,0.0,0.0,0.0,0.0,46.15384615384615,0.0,0.0,0.0,30.76923076923077,0.0,1
54,0,-0.6796296296296297,6846.868200000001,0.1851851851851852,6.98303394317627,1.8518518518518519,9.25925925925926,5.555555555555555,11.11111111111111,1.8518518518518519,1.8518518518518519,5.555555555555555,3.7037037037037037,9.25925925925926,7.407407407407407,3.7037037037037037,0.0,1.8518518518518519,0.0,7.407407407407407,1.8518518518518519,5.555555555555555,5.555555555555555,3.7037037037037037,12.962962962962964,0
21,6,0.18571428571428572,2196.6373,0.1904761904761905,10.699318122863769,52.38095238095238,0.0,0.0,0.0,14.285714285714286,0.0,0.0,0.0,28.571428571428573,0.0,0.0,0.0,0.0,0.0,0.0,0.0,0.0,0.0,4.761904761904762,0.0,1
11,2,0.2363636363636363,1471.7486999999999,0.2727272727272727,11.000901222229004,0.0,0.0,0.0,0.0,27.272727272727273,0.0,18.181818181818183,9.090909090909092,9.090909090909092,9.090909090909092,0.0,0.0,0.0,9.090909090909092,9.090909090909092,0.0,0.0,9.090909090909092,0.0,0.0,1
17,2,0.27058823529411763,1911.2912999999999,0.05882352941176471,9.703023719787598,11.764705882352942,0.0,0.0,5.882352941176471,0.0,5.882352941176471,0.0,17.647058823529413,17.647058823529413,11.764705882352942,0.0,5.882352941176471,0.0,5.882352941176471,0.0,5.882352941176471,0.0,5.882352941176471,5.882352941176471,0.0,1
12,1,-1.05,1444.6326,0.16666666666666669,8.50500774383545,0.0,0.0,8.333333333333334,0.0,0.0,8.333333333333334,8.333333333333334,0.0,16.666666666666668,16.666666666666668,0.0,0.0,8.333333333333334,0.0,0.0,8.333333333333334,8.333333333333334,0.0,8.333333333333334,8.333333333333334,0
14,-2,0.85,1644.9714999999999,0.14285714285714288,4.0500284194946286,14.285714285714286,0.0,7.142857142857143,7.142857142857143,7.142857142857143,0.0,0.0,14.285714285714286,0.0,0.0,21.428571428571427,7.142857142857143,7.142857142857143,0.0,0.0,0.0,0.0,7.142857142857143,0.0,7.142857142857143,0
26,7,-0.023076923076923075,2961.5879,0.11538461538461539,10.778420829772951,11.538461538461538,0.0,0.0,0.0,7.6923076923076925,0.0,3.8461538461538463,3.8461538461538463,26.923076923076923,11.538461538461538,0.0,0.0,0.0,0.0,0.0,11.538461538461538,11.538461538461538,7.6923076923076925,3.8461538461538463,0.0,1
24,3,-1.1416666666666668,3038.4662,0.16666666666666669,9.783996009826659,0.0,4.166666666666667,4.166666666666667,0.0,8.333333333333334,4.166666666666667,4.166666666666667,4.166666666666667,8.333333333333334,8.333333333333334,4.166666666666667,8.333333333333334,4.166666666666667,16.666666666666668,8.333333333333334,4.166666666666667,0.0,0.0,4.166666666666667,4.166666666666667,0
13,1,1.9,1367.7819,0.0,8.720009803771973,7.6923076923076925,0.0,0.0,0.0,0.0,7.6923076923076925,0.0,7.6923076923076925,7.6923076923076925,38.46153846153846,7.6923076923076925,0.0,7.6923076923076925,0.0,0.0,7.6923076923076925,0.0,7.6923076923076925,0.0,0.0,1
22,1,-0.5090909090909091,2347.6524999999997,0.09090909090909091,8.761849784851073,18.181818181818183,0.0,4.545454545454546,0.0,9.090909090909092,9.090909090909092,9.090909090909092,4.545454545454546,4.545454545454546,0.0,4.545454545454546,0.0,18.181818181818183,4.545454545454546,4.545454545454546,0.0,9.090909090909092,0.0,0.0,0.0,0
18,5,-0.31666666666666665,1923.2721999999999,0.05555555555555555,11.733971214294431,16.666666666666668,0.0,0.0,0.0,0.0,22.22222222222222,5.555555555555555,5.555555555555555,11.11111111111111,11.11111111111111,0.0,0.0,0.0,0.0,16.666666666666668,0.0,0.0,5.555555555555555,0.0,5.555555555555555,1
6,-1,-0.09999999999999998,671.7396,0.0,4.598695182800292,0.0,0.0,0.0,16.666666666666668,0.0,0.0,0.0,16.666666666666668,0.0,0.0,0.0,16.666666666666668,16.666666666666668,0.0,0.0,0.0,16.666666666666668,16.666666666666668,0.0,0.0,0
15,2,-0.7,1965.2589000000003,0.26666666666666666,9.699929237365723,0.0,0.0,0.0,6.666666666666667,13.333333333333334,6.666666666666667,6.666666666666667,6.666666666666667,13.333333333333334,6.666666666666667,0.0,6.666666666666667,0.0,6.666666666666667,6.666666666666667,0.0,0.0,6.666666666666667,6.666666666666667,6.666666666666667,0
36,-1,-0.4444444444444444,4267.8029,0.16666666666666666,6.428342247009277,11.11111111111111,8.333333333333334,2.7777777777777777,8.333333333333334,11.11111111111111,0.0,11.11111111111111,2.7777777777777777,8.333333333333334,0.0,2.7777777777777777,2.7777777777777777,5.555555555555555,5.555555555555555,0.0,5.555555555555555,2.7777777777777777,5.555555555555555,2.7777777777777777,2.7777777777777777,0
11,0,-0.9727272727272728,1365.4497,0.18181818181818182,6.460569953918457,0.0,0.0,9.090909090909092,0.0,9.090909090909092,0.0,9.090909090909092,0.0,0.0,18.181818181818183,0.0,18.181818181818183,0.0,0.0,9.090909090909092,18.181818181818183,0.0,0.0,0.0,9.090909090909092,0
35,2,-0.42571428571428577,4158.8146,0.02857142857142857,9.501882362365723,2.857142857142857,2.857142857142857,2.857142857142857,2.857142857142857,2.857142857142857,0.0,11.428571428571429,2.857142857142857,2.857142857142857,11.428571428571429,8.571428571428571,8.571428571428571,2.857142857142857,5.714285714285714,8.571428571428571,5.714285714285714,8.571428571428571,8.571428571428571,0.0,0.0,0
23,-4,0.3217391304347826,2892.217,0.30434782608695654,4.0500284194946286,0.0,4.3478260869565215,13.043478260869565,4.3478260869565215,8.695652173913043,4.3478260869565215,4.3478260869565215,8.695652173913043,0.0,4.3478260869565215,4.3478260869565215,4.3478260869565215,0.0,0.0,0.0,4.3478260869565215,0.0,13.043478260869565,4.3478260869565215,17.391304347826086,0
6,4,-2.9499999999999997,870.0183,0.0,11.999967765808105,0.0,0.0,0.0,0.0,0.0,0.0,0.0,0.0,0.0,16.666666666666668,0.0,16.666666666666668,0.0,0.0,66.66666666666667,0.0,0.0,0.0,0.0,0.0,0
11,1,1.3636363636363635,1238.4757,0.2727272727272727,8.750052070617677,18.181818181818183,0.0,0.0,0.0,18.181818181818183,9.090909090909092,0.0,0.0,9.090909090909092,18.181818181818183,0.0,0.0,0.0,0.0,0.0,9.090909090909092,0.0,9.090909090909092,9.090909090909092,0.0,1
44,1,-0.5613636363636364,5340.0286,0.11363636363636365,8.319919013977053,4.545454545454546,0.0,6.818181818181818,2.272727272727273,2.272727272727273,2.272727272727273,11.363636363636363,9.090909090909092,2.272727272727273,0.0,9.090909090909092,4.545454545454546,2.272727272727273,2.272727272727273,9.090909090909092,11.363636363636363,2.272727272727273,9.090909090909092,4.545454545454546,4.545454545454546,0
11,2,0.6272727272727272,1267.517,0.2727272727272727,10.002737236022949,18.181818181818183,0.0,0.0,0.0,18.181818181818183,9.090909090909092,0.0,0.0,18.181818181818183,18.181818181818183,0.0,0.0,0.0,0.0,0.0,9.090909090909092,0.0,0.0,9.090909090909092,0.0,1
12,4,1.0750000000000002,1410.8314,0.08333333333333334,10.477740287780762,0.0,0.0,0.0,0.0,0.0,0.0,0.0,0.0,33.333333333333336,0.0,0.0,0.0,0.0,0.0,0.0,0.0,0.0,58.333333333333336,8.333333333333334,0.0,1
28,-2,-0.9785714285714285,3161.5049,0.03571428571428572,4.8915864944458,0.0,7.142857142857143,14.285714285714286,7.142857142857143,3.5714285714285716,10.714285714285714,3.5714285714285716,3.5714285714285716,7.142857142857143,3.5714285714285716,3.5714285714285716,3.5714285714285716,7.142857142857143,3.5714285714285716,7.142857142857143,0.0,7.142857142857143,7.142857142857143,0.0,0.0,0
9,2,-0.6666666666666666,1164.4189000000001,0.2222222222222222,10.002737236022949,0.0,0.0,0.0,0.0,11.11111111111111,0.0,0.0,0.0,22.22222222222222,11.11111111111111,11.11111111111111,11.11111111111111,11.11111111111111,0.0,0.0,0.0,11.11111111111111,0.0,11.11111111111111,0.0,0
31,0,-0.3032258064516129,3830.4633000000003,0.1935483870967742,6.890670585632326,3.225806451612903,9.67741935483871,9.67741935483871,0.0,6.451612903225806,3.225806451612903,6.451612903225806,0.0,6.451612903225806,3.225806451612903,12.903225806451612,6.451612903225806,3.225806451612903,0.0,3.225806451612903,3.225806451612903,3.225806451612903,6.451612903225806,6.451612903225806,6.451612903225806,0
21,6,-0.6380952380952382,2434.8474,0.047619047619047616,11.999967765808105,4.761904761904762,0.0,0.0,0.0,4.761904761904762,9.523809523809524,4.761904761904762,0.0,4.761904761904762,14.285714285714286,0.0,0.0,4.761904761904762,4.761904761904762,23.80952380952381,9.523809523809524,4.761904761904762,9.523809523809524,0.0,0.0,1
25,4,-0.8,2997.5038999999997,0.12,11.722947120666507,8.0,0.0,0.0,4.0,4.0,8.0,4.0,4.0,8.0,8.0,8.0,8.0,8.0,0.0,12.0,4.0,4.0,0.0,8.0,0.0,0
20,3,0.9650000000000001,1893.2777,0.0,10.302063941955566,40.0,0.0,0.0,0.0,0.0,5.0,0.0,0.0,15.0,15.0,0.0,10.0,0.0,0.0,0.0,0.0,0.0,15.0,0.0,0.0,1
8,-1,-0.675,1019.0671,0.25,5.968742179870605,0.0,0.0,12.5,0.0,12.5,0.0,25.0,12.5,0.0,0.0,0.0,0.0,0.0,0.0,0.0,12.5,12.5,0.0,0.0,12.5,0
7,1,0.05714285714285713,971.1551000000001,0.28571428571428575,9.750021171569824,0.0,0.0,0.0,0.0,0.0,0.0,0.0,28.571428571428573,0.0,0.0,0.0,0.0,14.285714285714286,0.0,14.285714285714286,0.0,14.285714285714286,0.0,28.571428571428573,0.0,0
12,3,-2.216666666666667,1564.7115,0.16666666666666669,11.000578880310059,8.333333333333334,0.0,0.0,0.0,8.333333333333334,8.333333333333334,25.0,0.0,8.333333333333334,0.0,0.0,0.0,0.0,16.666666666666668,16.666666666666668,0.0,0.0,0.0,0.0,8.333333333333334,1
6,3,-3.85,897.9902999999999,0.0,11.999967765808105,0.0,0.0,0.0,0.0,0.0,0.0,50.0,0.0,0.0,0.0,0.0,0.0,0.0,0.0,50.0,0.0,0.0,0.0,0.0,0.0,1
13,5,-1.6384615384615384,1780.1316,0.15384615384615385,11.724107551574708,0.0,7.6923076923076925,0.0,0.0,7.6923076923076925,0.0,0.0,0.0,15.384615384615385,0.0,7.6923076923076925,7.6923076923076925,0.0,15.384615384615385,23.076923076923077,0.0,0.0,7.6923076923076925,7.6923076923076925,0.0,1
12,4,0.9166666666666666,1421.7796999999998,0.0,11.999967765808105,16.666666666666668,0.0,0.0,0.0,0.0,0.0,0.0,16.666666666666668,0.0,8.333333333333334,0.0,0.0,0.0,0.0,33.333333333333336,0.0,0.0,25.0,0.0,0.0,1
11,3,-0.20909090909090908,1338.6414,0.0,11.16626262664795,0.0,0.0,0.0,0.0,0.0,0.0,0.0,9.090909090909092,18.181818181818183,18.181818181818183,0.0,9.090909090909092,0.0,18.181818181818183,9.090909090909092,0.0,0.0,18.181818181818183,0.0,0.0,1
16,1,-0.30000000000000004,2048.3408,0.3125,8.430933570861818,6.25,0.0,0.0,6.25,12.5,6.25,0.0,18.75,12.5,0.0,0.0,6.25,0.0,12.5,0.0,0.0,0.0,0.0,6.25,12.5,0
26,-2,-0.10769230769230773,3291.7056,0.2692307692307693,4.618020439147949,0.0,7.6923076923076925,3.8461538461538463,11.538461538461538,15.384615384615385,0.0,0.0,3.8461538461538463,3.8461538461538463,7.6923076923076925,0.0,7.6923076923076925,3.8461538461538463,3.8461538461538463,3.8461538461538463,3.8461538461538463,3.8461538461538463,7.6923076923076925,3.8461538461538463,7.6923076923076925,0
25,4,0.596,2651.2619,0.04,9.699606895446777,4.0,8.0,0.0,0.0,4.0,12.0,0.0,4.0,16.0,16.0,4.0,8.0,0.0,4.0,0.0,8.0,0.0,12.0,0.0,0.0,1
23,4,0.8652173913043477,2461.0418999999997,0.043478260869565216,9.850656318664551,8.695652173913043,8.695652173913043,0.0,0.0,4.3478260869565215,4.3478260869565215,0.0,8.695652173913043,13.043478260869565,17.391304347826086,0.0,4.3478260869565215,4.3478260869565215,0.0,4.3478260869565215,13.043478260869565,0.0,8.695652173913043,0.0,0.0,1
22,6,-0.05909090909090911,2464.051,0.0,11.38848514556885,18.181818181818183,0.0,0.0,0.0,0.0,0.0,9.090909090909092,4.545454545454546,22.727272727272727,22.727272727272727,0.0,4.545454545454546,4.545454545454546,0.0,4.545454545454546,0.0,4.545454545454546,4.545454545454546,0.0,0.0,1
11,4,-1.8090909090909089,1548.8164,0.18181818181818182,11.999967765808105,0.0,0.0,0.0,0.0,9.090909090909092,0.0,0.0,0.0,9.090909090909092,0.0,9.090909090909092,9.090909090909092,0.0,18.181818181818183,27.272727272727273,0.0,0.0,9.090909090909092,9.090909090909092,0.0,1
25,3,-0.8640000000000001,3111.5137999999997,0.16,9.81629467010498,12.0,0.0,4.0,4.0,0.0,0.0,4.0,8.0,4.0,12.0,0.0,4.0,4.0,4.0,16.0,4.0,4.0,0.0,0.0,16.0,1
12,1,0.25,1237.3621,0.08333333333333334,9.410143852233887,16.666666666666668,0.0,0.0,0.0,8.333333333333334,8.333333333333334,0.0,0.0,0.0,8.333333333333334,0.0,0.0,0.0,8.333333333333334,8.333333333333334,16.666666666666668,16.666666666666668,8.333333333333334,0.0,0.0,0
14,3,-0.4857142857142857,1431.6389,0.07142857142857144,10.302321815490721,50.0,0.0,0.0,0.0,7.142857142857143,0.0,0.0,0.0,21.428571428571427,0.0,0.0,0.0,0.0,21.428571428571427,0.0,0.0,0.0,0.0,0.0,0.0,1
22,-2,0.031818181818181766,2537.0053,0.13636363636363635,4.137446784973144,4.545454545454546,0.0,4.545454545454546,9.090909090909092,9.090909090909092,4.545454545454546,0.0,9.090909090909092,0.0,4.545454545454546,9.090909090909092,0.0,31.818181818181817,0.0,4.545454545454546,0.0,0.0,4.545454545454546,4.545454545454546,0.0,1
15,-1,-0.36000000000000004,1689.9679,0.0,4.782910346984862,13.333333333333334,0.0,13.333333333333334,13.333333333333334,0.0,0.0,0.0,0.0,20.0,20.0,6.666666666666667,0.0,0.0,0.0,0.0,6.666666666666667,0.0,6.666666666666667,0.0,0.0,1
9,-2,-0.4111111111111112,1091.2176,0.1111111111111111,4.353093910217285,0.0,22.22222222222222,11.11111111111111,11.11111111111111,11.11111111111111,0.0,11.11111111111111,0.0,0.0,11.11111111111111,0.0,0.0,11.11111111111111,11.11111111111111,0.0,0.0,0.0,0.0,0.0,0.0,0
15,4,-0.3266666666666667,1850.2580000000003,0.06666666666666667,11.999967765808105,6.666666666666667,0.0,0.0,0.0,0.0,0.0,0.0,13.333333333333334,13.333333333333334,20.0,0.0,0.0,6.666666666666667,13.333333333333334,13.333333333333334,6.666666666666667,0.0,0.0,6.666666666666667,0.0,1
10,1,0.9899999999999999,1192.4124,0.1,9.762914848327636,10.0,0.0,0.0,0.0,10.0,0.0,20.0,20.0,0.0,10.0,0.0,0.0,0.0,0.0,10.0,10.0,0.0,10.0,0.0,0.0,0
18,5,0.2888888888888889,1782.1808999999998,0.05555555555555555,10.602486610412598,55.55555555555556,0.0,0.0,0.0,0.0,0.0,0.0,0.0,27.77777777777778,11.11111111111111,0.0,0.0,0.0,0.0,0.0,0.0,0.0,0.0,5.555555555555555,0.0,1
19,5,-0.5526315789473685,2678.1082,0.368421052631579,11.999967765808105,5.2631578947368425,0.0,0.0,0.0,21.05263157894737,0.0,10.526315789473685,10.526315789473685,5.2631578947368425,0.0,0.0,0.0,0.0,0.0,21.05263157894737,5.2631578947368425,5.2631578947368425,0.0,15.789473684210526,0.0,1
20,1,1.42,1934.3658999999998,0.0,8.750052070617677,0.0,0.0,0.0,0.0,0.0,25.0,0.0,15.0,5.0,25.0,0.0,5.0,5.0,0.0,0.0,5.0,5.0,10.0,0.0,0.0,1
36,7,-0.3111111111111111,4086.9692999999997,0.05555555555555555,9.867482566833495,5.555555555555555,5.555555555555555,5.555555555555555,2.7777777777777777,5.555555555555555,2.7777777777777777,0.0,8.333333333333334,27.77777777777778,8.333333333333334,2.7777777777777777,2.7777777777777777,0.0,2.7777777777777777,0.0,5.555555555555555,8.333333333333334,5.555555555555555,0.0,0.0,1
19,2,0.9578947368421052,2249.7626999999998,0.052631578947368425,10.346611595153806,5.2631578947368425,5.2631578947368425,0.0,0.0,0.0,0.0,0.0,15.789473684210526,0.0,26.31578947368421,0.0,5.2631578947368425,5.2631578947368425,10.526315789473685,10.526315789473685,5.2631578947368425,0.0,5.2631578947368425,5.2631578947368425,0.0,0
11,5,-0.6272727272727273,1485.8633,0.18181818181818182,11.999967765808105,0.0,0.0,0.0,0.0,18.181818181818183,0.0,9.090909090909092,0.0,27.272727272727273,27.272727272727273,0.0,0.0,0.0,0.0,18.181818181818183,0.0,0.0,0.0,0.0,0.0,1
26,4,0.5846153846153845,2818.4058,0.038461538461538464,11.999967765808105,7.6923076923076925,0.0,0.0,0.0,0.0,11.538461538461538,0.0,11.538461538461538,7.6923076923076925,15.384615384615385,0.0,0.0,3.8461538461538463,7.6923076923076925,7.6923076923076925,3.8461538461538463,7.6923076923076925,11.538461538461538,3.8461538461538463,0.0,1
12,-1,-1.225,1355.4316,0.16666666666666669,4.0500284194946286,8.333333333333334,0.0,0.0,8.333333333333334,8.333333333333334,16.666666666666668,0.0,0.0,0.0,0.0,8.333333333333334,16.666666666666668,8.333333333333334,16.666666666666668,0.0,0.0,0.0,0.0,0.0,8.333333333333334,0
119,-1,-0.6512605042016807,14211.894400000001,0.1512605042016807,6.844687843322753,5.042016806722689,5.882352941176471,4.201680672268908,5.882352941176471,4.201680672268908,5.042016806722689,8.403361344537815,3.361344537815126,4.201680672268908,4.201680672268908,4.201680672268908,8.403361344537815,4.201680672268908,1.680672268907563,5.042016806722689,5.042016806722689,4.201680672268908,5.882352941176471,5.042016806722689,5.882352941176471,0
28,2,0.07499999999999998,3111.6762,0.07142857142857144,8.78757266998291,10.714285714285714,7.142857142857143,10.714285714285714,0.0,7.142857142857143,3.5714285714285716,0.0,7.142857142857143,17.857142857142858,14.285714285714286,0.0,7.142857142857143,0.0,3.5714285714285716,0.0,0.0,7.142857142857143,3.5714285714285716,0.0,0.0,1
11,1,0.8181818181818182,1343.6793,0.18181818181818182,8.058241844177246,0.0,18.181818181818183,0.0,0.0,9.090909090909092,0.0,0.0,18.181818181818183,0.0,0.0,9.090909090909092,0.0,18.181818181818183,0.0,9.090909090909092,0.0,9.090909090909092,0.0,0.0,9.090909090909092,1
18,1,1.1277777777777778,1814.1727,0.05555555555555555,8.59094409942627,11.11111111111111,0.0,5.555555555555555,0.0,5.555555555555555,11.11111111111111,0.0,11.11111111111111,11.11111111111111,11.11111111111111,0.0,0.0,5.555555555555555,0.0,0.0,11.11111111111111,0.0,16.666666666666668,0.0,0.0,1
8,0,-2.6125,1106.1876,0.25,6.069006156921386,0.0,0.0,12.5,12.5,0.0,0.0,0.0,0.0,25.0,0.0,0.0,0.0,0.0,12.5,0.0,12.5,0.0,0.0,25.0,0.0,0
25,7,-1.028,3019.6189999999997,0.08,11.012956809997558,4.0,8.0,0.0,4.0,4.0,4.0,0.0,4.0,16.0,0.0,4.0,4.0,8.0,4.0,16.0,4.0,4.0,8.0,4.0,0.0,1
20,-1,-0.52,2180.3993,0.1,4.0500284194946286,0.0,10.0,5.0,0.0,0.0,15.0,0.0,5.0,0.0,0.0,5.0,10.0,10.0,10.0,0.0,10.0,5.0,5.0,10.0,0.0,0
39,4,-0.8410256410256409,4345.880099999999,0.07692307692307693,10.161458396911616,7.6923076923076925,0.0,7.6923076923076925,0.0,0.0,15.384615384615385,2.5641025641025643,7.6923076923076925,10.256410256410257,0.0,5.128205128205129,7.6923076923076925,0.0,5.128205128205129,7.6923076923076925,5.128205128205129,2.5641025641025643,7.6923076923076925,5.128205128205129,2.5641025641025643,1
39,3,-1.2615384615384617,4759.4796,0.07692307692307693,9.43122501373291,0.0,2.5641025641025643,10.256410256410257,0.0,2.5641025641025643,2.5641025641025643,10.256410256410257,10.256410256410257,10.256410256410257,0.0,7.6923076923076925,2.5641025641025643,12.820512820512821,7.6923076923076925,7.6923076923076925,2.5641025641025643,2.5641025641025643,2.5641025641025643,0.0,5.128205128205129,0
12,1,0.13333333333333328,1444.7018999999998,0.25,8.067976570129392,8.333333333333334,16.666666666666668,0.0,0.0,16.666666666666668,8.333333333333334,8.333333333333334,0.0,8.333333333333334,0.0,8.333333333333334,0.0,0.0,8.333333333333334,0.0,8.333333333333334,0.0,0.0,8.333333333333334,0.0,0
12,-2,0.02499999999999994,1375.6335,0.0,4.505706596374512,0.0,0.0,0.0,16.666666666666668,0.0,8.333333333333334,8.333333333333334,8.333333333333334,0.0,8.333333333333334,25.0,0.0,8.333333333333334,0.0,0.0,8.333333333333334,8.333333333333334,0.0,0.0,0.0,0
51,-3,-0.033333333333333375,5946.726199999999,0.1568627450980392,4.969114875793457,5.882352941176471,5.882352941176471,3.9215686274509802,7.8431372549019605,7.8431372549019605,3.9215686274509802,3.9215686274509802,3.9215686274509802,0.0,7.8431372549019605,5.882352941176471,3.9215686274509802,5.882352941176471,0.0,5.882352941176471,11.764705882352942,3.9215686274509802,3.9215686274509802,3.9215686274509802,3.9215686274509802,0
11,1,0.08181818181818178,1290.6018,0.0,8.258609580993653,9.090909090909092,9.090909090909092,0.0,0.0,0.0,0.0,9.090909090909092,9.090909090909092,0.0,0.0,27.272727272727273,9.090909090909092,9.090909090909092,0.0,9.090909090909092,9.090909090909092,0.0,0.0,0.0,0.0,0
13,0,-0.5461538461538461,1451.6236999999999,0.0,6.748743629455567,7.6923076923076925,0.0,0.0,7.6923076923076925,0.0,0.0,7.6923076923076925,7.6923076923076925,7.6923076923076925,7.6923076923076925,0.0,0.0,7.6923076923076925,15.384615384615385,0.0,7.6923076923076925,15.384615384615385,7.6923076923076925,0.0,0.0,0
18,3,-0.7722222222222223,2284.5964,0.2222222222222222,11.000127601623536,0.0,0.0,0.0,0.0,11.11111111111111,0.0,5.555555555555555,0.0,5.555555555555555,0.0,5.555555555555555,11.11111111111111,5.555555555555555,0.0,11.11111111111111,5.555555555555555,16.666666666666668,11.11111111111111,5.555555555555555,5.555555555555555,0
23,7,-0.4304347826086957,3073.6457,0.391304347826087,11.999967765808105,0.0,0.0,0.0,0.0,30.434782608695652,13.043478260869565,8.695652173913043,8.695652173913043,17.391304347826086,0.0,0.0,0.0,0.0,0.0,13.043478260869565,0.0,0.0,0.0,8.695652173913043,0.0,1
17,3,-1.7529411764705882,1995.2504,0.05882352941176471,11.711342811584473,0.0,0.0,0.0,0.0,0.0,5.882352941176471,5.882352941176471,5.882352941176471,0.0,0.0,0.0,11.764705882352942,35.294117647058826,5.882352941176471,17.647058823529413,0.0,0.0,5.882352941176471,0.0,5.882352941176471,1
24,4,1.1958333333333333,2613.2751,0.16666666666666669,9.70128307342529,16.666666666666668,8.333333333333334,0.0,0.0,16.666666666666668,4.166666666666667,0.0,12.5,16.666666666666668,8.333333333333334,0.0,0.0,8.333333333333334,0.0,0.0,4.166666666666667,0.0,4.166666666666667,0.0,0.0,1
12,-2,-0.23333333333333336,1631.8468,0.4166666666666667,4.0500284194946286,16.666666666666668,8.333333333333334,8.333333333333334,8.333333333333334,0.0,0.0,0.0,0.0,0.0,0.0,16.666666666666668,0.0,0.0,0.0,0.0,0.0,0.0,0.0,16.666666666666668,25.0,0
11,0,1.1181818181818182,1386.7039,0.18181818181818182,5.550975608825683,0.0,9.090909090909092,9.090909090909092,0.0,9.090909090909092,0.0,0.0,9.090909090909092,0.0,0.0,18.181818181818183,0.0,0.0,0.0,9.090909090909092,9.090909090909092,0.0,18.181818181818183,9.090909090909092,0.0,0
11,-1,-1.0909090909090908,1522.6365,0.45454545454545453,5.239838981628417,0.0,9.090909090909092,0.0,9.090909090909092,9.090909090909092,0.0,9.090909090909092,0.0,0.0,0.0,0.0,9.090909090909092,9.090909090909092,0.0,0.0,0.0,9.090909090909092,0.0,9.090909090909092,27.272727272727273,0
21,6,-0.07142857142857141,2760.2965,0.2380952380952381,10.851785850524902,4.761904761904762,9.523809523809524,0.0,0.0,0.0,4.761904761904762,0.0,0.0,0.0,4.761904761904762,0.0,0.0,0.0,0.0,28.571428571428573,0.0,0.0,23.80952380952381,9.523809523809524,14.285714285714286,1
16,1,1.175,1649.9698,0.125,8.59094409942627,6.25,0.0,6.25,0.0,12.5,18.75,0.0,6.25,12.5,12.5,0.0,0.0,0.0,0.0,0.0,6.25,0.0,18.75,0.0,0.0,1
20,-3,-0.36000000000000004,2659.0256,0.2,4.427268791198731,0.0,5.0,15.0,10.0,5.0,0.0,5.0,15.0,0.0,5.0,10.0,0.0,0.0,0.0,10.0,5.0,0.0,0.0,10.0,5.0,0
25,4,0.636,2617.2457,0.0,9.699606895446777,4.0,8.0,0.0,0.0,0.0,12.0,0.0,4.0,16.0,20.0,4.0,8.0,0.0,4.0,0.0,8.0,0.0,12.0,0.0,0.0,1
20,3,-1.4,2404.7056,0.05,10.044254875183103,5.0,5.0,0.0,5.0,0.0,0.0,0.0,0.0,5.0,5.0,10.0,15.0,0.0,5.0,15.0,10.0,15.0,0.0,0.0,5.0,0
20,-2,-1.0950000000000002,2226.3586,0.1,4.536456489562989,5.0,10.0,10.0,5.0,5.0,5.0,5.0,0.0,5.0,5.0,0.0,10.0,10.0,5.0,0.0,10.0,5.0,0.0,0.0,5.0,0
25,6,0.32400000000000007,2252.6612,0.04,10.699318122863769,72.0,0.0,0.0,0.0,0.0,0.0,0.0,0.0,24.0,0.0,0.0,0.0,0.0,0.0,0.0,0.0,0.0,0.0,4.0,0.0,1
12,0,0.05833333333333333,1258.4675,0.0,6.777390480041503,25.0,8.333333333333334,8.333333333333334,0.0,0.0,0.0,8.333333333333334,8.333333333333334,8.333333333333334,0.0,8.333333333333334,0.0,8.333333333333334,0.0,0.0,0.0,16.666666666666668,0.0,0.0,0.0,0
67,6,-0.07164179104477612,6999.18,0.02985074626865672,9.081419563293458,7.462686567164179,11.940298507462687,5.970149253731344,0.0,1.492537313432836,13.432835820895523,0.0,7.462686567164179,7.462686567164179,5.970149253731344,2.985074626865672,2.985074626865672,4.477611940298507,2.985074626865672,7.462686567164179,7.462686567164179,5.970149253731344,2.985074626865672,0.0,1.492537313432836,1
11,5,-1.0545454545454547,1558.9156,0.2727272727272727,11.999967765808105,0.0,0.0,0.0,0.0,18.181818181818183,0.0,9.090909090909092,0.0,27.272727272727273,18.181818181818183,0.0,0.0,0.0,0.0,18.181818181818183,0.0,0.0,0.0,9.090909090909092,0.0,1
12,5,0.5916666666666667,1450.98,0.0,10.602486610412598,0.0,0.0,0.0,0.0,0.0,0.0,0.0,0.0,41.666666666666664,58.333333333333336,0.0,0.0,0.0,0.0,0.0,0.0,0.0,0.0,0.0,0.0,1
28,0,-0.2785714285714286,3262.7209999999995,0.10714285714285715,6.903175163269044,0.0,7.142857142857143,3.5714285714285716,3.5714285714285716,0.0,7.142857142857143,7.142857142857143,0.0,0.0,7.142857142857143,7.142857142857143,3.5714285714285716,7.142857142857143,0.0,7.142857142857143,10.714285714285714,7.142857142857143,10.714285714285714,7.142857142857143,3.5714285714285716,0
18,0,-0.8444444444444446,2253.5394,0.16666666666666666,6.719244194030763,5.555555555555555,5.555555555555555,0.0,11.11111111111111,5.555555555555555,0.0,5.555555555555555,0.0,5.555555555555555,11.11111111111111,0.0,16.666666666666668,11.11111111111111,0.0,5.555555555555555,0.0,0.0,5.555555555555555,11.11111111111111,0.0,0
16,1,1.19375,1424.6445,0.0,8.795051002502444,50.0,0.0,0.0,0.0,0.0,6.25,0.0,0.0,6.25,12.5,0.0,12.5,0.0,0.0,0.0,0.0,0.0,12.5,0.0,0.0,1
11,4,-0.21818181818181823,1494.865,0.36363636363636365,10.477740287780762,9.090909090909092,0.0,0.0,0.0,18.181818181818183,0.0,0.0,0.0,36.36363636363637,18.181818181818183,0.0,0.0,0.0,0.0,0.0,0.0,0.0,0.0,18.181818181818183,0.0,1
37,-3,-0.20810810810810815,4199.8319,0.08108108108108107,5.047950553894043,8.108108108108109,10.81081081081081,8.108108108108109,8.108108108108109,0.0,5.405405405405405,5.405405405405405,5.405405405405405,2.7027027027027026,10.81081081081081,2.7027027027027026,0.0,13.513513513513514,0.0,5.405405405405405,2.7027027027027026,0.0,2.7027027027027026,2.7027027027027026,5.405405405405405,0
26,-1,-0.5538461538461539,3138.4694,0.15384615384615385,6.006710624694824,3.8461538461538463,3.8461538461538463,11.538461538461538,3.8461538461538463,3.8461538461538463,3.8461538461538463,7.6923076923076925,7.6923076923076925,3.8461538461538463,3.8461538461538463,0.0,7.6923076923076925,3.8461538461538463,0.0,7.6923076923076925,0.0,3.8461538461538463,11.538461538461538,0.0,11.538461538461538,0
9,2,0.6222222222222222,1142.4399,0.0,11.000901222229004,0.0,0.0,0.0,0.0,0.0,0.0,22.22222222222222,22.22222222222222,11.11111111111111,33.333333333333336,0.0,0.0,0.0,0.0,11.11111111111111,0.0,0.0,0.0,0.0,0.0,1
24,1,-0.43750000000000006,3040.4952,0.25,8.504427528381349,0.0,0.0,4.166666666666667,4.166666666666667,12.5,4.166666666666667,4.166666666666667,8.333333333333334,8.333333333333334,4.166666666666667,4.166666666666667,0.0,8.333333333333334,8.333333333333334,4.166666666666667,8.333333333333334,0.0,4.166666666666667,8.333333333333334,4.166666666666667,0
21,-1,-1.5047619047619047,2649.8482,0.19047619047619047,5.320266151428222,0.0,4.761904761904762,4.761904761904762,4.761904761904762,4.761904761904762,4.761904761904762,4.761904761904762,0.0,4.761904761904762,9.523809523809524,0.0,9.523809523809524,4.761904761904762,23.80952380952381,0.0,4.761904761904762,0.0,0.0,9.523809523809524,4.761904761904762,0
28,0,0.16785714285714284,2911.3504000000003,0.0,6.18063793182373,10.714285714285714,0.0,3.5714285714285716,7.142857142857143,0.0,10.714285714285714,0.0,7.142857142857143,10.714285714285714,21.428571428571427,0.0,10.714285714285714,0.0,0.0,0.0,0.0,14.285714285714286,3.5714285714285716,0.0,0.0,1
13,2,-1.376923076923077,1772.0334,0.3076923076923077,9.112880134582518,0.0,7.6923076923076925,7.6923076923076925,0.0,0.0,0.0,0.0,0.0,23.076923076923077,7.6923076923076925,0.0,0.0,0.0,7.6923076923076925,0.0,7.6923076923076925,7.6923076923076925,0.0,23.076923076923077,7.6923076923076925,0
7,0,0.15714285714285717,748.8235,0.14285714285714288,5.4943639755249025,0.0,0.0,0.0,0.0,0.0,14.285714285714286,0.0,14.285714285714286,0.0,0.0,0.0,14.285714285714286,14.285714285714286,0.0,0.0,14.285714285714286,0.0,14.285714285714286,0.0,14.285714285714286,0
25,1,-1.744,3025.3419999999996,0.04,8.1929162979126,0.0,4.0,4.0,12.0,0.0,8.0,8.0,0.0,8.0,4.0,4.0,4.0,4.0,12.0,12.0,4.0,0.0,8.0,0.0,4.0,0
12,6,-0.6499999999999999,1584.0461,0.16666666666666669,10.699318122863769,0.0,0.0,0.0,0.0,0.0,0.0,0.0,16.666666666666668,50.0,0.0,0.0,0.0,0.0,0.0,0.0,0.0,0.0,16.666666666666668,16.666666666666668,0.0,1
4,4,-3.9,530.7045,0.0,10.477740287780762,0.0,0.0,0.0,0.0,0.0,0.0,0.0,0.0,100.0,0.0,0.0,0.0,0.0,0.0,0.0,0.0,0.0,0.0,0.0,0.0,1
24,0,-0.6,2766.1375,0.08333333333333334,7.014806938171386,12.5,0.0,8.333333333333334,4.166666666666667,4.166666666666667,4.166666666666667,8.333333333333334,12.5,8.333333333333334,4.166666666666667,4.166666666666667,4.166666666666667,8.333333333333334,4.166666666666667,4.166666666666667,0.0,4.166666666666667,0.0,0.0,4.166666666666667,0
45,7,-0.7,4994.896299999999,0.08888888888888889,9.998998069763182,8.88888888888889,0.0,2.2222222222222223,8.88888888888889,4.444444444444445,13.333333333333334,0.0,0.0,24.444444444444443,15.555555555555555,2.2222222222222223,0.0,2.2222222222222223,2.2222222222222223,2.2222222222222223,6.666666666666667,0.0,2.2222222222222223,2.2222222222222223,2.2222222222222223,1
14,-1,0.5357142857142857,1742.9851999999998,0.35714285714285715,4.0500284194946286,7.142857142857143,0.0,7.142857142857143,0.0,21.428571428571427,0.0,0.0,0.0,0.0,7.142857142857143,7.142857142857143,0.0,7.142857142857143,7.142857142857143,0.0,0.0,14.285714285714286,7.142857142857143,0.0,14.285714285714286,0
24,3,-0.25,2829.2196,0.20833333333333334,10.256936073303223,16.666666666666668,0.0,0.0,4.166666666666667,4.166666666666667,12.5,0.0,12.5,0.0,4.166666666666667,0.0,0.0,4.166666666666667,4.166666666666667,16.666666666666668,0.0,4.166666666666667,0.0,4.166666666666667,12.5,1
11,5,-0.5272727272727272,1361.7246,0.0,11.999967765808105,9.090909090909092,0.0,0.0,0.0,0.0,0.0,9.090909090909092,9.090909090909092,27.272727272727273,18.181818181818183,0.0,0.0,0.0,0.0,18.181818181818183,0.0,0.0,9.090909090909092,0.0,0.0,1
15,1,-0.4799999999999999,1691.9238999999998,0.13333333333333333,8.594038581848146,6.666666666666667,0.0,0.0,13.333333333333334,6.666666666666667,13.333333333333334,0.0,6.666666666666667,20.0,0.0,0.0,6.666666666666667,0.0,0.0,0.0,6.666666666666667,0.0,13.333333333333334,6.666666666666667,0.0,1
26,-1,0.08846153846153844,2904.2560999999996,0.15384615384615385,5.076654243469237,7.6923076923076925,0.0,3.8461538461538463,0.0,3.8461538461538463,7.6923076923076925,3.8461538461538463,7.6923076923076925,0.0,3.8461538461538463,3.8461538461538463,7.6923076923076925,11.538461538461538,7.6923076923076925,0.0,7.6923076923076925,0.0,11.538461538461538,3.8461538461538463,7.6923076923076925,0
20,-5,-1.1700000000000002,2335.4814,0.0,4.0500284194946286,0.0,0.0,15.0,15.0,0.0,5.0,5.0,0.0,0.0,10.0,10.0,0.0,0.0,10.0,5.0,5.0,15.0,5.0,0.0,0.0,0
21,6,-0.8999999999999999,2435.9365,0.047619047619047616,10.46665172576904,0.0,9.523809523809524,0.0,0.0,0.0,9.523809523809524,0.0,9.523809523809524,14.285714285714286,0.0,4.761904761904762,4.761904761904762,9.523809523809524,4.761904761904762,14.285714285714286,4.761904761904762,4.761904761904762,4.761904761904762,0.0,4.761904761904762,1
26,4,-0.7192307692307692,3095.6234999999997,0.15384615384615385,10.029233741760255,7.6923076923076925,3.8461538461538463,0.0,0.0,0.0,7.6923076923076925,0.0,3.8461538461538463,7.6923076923076925,0.0,7.6923076923076925,7.6923076923076925,11.538461538461538,7.6923076923076925,7.6923076923076925,0.0,3.8461538461538463,7.6923076923076925,7.6923076923076925,7.6923076923076925,0
17,0,-0.7000000000000001,2190.4172,0.23529411764705885,7.022991752624511,5.882352941176471,0.0,5.882352941176471,5.882352941176471,11.764705882352942,0.0,17.647058823529413,5.882352941176471,5.882352941176471,5.882352941176471,0.0,5.882352941176471,0.0,0.0,5.882352941176471,0.0,5.882352941176471,5.882352941176471,0.0,11.764705882352942,0
26,5,0.38846153846153836,3211.9291,0.15384615384615385,11.333815956115721,3.8461538461538463,0.0,0.0,0.0,15.384615384615385,0.0,7.6923076923076925,7.6923076923076925,15.384615384615385,26.923076923076923,0.0,0.0,0.0,11.538461538461538,3.8461538461538463,3.8461538461538463,3.8461538461538463,0.0,0.0,0.0,1
14,4,0.18571428571428572,1688.1471,0.14285714285714288,10.000803184509277,0.0,0.0,0.0,0.0,0.0,0.0,0.0,0.0,28.571428571428573,21.428571428571427,0.0,0.0,14.285714285714286,0.0,0.0,0.0,0.0,21.428571428571427,0.0,14.285714285714286,1
12,6,-0.525,1665.0475999999999,0.08333333333333334,11.999967765808105,0.0,0.0,0.0,0.0,0.0,0.0,0.0,16.666666666666668,0.0,0.0,0.0,0.0,0.0,0.0,50.0,0.0,0.0,25.0,8.333333333333334,0.0,1
12,-1,-1.5916666666666668,1223.2495999999999,0.0,5.210851097106932,16.666666666666668,0.0,16.666666666666668,0.0,0.0,8.333333333333334,8.333333333333334,0.0,8.333333333333334,0.0,0.0,0.0,16.666666666666668,8.333333333333334,0.0,8.333333333333334,8.333333333333334,0.0,0.0,0.0,0
23,3,0.27391304347826084,2494.9503999999997,0.13043478260869565,10.00138339996338,17.391304347826086,0.0,0.0,4.3478260869565215,13.043478260869565,8.695652173913043,4.3478260869565215,8.695652173913043,17.391304347826086,4.3478260869565215,4.3478260869565215,4.3478260869565215,0.0,0.0,0.0,8.695652173913043,0.0,4.3478260869565215,0.0,0.0,1
12,4,0.7333333333333334,1385.8271,0.0,9.850656318664551,0.0,16.666666666666668,0.0,0.0,0.0,0.0,0.0,16.666666666666668,25.0,0.0,0.0,0.0,8.333333333333334,0.0,8.333333333333334,0.0,0.0,25.0,0.0,0.0,1
13,0,-1.3000000000000003,1619.7585,0.15384615384615385,7.01315860748291,7.6923076923076925,0.0,0.0,7.6923076923076925,0.0,7.6923076923076925,15.384615384615385,7.6923076923076925,0.0,0.0,7.6923076923076925,7.6923076923076925,0.0,7.6923076923076925,7.6923076923076925,0.0,7.6923076923076925,0.0,0.0,15.384615384615385,0
13,7,-1.9923076923076921,1675.1189,0.07692307692307693,11.999967765808105,0.0,0.0,0.0,0.0,0.0,0.0,0.0,7.6923076923076925,38.46153846153846,7.6923076923076925,0.0,0.0,23.076923076923077,0.0,15.384615384615385,0.0,0.0,0.0,7.6923076923076925,0.0,1
26,3,-0.8153846153846154,2770.0499999999997,0.07692307692307693,10.053667259216308,7.6923076923076925,3.8461538461538463,3.8461538461538463,0.0,0.0,23.076923076923077,3.8461538461538463,7.6923076923076925,7.6923076923076925,0.0,0.0,3.8461538461538463,0.0,7.6923076923076925,7.6923076923076925,7.6923076923076925,3.8461538461538463,3.8461538461538463,7.6923076923076925,0.0,0
12,-1,0.2416666666666667,1309.4214,0.08333333333333334,4.299381065368652,16.666666666666668,0.0,8.333333333333334,0.0,0.0,0.0,0.0,16.666666666666668,0.0,0.0,0.0,8.333333333333334,0.0,8.333333333333334,0.0,0.0,25.0,8.333333333333334,0.0,8.333333333333334,0
15,2,-1.18,1809.0836,0.06666666666666667,8.904260444641114,13.333333333333334,13.333333333333334,0.0,6.666666666666667,0.0,0.0,13.333333333333334,6.666666666666667,6.666666666666667,0.0,0.0,0.0,13.333333333333334,6.666666666666667,13.333333333333334,0.0,0.0,0.0,0.0,6.666666666666667,0
8,0,0.037500000000000006,910.0705,0.0,5.498456382751464,12.5,0.0,12.5,0.0,0.0,0.0,0.0,0.0,0.0,0.0,25.0,0.0,0.0,0.0,12.5,12.5,12.5,12.5,0.0,0.0,0
26,-3,-0.47692307692307695,2911.1663,0.07692307692307693,4.969171714782715,3.8461538461538463,7.6923076923076925,3.8461538461538463,11.538461538461538,3.8461538461538463,11.538461538461538,7.6923076923076925,3.8461538461538463,0.0,7.6923076923076925,3.8461538461538463,7.6923076923076925,0.0,3.8461538461538463,3.8461538461538463,7.6923076923076925,3.8461538461538463,3.8461538461538463,0.0,3.8461538461538463,0
45,1,-0.2644444444444445,5744.6008999999995,0.28888888888888886,8.121162986755369,6.666666666666667,2.2222222222222223,2.2222222222222223,4.444444444444445,11.11111111111111,0.0,4.444444444444445,4.444444444444445,6.666666666666667,6.666666666666667,6.666666666666667,6.666666666666667,4.444444444444445,0.0,2.2222222222222223,2.2222222222222223,11.11111111111111,0.0,8.88888888888889,8.88888888888889,0
14,0,-0.7428571428571429,1722.8715,0.2142857142857143,5.524318122863768,0.0,0.0,0.0,0.0,14.285714285714286,0.0,0.0,0.0,0.0,7.142857142857143,7.142857142857143,14.285714285714286,0.0,21.428571428571427,0.0,7.142857142857143,21.428571428571427,0.0,0.0,7.142857142857143,0
19,1,0.431578947368421,2215.7216,0.10526315789473685,8.590106010437015,10.526315789473685,0.0,10.526315789473685,0.0,5.2631578947368425,5.2631578947368425,0.0,21.05263157894737,10.526315789473685,5.2631578947368425,10.526315789473685,0.0,10.526315789473685,0.0,5.2631578947368425,0.0,0.0,0.0,5.2631578947368425,0.0,0
15,1,-0.8333333333333334,1826.0842000000002,0.06666666666666667,8.604353523254396,0.0,0.0,0.0,6.666666666666667,0.0,0.0,13.333333333333334,6.666666666666667,6.666666666666667,6.666666666666667,6.666666666666667,6.666666666666667,6.666666666666667,0.0,6.666666666666667,6.666666666666667,13.333333333333334,6.666666666666667,0.0,6.666666666666667,0
20,2,1.525,1918.4096,0.0,10.002737236022949,5.0,0.0,0.0,0.0,0.0,25.0,0.0,15.0,10.0,25.0,0.0,0.0,5.0,0.0,0.0,5.0,0.0,10.0,0.0,0.0,1
21,-1,-0.4619047619047619,2451.7552,0.047619047619047616,5.3842668533325195,0.0,0.0,9.523809523809524,4.761904761904762,0.0,4.761904761904762,4.761904761904762,9.523809523809524,4.761904761904762,4.761904761904762,4.761904761904762,9.523809523809524,4.761904761904762,4.761904761904762,4.761904761904762,4.761904761904762,4.761904761904762,14.285714285714286,4.761904761904762,0.0,0
44,4,-0.5863636363636364,5458.2206,0.22727272727272727,9.51168155670166,6.818181818181818,4.545454545454546,4.545454545454546,0.0,13.636363636363637,0.0,4.545454545454546,2.272727272727273,6.818181818181818,6.818181818181818,2.272727272727273,6.818181818181818,6.818181818181818,9.090909090909092,6.818181818181818,4.545454545454546,2.272727272727273,2.272727272727273,2.272727272727273,6.818181818181818,0
31,-1,0.4483870967741935,3671.3467,0.0967741935483871,6.350188636779785,3.225806451612903,16.129032258064516,6.451612903225806,3.225806451612903,9.67741935483871,0.0,12.903225806451612,6.451612903225806,3.225806451612903,0.0,9.67741935483871,3.225806451612903,0.0,3.225806451612903,3.225806451612903,6.451612903225806,0.0,12.903225806451612,0.0,0.0,0
44,1,-0.740909090909091,4897.516299999999,0.06818181818181818,7.70432071685791,2.272727272727273,18.181818181818183,4.545454545454546,9.090909090909092,0.0,11.363636363636363,2.272727272727273,0.0,6.818181818181818,4.545454545454546,0.0,2.272727272727273,4.545454545454546,0.0,9.090909090909092,11.363636363636363,2.272727272727273,4.545454545454546,4.545454545454546,2.272727272727273,1
17,7,0.09999999999999998,1912.4948,0.05882352941176471,10.778420829772951,23.529411764705884,0.0,0.0,0.0,5.882352941176471,0.0,0.0,0.0,41.1764705882353,29.41176470588235,0.0,0.0,0.0,0.0,0.0,0.0,0.0,0.0,0.0,0.0,1
22,-2,-0.2863636363636364,2585.9699,0.13636363636363635,4.536570167541504,9.090909090909092,4.545454545454546,9.090909090909092,4.545454545454546,0.0,4.545454545454546,4.545454545454546,4.545454545454546,4.545454545454546,13.636363636363637,9.090909090909092,4.545454545454546,9.090909090909092,4.545454545454546,0.0,0.0,0.0,0.0,0.0,13.636363636363637,0
24,3,0.9333333333333332,2606.1949999999997,0.04166666666666667,9.390158653259277,4.166666666666667,8.333333333333334,0.0,0.0,4.166666666666667,0.0,0.0,8.333333333333334,12.5,16.666666666666668,0.0,8.333333333333334,4.166666666666667,0.0,0.0,8.333333333333334,12.5,12.5,0.0,0.0,1
34,6,-0.8941176470588236,3878.6095000000005,0.05882352941176471,10.21851291656494,0.0,0.0,0.0,8.823529411764707,5.882352941176471,14.705882352941176,0.0,8.823529411764707,23.529411764705884,11.764705882352942,0.0,2.9411764705882355,5.882352941176471,11.764705882352942,2.9411764705882355,0.0,0.0,2.9411764705882355,0.0,0.0,1
19,6,-0.7684210526315789,2403.9044,0.2105263157894737,10.218641853332517,5.2631578947368425,0.0,0.0,5.2631578947368425,10.526315789473685,0.0,0.0,5.2631578947368425,31.57894736842105,10.526315789473685,0.0,5.2631578947368425,0.0,0.0,5.2631578947368425,5.2631578947368425,0.0,5.2631578947368425,0.0,10.526315789473685,1
25,6,-0.40399999999999997,2854.3583999999996,0.16,10.676109504699706,16.0,0.0,0.0,0.0,4.0,12.0,8.0,0.0,20.0,8.0,0.0,0.0,0.0,0.0,4.0,0.0,8.0,8.0,8.0,4.0,1
30,2,0.44333333333333336,3164.7438,0.06666666666666667,8.333779716491701,3.3333333333333335,20.0,0.0,3.3333333333333335,0.0,10.0,0.0,13.333333333333334,6.666666666666667,0.0,0.0,3.3333333333333335,6.666666666666667,0.0,3.3333333333333335,16.666666666666668,0.0,6.666666666666667,3.3333333333333335,3.3333333333333335,1
14,3,0.5285714285714286,1556.9560999999999,0.07142857142857144,10.302063941955566,21.428571428571427,0.0,0.0,0.0,0.0,7.142857142857143,0.0,14.285714285714286,21.428571428571427,14.285714285714286,7.142857142857143,7.142857142857143,0.0,0.0,0.0,0.0,0.0,0.0,7.142857142857143,0.0,1
11,2,0.3727272727272727,1481.7816,0.45454545454545453,10.002737236022949,9.090909090909092,0.0,0.0,0.0,18.181818181818183,9.090909090909092,0.0,0.0,18.181818181818183,18.181818181818183,0.0,0.0,0.0,0.0,0.0,0.0,0.0,0.0,27.272727272727273,0.0,1
18,3,-1.4444444444444444,2108.408,0.05555555555555555,11.711342811584473,0.0,0.0,0.0,0.0,0.0,5.555555555555555,5.555555555555555,5.555555555555555,0.0,5.555555555555555,0.0,11.11111111111111,33.333333333333336,5.555555555555555,16.666666666666668,0.0,0.0,5.555555555555555,0.0,5.555555555555555,1
33,-1,0.16363636363636358,4075.7367999999997,0.24242424242424243,6.254869651794434,0.0,6.0606060606060606,0.0,3.0303030303030303,6.0606060606060606,9.090909090909092,9.090909090909092,9.090909090909092,0.0,6.0606060606060606,9.090909090909092,3.0303030303030303,6.0606060606060606,6.0606060606060606,0.0,6.0606060606060606,0.0,3.0303030303030303,9.090909090909092,9.090909090909092,0
19,3,1.3421052631578947,2002.5724,0.052631578947368425,9.790184974670407,10.526315789473685,5.2631578947368425,0.0,0.0,5.2631578947368425,10.526315789473685,0.0,15.789473684210526,15.789473684210526,10.526315789473685,5.2631578947368425,0.0,5.2631578947368425,0.0,0.0,0.0,5.2631578947368425,10.526315789473685,0.0,0.0,1
27,3,-0.1259259259259259,2729.1654,0.0,10.290008354187012,11.11111111111111,0.0,0.0,3.7037037037037037,0.0,18.51851851851852,7.407407407407407,3.7037037037037037,11.11111111111111,7.407407407407407,3.7037037037037037,3.7037037037037037,3.7037037037037037,0.0,3.7037037037037037,3.7037037037037037,7.407407407407407,11.11111111111111,0.0,0.0,1
28,10,-0.9035714285714286,3735.49,0.25,11.999967765808105,0.0,0.0,0.0,0.0,14.285714285714286,10.714285714285714,10.714285714285714,0.0,17.857142857142858,17.857142857142858,0.0,0.0,0.0,0.0,17.857142857142858,0.0,0.0,0.0,10.714285714285714,0.0,1
46,-7,-0.5608695652173913,5286.9001,0.10869565217391304,4.0500284194946286,4.3478260869565215,4.3478260869565215,6.521739130434782,15.217391304347826,2.1739130434782608,10.869565217391305,0.0,2.1739130434782608,2.1739130434782608,6.521739130434782,8.695652173913043,0.0,6.521739130434782,4.3478260869565215,4.3478260869565215,4.3478260869565215,4.3478260869565215,4.3478260869565215,4.3478260869565215,4.3478260869565215,0
13,1,1.8538461538461537,1369.7331,0.07692307692307693,8.750052070617677,0.0,0.0,0.0,0.0,7.6923076923076925,15.384615384615385,0.0,15.384615384615385,7.6923076923076925,30.76923076923077,0.0,0.0,7.6923076923076925,0.0,0.0,7.6923076923076925,0.0,7.6923076923076925,0.0,0.0,1
20,2,1.41,1966.4740000000002,0.0,10.002737236022949,5.0,0.0,0.0,0.0,0.0,20.0,0.0,15.0,10.0,20.0,5.0,0.0,5.0,0.0,0.0,10.0,0.0,10.0,0.0,0.0,1
44,2,-0.006818181818181847,5340.2173999999995,0.13636363636363635,8.658506965637208,4.545454545454546,6.818181818181818,0.0,6.818181818181818,4.545454545454546,2.272727272727273,6.818181818181818,9.090909090909092,2.272727272727273,6.818181818181818,4.545454545454546,2.272727272727273,2.272727272727273,4.545454545454546,9.090909090909092,9.090909090909092,2.272727272727273,6.818181818181818,4.545454545454546,4.545454545454546,0
33,2,0.5151515151515151,3260.823,0.0,8.8212251663208,12.121212121212121,6.0606060606060606,6.0606060606060606,0.0,0.0,12.121212121212121,0.0,3.0303030303030303,12.121212121212121,18.181818181818183,0.0,3.0303030303030303,0.0,3.0303030303030303,0.0,12.121212121212121,3.0303030303030303,9.090909090909092,0.0,0.0,1
19,-2,-0.3052631578947369,2374.5649,0.2631578947368421,5.153727912902831,5.2631578947368425,0.0,5.2631578947368425,5.2631578947368425,10.526315789473685,5.2631578947368425,10.526315789473685,5.2631578947368425,0.0,5.2631578947368425,0.0,5.2631578947368425,0.0,5.2631578947368425,0.0,5.2631578947368425,10.526315789473685,5.2631578947368425,15.789473684210526,0.0,0
23,-2,-0.5782608695652174,2798.0665,0.21739130434782608,4.541287803649904,13.043478260869565,0.0,8.695652173913043,8.695652173913043,4.3478260869565215,4.3478260869565215,0.0,4.3478260869565215,8.695652173913043,13.043478260869565,0.0,13.043478260869565,0.0,0.0,0.0,0.0,4.3478260869565215,0.0,13.043478260869565,4.3478260869565215,0
22,7,0.04090909090909089,2507.1618,0.0,11.433484077453613,18.181818181818183,0.0,0.0,0.0,0.0,0.0,9.090909090909092,4.545454545454546,27.272727272727273,27.272727272727273,0.0,4.545454545454546,0.0,0.0,4.545454545454546,0.0,0.0,4.545454545454546,0.0,0.0,1
36,5,-0.8500000000000001,3856.3121,0.08333333333333334,9.901006126403807,8.333333333333334,5.555555555555555,2.7777777777777777,0.0,8.333333333333334,16.666666666666668,0.0,2.7777777777777777,13.88888888888889,5.555555555555555,0.0,16.666666666666668,0.0,11.11111111111111,2.7777777777777777,2.7777777777777777,0.0,2.7777777777777777,0.0,0.0,1
16,1,0.28750000000000003,1531.7166,0.0,8.081643867492676,18.75,12.5,0.0,0.0,0.0,18.75,6.25,6.25,0.0,0.0,0.0,6.25,0.0,0.0,6.25,0.0,18.75,6.25,0.0,0.0,1
25,0,-1.308,3204.4397,0.28,6.748345756530762,4.0,0.0,4.0,4.0,4.0,4.0,4.0,4.0,4.0,0.0,4.0,4.0,0.0,12.0,4.0,8.0,12.0,0.0,8.0,16.0,0
30,-1,-0.8666666666666667,3256.5031,0.03333333333333333,6.015520668029784,6.666666666666667,0.0,13.333333333333334,3.3333333333333335,0.0,16.666666666666668,6.666666666666667,3.3333333333333335,3.3333333333333335,6.666666666666667,0.0,3.3333333333333335,3.3333333333333335,3.3333333333333335,10.0,3.3333333333333335,3.3333333333333335,10.0,3.3333333333333335,0.0,0
11,4,-0.5818181818181819,1410.7056,0.36363636363636365,10.477740287780762,27.272727272727273,0.0,0.0,0.0,18.181818181818183,0.0,0.0,0.0,36.36363636363637,0.0,0.0,0.0,0.0,0.0,0.0,0.0,0.0,0.0,18.181818181818183,0.0,1
36,18,-0.7166666666666666,4962.0315,0.1111111111111111,11.999967765808105,0.0,0.0,0.0,0.0,0.0,0.0,0.0,0.0,0.0,0.0,0.0,0.0,0.0,0.0,50.0,0.0,0.0,38.888888888888886,11.11111111111111,0.0,1
13,1,1.8153846153846152,1461.8284999999998,0.15384615384615385,8.750052070617677,7.6923076923076925,0.0,0.0,0.0,15.384615384615385,0.0,0.0,0.0,7.6923076923076925,38.46153846153846,0.0,0.0,7.6923076923076925,0.0,0.0,7.6923076923076925,7.6923076923076925,7.6923076923076925,0.0,0.0,1
25,-1,0.6359999999999999,2794.3082,0.08,4.684465217590332,4.0,4.0,12.0,4.0,8.0,8.0,0.0,16.0,12.0,16.0,0.0,0.0,0.0,4.0,0.0,0.0,8.0,4.0,0.0,0.0,1
40,3,-0.29250000000000004,4885.8061,0.15,8.916316032409668,0.0,10.0,2.5,2.5,2.5,5.0,2.5,2.5,7.5,2.5,10.0,10.0,7.5,0.0,5.0,2.5,5.0,10.0,12.5,0.0,0
25,4,-0.23200000000000004,2592.0128999999997,0.04,9.305640602111815,0.0,16.0,0.0,0.0,4.0,20.0,8.0,4.0,8.0,8.0,0.0,0.0,4.0,0.0,8.0,16.0,4.0,0.0,0.0,0.0,1
11,3,0.7818181818181817,1155.4736,0.0,10.301225852966304,27.272727272727273,0.0,0.0,0.0,0.0,0.0,0.0,0.0,27.272727272727273,27.272727272727273,0.0,0.0,0.0,0.0,0.0,0.0,9.090909090909092,9.090909090909092,0.0,0.0,1
18,-2,-1.4333333333333333,2103.2276,0.1111111111111111,4.535092353820801,0.0,0.0,11.11111111111111,5.555555555555555,5.555555555555555,5.555555555555555,5.555555555555555,5.555555555555555,5.555555555555555,0.0,5.555555555555555,5.555555555555555,11.11111111111111,11.11111111111111,0.0,16.666666666666668,0.0,0.0,5.555555555555555,0.0,0
20,3,1.16,2111.6784,0.1,9.390158653259277,15.0,10.0,0.0,0.0,10.0,10.0,0.0,5.0,15.0,15.0,5.0,0.0,5.0,0.0,0.0,0.0,5.0,5.0,0.0,0.0,1
23,4,-1.4956521739130435,2761.1012,0.13043478260869565,10.420170021057128,0.0,0.0,4.3478260869565215,0.0,0.0,4.3478260869565215,0.0,4.3478260869565215,4.3478260869565215,4.3478260869565215,0.0,8.695652173913043,21.73913043478261,0.0,17.391304347826086,4.3478260869565215,8.695652173913043,4.3478260869565215,0.0,13.043478260869565,1
23,-2,-0.5869565217391305,2864.1077999999998,0.2608695652173913,4.536456489562989,4.3478260869565215,4.3478260869565215,8.695652173913043,4.3478260869565215,13.043478260869565,4.3478260869565215,4.3478260869565215,0.0,0.0,4.3478260869565215,0.0,4.3478260869565215,4.3478260869565215,13.043478260869565,4.3478260869565215,0.0,4.3478260869565215,8.695652173913043,4.3478260869565215,8.695652173913043,0
15,1,-0.56,1860.1234,0.2,8.249519538879394,0.0,6.666666666666667,6.666666666666667,0.0,20.0,6.666666666666667,0.0,6.666666666666667,0.0,0.0,6.666666666666667,6.666666666666667,6.666666666666667,13.333333333333334,13.333333333333334,0.0,6.666666666666667,0.0,0.0,0.0,0
39,6,-0.5692307692307692,4711.5145999999995,0.12820512820512822,10.605258750915528,2.5641025641025643,0.0,5.128205128205129,7.6923076923076925,12.820512820512821,5.128205128205129,0.0,7.6923076923076925,15.384615384615385,10.256410256410257,0.0,2.5641025641025643,2.5641025641025643,2.5641025641025643,12.820512820512821,5.128205128205129,2.5641025641025643,5.128205128205129,0.0,0.0,1
17,4,-0.09411764705882353,2102.5275,0.11764705882352942,11.723011589050294,0.0,0.0,5.882352941176471,0.0,11.764705882352942,5.882352941176471,0.0,11.764705882352942,11.764705882352942,11.764705882352942,0.0,5.882352941176471,0.0,5.882352941176471,17.647058823529413,0.0,0.0,11.764705882352942,0.0,0.0,1
16,4,-2.10625,1934.1676000000002,0.0,11.723011589050294,0.0,0.0,6.25,0.0,0.0,6.25,6.25,6.25,12.5,6.25,0.0,6.25,6.25,12.5,18.75,6.25,6.25,0.0,0.0,0.0,0
19,-1,-0.7526315789473684,2141.3204,0.052631578947368425,5.990284156799316,10.526315789473685,5.2631578947368425,5.2631578947368425,5.2631578947368425,0.0,0.0,10.526315789473685,5.2631578947368425,5.2631578947368425,5.2631578947368425,0.0,10.526315789473685,5.2631578947368425,5.2631578947368425,0.0,5.2631578947368425,10.526315789473685,5.2631578947368425,0.0,5.2631578947368425,0
31,4,0.022580645161290328,3305.9132,0.06451612903225806,9.59413661956787,9.67741935483871,6.451612903225806,3.225806451612903,3.225806451612903,3.225806451612903,16.129032258064516,0.0,12.903225806451612,16.129032258064516,6.451612903225806,0.0,6.451612903225806,0.0,0.0,3.225806451612903,0.0,6.451612903225806,3.225806451612903,3.225806451612903,0.0,1
10,0,-0.9,1337.4993,0.30000000000000004,6.2742517471313475,0.0,10.0,0.0,20.0,10.0,0.0,0.0,10.0,10.0,0.0,0.0,0.0,0.0,0.0,10.0,10.0,0.0,0.0,0.0,20.0,0
10,3,-0.10999999999999999,1141.3675,0.0,11.999967765808105,20.0,0.0,0.0,0.0,0.0,0.0,0.0,10.0,10.0,10.0,0.0,0.0,0.0,10.0,20.0,10.0,0.0,10.0,0.0,0.0,1
13,4,0.4461538461538461,1511.9354999999998,0.07692307692307693,10.47786922454834,15.384615384615385,0.0,0.0,0.0,0.0,0.0,0.0,0.0,30.76923076923077,30.76923076923077,0.0,0.0,0.0,0.0,0.0,0.0,7.6923076923076925,7.6923076923076925,7.6923076923076925,0.0,1
13,-2,-2.230769230769231,1642.6646999999998,0.07692307692307693,5.320152473449707,0.0,7.6923076923076925,15.384615384615385,7.6923076923076925,0.0,0.0,15.384615384615385,0.0,0.0,0.0,0.0,0.0,0.0,15.384615384615385,7.6923076923076925,7.6923076923076925,15.384615384615385,0.0,7.6923076923076925,0.0,0
24,0,-0.6625,2819.1142,0.125,6.471880912780762,16.666666666666668,4.166666666666667,8.333333333333334,4.166666666666667,0.0,0.0,4.166666666666667,4.166666666666667,4.166666666666667,8.333333333333334,0.0,4.166666666666667,4.166666666666667,0.0,8.333333333333334,4.166666666666667,12.5,0.0,8.333333333333334,4.166666666666667,0
13,3,-1.0692307692307692,1907.2692999999997,0.3846153846153846,11.999967765808105,0.0,0.0,0.0,0.0,0.0,0.0,0.0,7.6923076923076925,7.6923076923076925,7.6923076923076925,0.0,0.0,23.076923076923077,0.0,15.384615384615385,0.0,0.0,0.0,38.46153846153846,0.0,1
12,7,-0.8416666666666667,1627.0394,0.08333333333333334,11.999967765808105,0.0,0.0,0.0,0.0,8.333333333333334,0.0,0.0,16.666666666666668,16.666666666666668,0.0,0.0,0.0,0.0,0.0,41.666666666666664,0.0,0.0,16.666666666666668,0.0,0.0,1
13,3,-0.6153846153846154,1685.0255,0.15384615384615385,11.00038547515869,7.6923076923076925,0.0,0.0,0.0,7.6923076923076925,0.0,0.0,7.6923076923076925,7.6923076923076925,7.6923076923076925,15.384615384615385,15.384615384615385,0.0,7.6923076923076925,15.384615384615385,0.0,0.0,0.0,0.0,7.6923076923076925,0
25,0,-0.35200000000000004,2877.2346,0.08,6.744367027282716,8.0,4.0,8.0,4.0,0.0,4.0,4.0,16.0,4.0,8.0,0.0,4.0,4.0,4.0,8.0,8.0,4.0,0.0,0.0,8.0,0
13,-2,-1.5076923076923079,1525.6394,0.0,5.347264671325683,0.0,0.0,7.6923076923076925,15.384615384615385,0.0,0.0,15.384615384615385,0.0,7.6923076923076925,7.6923076923076925,7.6923076923076925,0.0,7.6923076923076925,0.0,0.0,7.6923076923076925,23.076923076923077,0.0,0.0,0.0,0
35,-1,-0.582857142857143,4112.4313,0.22857142857142856,5.9587385177612315,8.571428571428571,5.714285714285714,8.571428571428571,0.0,11.428571428571429,0.0,5.714285714285714,0.0,2.857142857142857,0.0,0.0,5.714285714285714,8.571428571428571,2.857142857142857,2.857142857142857,14.285714285714286,5.714285714285714,5.714285714285714,5.714285714285714,5.714285714285714,0
69,14,-0.6043478260869566,7905.525,0.08695652173913043,10.15875072479248,10.144927536231885,0.0,2.898550724637681,5.797101449275362,2.898550724637681,7.246376811594203,0.0,7.246376811594203,27.536231884057973,8.695652173913043,4.3478260869565215,1.4492753623188406,0.0,4.3478260869565215,1.4492753623188406,4.3478260869565215,1.4492753623188406,4.3478260869565215,1.4492753623188406,4.3478260869565215,1
25,2,-0.648,2851.2652,0.08,8.655863761901855,8.0,12.0,4.0,4.0,8.0,4.0,0.0,0.0,12.0,0.0,4.0,8.0,0.0,12.0,4.0,0.0,12.0,8.0,0.0,0.0,0
13,1,1.2461538461538462,1473.7979,0.15384615384615385,8.045283699035647,0.0,15.384615384615385,0.0,0.0,7.6923076923076925,0.0,0.0,15.384615384615385,7.6923076923076925,0.0,0.0,0.0,7.6923076923076925,0.0,0.0,7.6923076923076925,15.384615384615385,15.384615384615385,0.0,7.6923076923076925,0
21,0,-0.20000000000000004,2357.6422,0.14285714285714285,5.952713584899903,0.0,4.761904761904762,9.523809523809524,0.0,0.0,23.80952380952381,0.0,4.761904761904762,0.0,19.047619047619047,0.0,0.0,0.0,4.761904761904762,9.523809523809524,0.0,9.523809523809524,0.0,4.761904761904762,9.523809523809524,0
31,-1,-0.6419354838709678,4027.5203,0.29032258064516125,5.514200782775878,0.0,6.451612903225806,6.451612903225806,3.225806451612903,6.451612903225806,3.225806451612903,3.225806451612903,3.225806451612903,3.225806451612903,6.451612903225806,3.225806451612903,6.451612903225806,6.451612903225806,6.451612903225806,3.225806451612903,3.225806451612903,3.225806451612903,3.225806451612903,12.903225806451612,9.67741935483871,0
23,4,0.9173913043478261,2420.978,0.043478260869565216,9.850656318664551,8.695652173913043,8.695652173913043,0.0,0.0,4.3478260869565215,8.695652173913043,0.0,8.695652173913043,13.043478260869565,17.391304347826086,0.0,4.3478260869565215,0.0,0.0,4.3478260869565215,13.043478260869565,0.0,8.695652173913043,0.0,0.0,1
8,1,0.19999999999999996,942.1123,0.125,8.440732765197758,0.0,0.0,0.0,0.0,12.5,0.0,12.5,25.0,12.5,0.0,0.0,0.0,12.5,0.0,0.0,12.5,12.5,0.0,0.0,0.0,1
12,3,-2.1166666666666667,1508.6847,0.16666666666666669,10.001770210266113,8.333333333333334,0.0,0.0,0.0,8.333333333333334,8.333333333333334,25.0,0.0,25.0,0.0,0.0,0.0,0.0,16.666666666666668,0.0,0.0,0.0,0.0,0.0,8.333333333333334,1
26,5,0.31538461538461526,3153.8498999999997,0.15384615384615385,11.333815956115721,0.0,0.0,0.0,0.0,15.384615384615385,7.6923076923076925,7.6923076923076925,7.6923076923076925,15.384615384615385,26.923076923076923,0.0,0.0,0.0,11.538461538461538,3.8461538461538463,3.8461538461538463,0.0,0.0,0.0,0.0,1
19,-1,-0.5157894736842106,2356.563,0.2631578947368421,4.370202445983887,5.2631578947368425,5.2631578947368425,5.2631578947368425,5.2631578947368425,0.0,0.0,0.0,5.2631578947368425,5.2631578947368425,5.2631578947368425,0.0,10.526315789473685,0.0,0.0,0.0,10.526315789473685,10.526315789473685,5.2631578947368425,10.526315789473685,15.789473684210526,0
64,-2,-0.23125000000000004,7658.7072,0.171875,6.278003120422363,4.6875,4.6875,6.25,3.125,6.25,4.6875,9.375,6.25,6.25,6.25,6.25,6.25,1.5625,3.125,0.0,3.125,6.25,4.6875,3.125,7.8125,0
16,3,0.55625,1716.1159,0.0625,10.00138339996338,6.25,0.0,6.25,0.0,6.25,12.5,0.0,12.5,25.0,12.5,0.0,0.0,0.0,0.0,0.0,6.25,0.0,12.5,0.0,0.0,1
32,6,-0.275,3355.9056,0.09375,10.142569160461427,12.5,3.125,0.0,0.0,6.25,12.5,0.0,6.25,18.75,6.25,0.0,9.375,3.125,3.125,0.0,6.25,6.25,3.125,0.0,3.125,1
7,3,-1.9142857142857144,1192.3759,0.5714285714285714,11.999967765808105,0.0,0.0,0.0,0.0,14.285714285714286,0.0,0.0,0.0,0.0,0.0,0.0,0.0,0.0,0.0,42.857142857142854,0.0,0.0,0.0,42.857142857142854,0.0,1
24,-4,0.39999999999999997,2711.0935999999997,0.08333333333333334,4.0500284194946286,0.0,4.166666666666667,4.166666666666667,12.5,0.0,12.5,0.0,12.5,0.0,8.333333333333334,8.333333333333334,8.333333333333334,0.0,0.0,0.0,4.166666666666667,8.333333333333334,8.333333333333334,8.333333333333334,0.0,0
12,1,1.7333333333333334,1470.865,0.25,8.058370780944824,16.666666666666668,16.666666666666668,0.0,0.0,8.333333333333334,0.0,0.0,16.666666666666668,8.333333333333334,0.0,8.333333333333334,0.0,0.0,0.0,0.0,0.0,0.0,8.333333333333334,16.666666666666668,0.0,0
19,5,-0.6315789473684211,2590.003,0.368421052631579,11.999967765808105,0.0,0.0,0.0,0.0,21.05263157894737,15.789473684210526,10.526315789473685,10.526315789473685,5.2631578947368425,0.0,0.0,0.0,0.0,0.0,21.05263157894737,0.0,0.0,0.0,15.789473684210526,0.0,1
28,1,-0.4035714285714286,3206.6146,0.07142857142857144,8.229534339904788,3.5714285714285716,3.5714285714285716,3.5714285714285716,0.0,3.5714285714285716,0.0,3.5714285714285716,10.714285714285714,0.0,0.0,3.5714285714285716,17.857142857142858,14.285714285714286,3.5714285714285716,7.142857142857143,10.714285714285714,0.0,10.714285714285714,3.5714285714285716,0.0,0
17,1,-2.0058823529411764,2269.4261,0.29411764705882354,8.336100578308105,5.882352941176471,0.0,11.764705882352942,0.0,0.0,0.0,0.0,0.0,11.764705882352942,0.0,0.0,5.882352941176471,0.0,17.647058823529413,5.882352941176471,0.0,5.882352941176471,5.882352941176471,5.882352941176471,23.529411764705884,0
15,0,-0.7866666666666667,1755.9279999999999,0.13333333333333333,6.8203039169311515,0.0,13.333333333333334,0.0,6.666666666666667,0.0,6.666666666666667,6.666666666666667,0.0,0.0,13.333333333333334,0.0,13.333333333333334,6.666666666666667,0.0,6.666666666666667,13.333333333333334,0.0,0.0,0.0,13.333333333333334,0
24,3,1.1041666666666667,2527.1032,0.04166666666666667,9.695867729187015,8.333333333333334,8.333333333333334,0.0,0.0,4.166666666666667,8.333333333333334,0.0,4.166666666666667,4.166666666666667,12.5,0.0,4.166666666666667,8.333333333333334,0.0,8.333333333333334,0.0,8.333333333333334,20.833333333333332,0.0,0.0,1
26,9,-0.43846153846153846,2902.5305,0.11538461538461539,11.333687019348144,11.538461538461538,0.0,0.0,0.0,7.6923076923076925,15.384615384615385,3.8461538461538463,7.6923076923076925,26.923076923076923,7.6923076923076925,0.0,0.0,0.0,0.0,7.6923076923076925,3.8461538461538463,0.0,3.8461538461538463,0.0,3.8461538461538463,1
23,0,-1.3695652173913044,2963.3271,0.17391304347826086,6.933015632629394,0.0,0.0,13.043478260869565,8.695652173913043,4.3478260869565215,4.3478260869565215,8.695652173913043,8.695652173913043,17.391304347826086,4.3478260869565215,4.3478260869565215,0.0,0.0,0.0,4.3478260869565215,4.3478260869565215,4.3478260869565215,0.0,8.695652173913043,4.3478260869565215,0
17,1,0.8647058823529411,2068.4612,0.29411764705882354,8.197300148010253,5.882352941176471,5.882352941176471,0.0,0.0,11.764705882352942,11.764705882352942,0.0,5.882352941176471,0.0,17.647058823529413,5.882352941176471,5.882352941176471,0.0,0.0,5.882352941176471,0.0,5.882352941176471,0.0,5.882352941176471,11.764705882352942,0
46,4,-1.3478260869565217,5920.5163999999995,0.2608695652173913,10.161522865295407,6.521739130434782,0.0,4.3478260869565215,0.0,8.695652173913043,4.3478260869565215,8.695652173913043,0.0,6.521739130434782,4.3478260869565215,2.1739130434782608,4.3478260869565215,4.3478260869565215,13.043478260869565,6.521739130434782,6.521739130434782,2.1739130434782608,0.0,13.043478260869565,4.3478260869565215,0
29,3,0.23448275862068968,3039.6350999999995,0.034482758620689655,9.243170738220215,10.344827586206897,6.896551724137931,6.896551724137931,0.0,3.4482758620689653,10.344827586206897,0.0,3.4482758620689653,17.24137931034483,10.344827586206897,3.4482758620689653,6.896551724137931,0.0,0.0,0.0,0.0,10.344827586206897,10.344827586206897,0.0,0.0,1
18,-1,-0.8999999999999999,1978.2134,0.05555555555555555,5.210055351257323,5.555555555555555,16.666666666666668,11.11111111111111,0.0,0.0,11.11111111111111,5.555555555555555,0.0,5.555555555555555,0.0,5.555555555555555,0.0,11.11111111111111,11.11111111111111,0.0,0.0,11.11111111111111,0.0,5.555555555555555,0.0,0
13,1,-1.0769230769230769,1508.7196999999999,0.15384615384615385,8.045606040954592,0.0,15.384615384615385,0.0,7.6923076923076925,0.0,7.6923076923076925,0.0,0.0,15.384615384615385,0.0,0.0,0.0,15.384615384615385,0.0,0.0,15.384615384615385,7.6923076923076925,0.0,15.384615384615385,0.0,0
32,5,1.15625,3040.7704,0.0,10.602164268493652,15.625,0.0,0.0,0.0,0.0,15.625,0.0,9.375,15.625,9.375,0.0,0.0,6.25,0.0,0.0,6.25,0.0,21.875,0.0,0.0,1
26,7,-0.2153846153846154,2949.5342,0.11538461538461539,10.778420829772951,11.538461538461538,0.0,0.0,0.0,7.6923076923076925,0.0,3.8461538461538463,3.8461538461538463,26.923076923076923,11.538461538461538,0.0,0.0,0.0,0.0,0.0,15.384615384615385,11.538461538461538,3.8461538461538463,3.8461538461538463,0.0,1
18,4,-1.5,2136.4645,0.05555555555555555,11.999967765808105,0.0,0.0,0.0,0.0,0.0,5.555555555555555,5.555555555555555,5.555555555555555,0.0,5.555555555555555,0.0,11.11111111111111,33.333333333333336,0.0,22.22222222222222,0.0,0.0,5.555555555555555,0.0,5.555555555555555,1
44,2,-0.615909090909091,4612.044,0.09090909090909091,8.480316352844238,9.090909090909092,9.090909090909092,4.545454545454546,0.0,0.0,18.181818181818183,6.818181818181818,4.545454545454546,9.090909090909092,0.0,0.0,9.090909090909092,0.0,2.272727272727273,0.0,4.545454545454546,9.090909090909092,4.545454545454546,4.545454545454546,4.545454545454546,1
8,1,-0.07500000000000005,1105.2871,0.375,8.465101814270021,0.0,0.0,0.0,0.0,0.0,0.0,0.0,0.0,12.5,25.0,0.0,0.0,0.0,0.0,0.0,25.0,0.0,0.0,37.5,0.0,1
18,6,-0.3277777777777778,2096.4916,0.1111111111111111,11.706507682800293,11.11111111111111,11.11111111111111,0.0,0.0,5.555555555555555,16.666666666666668,0.0,0.0,0.0,5.555555555555555,0.0,0.0,0.0,0.0,33.333333333333336,0.0,0.0,11.11111111111111,0.0,5.555555555555555,1
8,3,0.07500000000000001,942.1604,0.0,11.999967765808105,12.5,0.0,0.0,0.0,0.0,0.0,0.0,12.5,12.5,12.5,0.0,0.0,0.0,0.0,25.0,12.5,0.0,12.5,0.0,0.0,1
40,2,-0.4050000000000001,4834.5857,0.15,8.518997383117675,2.5,10.0,5.0,7.5,12.5,5.0,2.5,0.0,7.5,7.5,5.0,5.0,0.0,2.5,10.0,5.0,5.0,5.0,2.5,0.0,0
26,0,-0.41923076923076924,3303.8059,0.23076923076923078,6.912780952453613,3.8461538461538463,3.8461538461538463,3.8461538461538463,7.6923076923076925,11.538461538461538,0.0,7.6923076923076925,7.6923076923076925,11.538461538461538,7.6923076923076925,3.8461538461538463,3.8461538461538463,3.8461538461538463,3.8461538461538463,0.0,0.0,7.6923076923076925,0.0,3.8461538461538463,7.6923076923076925,0
34,0,0.22058823529411764,3750.3458,0.08823529411764706,6.731464576721191,11.764705882352942,0.0,5.882352941176471,5.882352941176471,8.823529411764707,5.882352941176471,2.9411764705882355,14.705882352941176,11.764705882352942,5.882352941176471,0.0,8.823529411764707,5.882352941176471,2.9411764705882355,0.0,0.0,0.0,8.823529411764707,0.0,0.0,1
78,-5,-1.432051282051282,9551.299899999998,0.19230769230769232,5.349822425842285,3.8461538461538463,2.5641025641025643,10.256410256410257,6.410256410256411,3.8461538461538463,5.128205128205129,6.410256410256411,3.8461538461538463,5.128205128205129,1.2820512820512822,1.2820512820512822,3.8461538461538463,11.538461538461538,5.128205128205129,5.128205128205129,1.2820512820512822,6.410256410256411,1.2820512820512822,5.128205128205129,10.256410256410257,0
21,6,0.20476190476190476,2136.6683,0.047619047619047616,10.699318122863769,28.571428571428573,0.0,0.0,0.0,0.0,14.285714285714286,0.0,0.0,28.571428571428573,23.80952380952381,0.0,0.0,0.0,0.0,0.0,0.0,0.0,0.0,4.761904761904762,0.0,1
12,5,-2.5166666666666666,1644.8856999999998,0.16666666666666669,11.166133689880368,8.333333333333334,0.0,0.0,0.0,8.333333333333334,0.0,33.333333333333336,0.0,25.0,0.0,0.0,0.0,0.0,0.0,16.666666666666668,0.0,0.0,0.0,0.0,8.333333333333334,1
45,2,0.9222222222222223,4078.7609999999995,0.044444444444444446,8.956479835510255,15.555555555555555,4.444444444444445,0.0,0.0,4.444444444444445,28.88888888888889,0.0,2.2222222222222223,2.2222222222222223,15.555555555555555,0.0,6.666666666666667,6.666666666666667,0.0,2.2222222222222223,0.0,2.2222222222222223,8.88888888888889,0.0,0.0,1
20,1,-0.495,2355.6461,0.2,8.021043586730958,0.0,10.0,5.0,0.0,5.0,10.0,0.0,5.0,5.0,5.0,0.0,5.0,5.0,10.0,5.0,5.0,5.0,5.0,0.0,15.0,0
10,4,-0.8799999999999999,1156.3822,0.0,11.999967765808105,20.0,0.0,0.0,0.0,0.0,0.0,0.0,10.0,20.0,0.0,0.0,0.0,0.0,10.0,20.0,10.0,0.0,10.0,0.0,0.0,1
26,8,0.09230769230769233,3197.9507,0.11538461538461539,11.603680610656738,7.6923076923076925,0.0,0.0,0.0,0.0,0.0,0.0,11.538461538461538,15.384615384615385,11.538461538461538,0.0,3.8461538461538463,3.8461538461538463,0.0,15.384615384615385,0.0,3.8461538461538463,15.384615384615385,3.8461538461538463,7.6923076923076925,1
30,2,0.26999999999999996,3177.6912,0.06666666666666667,9.699800300598145,3.3333333333333335,0.0,3.3333333333333335,3.3333333333333335,6.666666666666667,16.666666666666668,0.0,6.666666666666667,10.0,16.666666666666668,0.0,6.666666666666667,0.0,0.0,3.3333333333333335,0.0,16.666666666666668,6.666666666666667,0.0,0.0,1
10,1,-0.44000000000000006,1222.4798,0.1,8.74773120880127,10.0,0.0,10.0,0.0,10.0,0.0,0.0,0.0,10.0,0.0,20.0,0.0,10.0,10.0,10.0,0.0,0.0,10.0,0.0,0.0,0
12,1,0.10000000000000002,1429.7106999999999,0.08333333333333334,7.888625526428222,0.0,33.333333333333336,0.0,8.333333333333334,0.0,0.0,8.333333333333334,0.0,8.333333333333334,0.0,0.0,0.0,0.0,0.0,8.333333333333334,8.333333333333334,0.0,16.666666666666668,0.0,8.333333333333334,0
51,0,-0.3450980392156863,6476.508599999999,0.19607843137254904,6.728679466247559,0.0,3.9215686274509802,7.8431372549019605,5.882352941176471,7.8431372549019605,1.9607843137254901,1.9607843137254901,5.882352941176471,3.9215686274509802,9.803921568627452,5.882352941176471,0.0,5.882352941176471,3.9215686274509802,9.803921568627452,1.9607843137254901,7.8431372549019605,3.9215686274509802,5.882352941176471,5.882352941176471,0
37,6,0.3567567567567567,3870.5905000000002,0.08108108108108109,10.207811164855958,10.81081081081081,5.405405405405405,2.7027027027027026,0.0,8.108108108108109,13.513513513513514,0.0,5.405405405405405,13.513513513513514,10.81081081081081,0.0,2.7027027027027026,0.0,2.7027027027027026,5.405405405405405,10.81081081081081,0.0,8.108108108108109,0.0,0.0,1
27,3,0.34074074074074073,2703.1811,0.037037037037037035,9.825642585754395,11.11111111111111,0.0,0.0,3.7037037037037037,0.0,18.51851851851852,0.0,7.407407407407407,14.814814814814815,14.814814814814815,0.0,3.7037037037037037,0.0,0.0,0.0,3.7037037037037037,11.11111111111111,7.407407407407407,0.0,3.7037037037037037,1
21,2,-1.1102230246251565e-16,2636.0217,0.28571428571428575,11.00096569061279,0.0,0.0,0.0,0.0,28.571428571428573,4.761904761904762,23.80952380952381,9.523809523809524,4.761904761904762,4.761904761904762,0.0,0.0,9.523809523809524,0.0,4.761904761904762,9.523809523809524,0.0,0.0,0.0,0.0,1
31,1,-0.19354838709677422,3607.1423999999997,0.16129032258064516,8.175316429138185,9.67741935483871,3.225806451612903,3.225806451612903,3.225806451612903,6.451612903225806,3.225806451612903,0.0,6.451612903225806,6.451612903225806,3.225806451612903,6.451612903225806,3.225806451612903,6.451612903225806,6.451612903225806,3.225806451612903,9.67741935483871,6.451612903225806,3.225806451612903,6.451612903225806,3.225806451612903,0
11,-2,-2.0363636363636366,1464.498,0.2727272727272727,5.152136421203611,0.0,0.0,9.090909090909092,9.090909090909092,0.0,9.090909090909092,18.181818181818183,0.0,0.0,0.0,0.0,0.0,9.090909090909092,9.090909090909092,0.0,9.090909090909092,0.0,0.0,27.272727272727273,0.0,0
6,2,-0.6000000000000001,935.1245,0.5,11.000836753845213,0.0,0.0,0.0,0.0,16.666666666666668,0.0,0.0,0.0,16.666666666666668,16.666666666666668,0.0,0.0,0.0,0.0,16.666666666666668,0.0,0.0,0.0,33.333333333333336,0.0,1
23,1,-0.10434782608695657,2915.335,0.2608695652173913,8.766169166564943,4.3478260869565215,0.0,4.3478260869565215,0.0,13.043478260869565,8.695652173913043,13.043478260869565,13.043478260869565,0.0,4.3478260869565215,4.3478260869565215,4.3478260869565215,4.3478260869565215,0.0,8.695652173913043,0.0,4.3478260869565215,0.0,8.695652173913043,4.3478260869565215,0
31,3,-0.3258064516129033,3621.2021999999997,0.12903225806451613,8.674495124816897,0.0,19.35483870967742,3.225806451612903,3.225806451612903,6.451612903225806,9.67741935483871,0.0,3.225806451612903,3.225806451612903,6.451612903225806,0.0,3.225806451612903,3.225806451612903,6.451612903225806,12.903225806451612,3.225806451612903,6.451612903225806,3.225806451612903,0.0,6.451612903225806,1
27,-1,-0.2851851851851852,3045.4518999999996,0.14814814814814814,5.210566902160643,0.0,3.7037037037037037,7.407407407407407,0.0,3.7037037037037037,18.51851851851852,3.7037037037037037,0.0,0.0,7.407407407407407,11.11111111111111,7.407407407407407,7.407407407407407,3.7037037037037037,3.7037037037037037,3.7037037037037037,0.0,7.407407407407407,3.7037037037037037,7.407407407407407,0
24,-3,0.7166666666666667,2877.4031999999997,0.08333333333333334,5.223924064636229,4.166666666666667,0.0,0.0,12.5,0.0,0.0,12.5,29.166666666666668,0.0,0.0,4.166666666666667,0.0,12.5,4.166666666666667,0.0,0.0,0.0,12.5,4.166666666666667,4.166666666666667,0
25,2,-0.7360000000000001,3084.4453999999996,0.16,9.51658115386963,12.0,0.0,4.0,4.0,0.0,0.0,4.0,8.0,0.0,12.0,0.0,4.0,4.0,4.0,16.0,4.0,8.0,0.0,0.0,16.0,1
16,1,1.28125,1629.9802,0.0625,8.591073036193851,6.25,0.0,0.0,6.25,6.25,18.75,0.0,12.5,12.5,12.5,0.0,0.0,0.0,0.0,0.0,6.25,0.0,18.75,0.0,0.0,1
20,3,1.6,2239.8687999999997,0.15,9.390158653259277,15.0,10.0,0.0,0.0,15.0,0.0,0.0,5.0,15.0,30.0,0.0,0.0,5.0,0.0,0.0,5.0,0.0,0.0,0.0,0.0,1
11,3,-1.3272727272727274,1530.8459,0.09090909090909091,10.763593101501463,0.0,9.090909090909092,0.0,0.0,0.0,0.0,18.181818181818183,0.0,0.0,9.090909090909092,18.181818181818183,0.0,0.0,9.090909090909092,27.272727272727273,0.0,0.0,0.0,0.0,9.090909090909092,0
13,-3,0.19230769230769226,1554.7183,0.15384615384615385,4.13028507232666,7.6923076923076925,0.0,7.6923076923076925,15.384615384615385,7.6923076923076925,0.0,7.6923076923076925,7.6923076923076925,0.0,7.6923076923076925,7.6923076923076925,0.0,0.0,0.0,0.0,7.6923076923076925,7.6923076923076925,7.6923076923076925,0.0,7.6923076923076925,0
37,4,0.3567567567567567,3837.6173,0.027027027027027025,9.5143892288208,13.513513513513514,5.405405405405405,0.0,5.405405405405405,2.7027027027027026,10.81081081081081,0.0,8.108108108108109,16.216216216216218,10.81081081081081,2.7027027027027026,2.7027027027027026,0.0,2.7027027027027026,0.0,2.7027027027027026,10.81081081081081,5.405405405405405,0.0,0.0,1
14,3,-0.14285714285714288,1605.8875999999998,0.07142857142857144,11.999967765808105,7.142857142857143,0.0,0.0,0.0,7.142857142857143,14.285714285714286,7.142857142857143,0.0,0.0,14.285714285714286,0.0,0.0,7.142857142857143,7.142857142857143,21.428571428571427,0.0,0.0,14.285714285714286,0.0,0.0,1
18,4,-1.3888888888888888,2228.5315,0.16666666666666666,10.171579933166505,0.0,0.0,0.0,0.0,5.555555555555555,5.555555555555555,5.555555555555555,5.555555555555555,16.666666666666668,5.555555555555555,5.555555555555555,16.666666666666668,0.0,5.555555555555555,5.555555555555555,11.11111111111111,0.0,0.0,0.0,11.11111111111111,0
26,4,0.3846153846153845,2827.4242999999997,0.0,10.47786922454834,30.76923076923077,0.0,0.0,0.0,0.0,0.0,23.076923076923077,0.0,15.384615384615385,30.76923076923077,0.0,0.0,0.0,0.0,0.0,0.0,0.0,0.0,0.0,0.0,1
26,5,-0.6269230769230769,2990.5081999999998,0.07692307692307693,10.450341224670407,15.384615384615385,3.8461538461538463,3.8461538461538463,0.0,0.0,0.0,0.0,0.0,11.538461538461538,11.538461538461538,3.8461538461538463,3.8461538461538463,7.6923076923076925,3.8461538461538463,11.538461538461538,11.538461538461538,0.0,3.8461538461538463,3.8461538461538463,3.8461538461538463,0
25,5,-0.22399999999999998,2759.2540999999997,0.12,10.295294761657711,8.0,0.0,4.0,0.0,4.0,16.0,4.0,0.0,20.0,12.0,0.0,0.0,0.0,0.0,4.0,4.0,4.0,12.0,4.0,4.0,1
18,10,-1.1,2274.8851,0.1111111111111111,11.999967765808105,0.0,0.0,0.0,0.0,11.11111111111111,5.555555555555555,0.0,11.11111111111111,38.888888888888886,11.11111111111111,0.0,0.0,0.0,0.0,16.666666666666668,5.555555555555555,0.0,0.0,0.0,0.0,1
23,2,-0.04347826086956526,2572.9793999999997,0.13043478260869565,9.703281593322753,0.0,0.0,0.0,4.3478260869565215,8.695652173913043,17.391304347826086,8.695652173913043,13.043478260869565,13.043478260869565,4.3478260869565215,4.3478260869565215,4.3478260869565215,0.0,0.0,0.0,13.043478260869565,0.0,4.3478260869565215,4.3478260869565215,0.0,1
27,-2,-1.5555555555555556,3406.7120999999997,0.18518518518518517,4.895849418640137,0.0,0.0,7.407407407407407,11.11111111111111,3.7037037037037037,3.7037037037037037,3.7037037037037037,3.7037037037037037,7.407407407407407,3.7037037037037037,7.407407407407407,11.11111111111111,7.407407407407407,3.7037037037037037,3.7037037037037037,3.7037037037037037,3.7037037037037037,0.0,3.7037037037037037,11.11111111111111,0
12,3,-0.9249999999999999,1566.8515,0.16666666666666669,10.860424613952638,8.333333333333334,8.333333333333334,0.0,0.0,8.333333333333334,0.0,0.0,0.0,8.333333333333334,0.0,8.333333333333334,8.333333333333334,0.0,16.666666666666668,16.666666666666668,0.0,0.0,8.333333333333334,8.333333333333334,0.0,1
11,2,0.2454545454545454,1264.5628,0.09090909090909091,11.999967765808105,0.0,0.0,0.0,0.0,9.090909090909092,18.181818181818183,0.0,9.090909090909092,0.0,9.090909090909092,18.181818181818183,0.0,9.090909090909092,0.0,18.181818181818183,9.090909090909092,0.0,0.0,0.0,0.0,0
33,-4,-0.24242424242424243,4221.7226,0.2727272727272727,4.490985298156737,9.090909090909092,6.0606060606060606,6.0606060606060606,9.090909090909092,0.0,0.0,6.0606060606060606,9.090909090909092,3.0303030303030303,3.0303030303030303,6.0606060606060606,3.0303030303030303,0.0,0.0,0.0,6.0606060606060606,3.0303030303030303,3.0303030303030303,12.121212121212121,15.151515151515152,0
12,2,-2.4166666666666665,1477.5882,0.0,10.736709785461429,0.0,0.0,8.333333333333334,8.333333333333334,0.0,8.333333333333334,16.666666666666668,0.0,8.333333333333334,8.333333333333334,0.0,0.0,0.0,0.0,25.0,16.666666666666668,0.0,0.0,0.0,0.0,0
19,1,0.7789473684210526,2016.3456,0.052631578947368425,8.76417064666748,21.05263157894737,0.0,0.0,0.0,5.2631578947368425,0.0,10.526315789473685,15.789473684210526,5.2631578947368425,10.526315789473685,0.0,10.526315789473685,5.2631578947368425,0.0,0.0,10.526315789473685,0.0,5.2631578947368425,0.0,0.0,1
13,1,0.6230769230769231,1508.85,0.15384615384615385,7.9752710342407225,0.0,7.6923076923076925,0.0,0.0,7.6923076923076925,15.384615384615385,0.0,0.0,0.0,7.6923076923076925,23.076923076923077,7.6923076923076925,0.0,0.0,7.6923076923076925,7.6923076923076925,0.0,7.6923076923076925,0.0,7.6923076923076925,0
15,4,0.05333333333333334,1769.1653000000001,0.06666666666666667,10.306705665588378,6.666666666666667,6.666666666666667,0.0,0.0,0.0,0.0,6.666666666666667,0.0,13.333333333333334,13.333333333333334,0.0,0.0,6.666666666666667,0.0,13.333333333333334,6.666666666666667,0.0,20.0,0.0,6.666666666666667,0
15,5,-1.4802973661668754e-17,1803.281,0.13333333333333333,10.602486610412598,0.0,0.0,0.0,0.0,6.666666666666667,6.666666666666667,0.0,0.0,33.333333333333336,26.666666666666668,0.0,0.0,0.0,0.0,0.0,0.0,13.333333333333334,6.666666666666667,6.666666666666667,0.0,1
8,3,-0.26249999999999996,1184.4384,0.25,11.999967765808105,0.0,0.0,0.0,0.0,0.0,0.0,0.0,25.0,0.0,0.0,0.0,0.0,0.0,0.0,37.5,0.0,0.0,12.5,25.0,0.0,1
18,3,-1.4277777777777778,2122.4346,0.05555555555555555,11.711342811584473,0.0,0.0,0.0,0.0,0.0,5.555555555555555,5.555555555555555,11.11111111111111,0.0,5.555555555555555,0.0,11.11111111111111,33.333333333333336,5.555555555555555,16.666666666666668,0.0,0.0,0.0,0.0,5.555555555555555,1
26,2,-0.7461538461538463,3168.522,0.15384615384615385,9.520836067199706,15.384615384615385,0.0,3.8461538461538463,3.8461538461538463,0.0,0.0,3.8461538461538463,7.6923076923076925,0.0,11.538461538461538,0.0,7.6923076923076925,3.8461538461538463,3.8461538461538463,15.384615384615385,3.8461538461538463,3.8461538461538463,0.0,0.0,15.384615384615385,1
10,0,2.0300000000000002,1155.3822,0.2,5.524318122863768,0.0,0.0,0.0,0.0,10.0,0.0,0.0,10.0,0.0,10.0,0.0,0.0,0.0,0.0,0.0,0.0,30.0,30.0,0.0,10.0,0
12,3,-1.175,1557.8382,0.16666666666666669,9.628756141662599,0.0,8.333333333333334,0.0,0.0,0.0,0.0,8.333333333333334,8.333333333333334,16.666666666666668,0.0,8.333333333333334,8.333333333333334,0.0,0.0,8.333333333333334,0.0,16.666666666666668,0.0,0.0,16.666666666666668,0
10,-2,-2.1,1179.1922,0.0,4.407431983947753,0.0,0.0,10.0,30.0,0.0,0.0,0.0,0.0,10.0,10.0,0.0,0.0,0.0,0.0,10.0,30.0,0.0,0.0,0.0,0.0,0
24,4,1.0833333333333333,2551.2041,0.08333333333333334,9.70128307342529,0.0,8.333333333333334,0.0,0.0,8.333333333333334,12.5,0.0,4.166666666666667,16.666666666666668,20.833333333333332,0.0,0.0,4.166666666666667,0.0,0.0,8.333333333333334,4.166666666666667,12.5,0.0,0.0,1
9,-2,0.8444444444444444,970.1175000000001,0.0,4.0500284194946286,0.0,0.0,11.11111111111111,11.11111111111111,0.0,11.11111111111111,0.0,33.333333333333336,0.0,11.11111111111111,0.0,0.0,11.11111111111111,0.0,0.0,0.0,11.11111111111111,0.0,0.0,0.0,0
11,0,0.34545454545454546,1236.5247,0.0,5.828690910339356,9.090909090909092,9.090909090909092,9.090909090909092,0.0,0.0,0.0,0.0,18.181818181818183,9.090909090909092,0.0,18.181818181818183,0.0,9.090909090909092,9.090909090909092,0.0,9.090909090909092,0.0,0.0,0.0,0.0,0
27,2,-0.30000000000000004,3073.5903,0.0,8.902713203430178,0.0,7.407407407407407,0.0,7.407407407407407,0.0,7.407407407407407,0.0,7.407407407407407,7.407407407407407,22.22222222222222,0.0,11.11111111111111,0.0,7.407407407407407,7.407407407407407,0.0,14.814814814814815,0.0,0.0,0.0,1
16,0,0.38125,1822.0952000000002,0.1875,6.7029314041137695,18.75,6.25,0.0,0.0,6.25,0.0,6.25,0.0,0.0,6.25,0.0,12.5,18.75,0.0,0.0,0.0,0.0,12.5,12.5,0.0,0
26,-1,-0.7153846153846154,3167.4891,0.19230769230769232,6.023080253601075,3.8461538461538463,3.8461538461538463,0.0,7.6923076923076925,3.8461538461538463,3.8461538461538463,7.6923076923076925,0.0,0.0,7.6923076923076925,3.8461538461538463,7.6923076923076925,7.6923076923076925,3.8461538461538463,3.8461538461538463,7.6923076923076925,7.6923076923076925,3.8461538461538463,7.6923076923076925,7.6923076923076925,0
10,3,-0.049999999999999975,1113.3541,0.0,11.16626262664795,20.0,0.0,0.0,0.0,0.0,0.0,0.0,10.0,20.0,10.0,0.0,0.0,0.0,10.0,10.0,10.0,0.0,10.0,0.0,0.0,1
11,-3,-0.9090909090909091,1302.346,0.09090909090909091,4.0500284194946286,18.181818181818183,0.0,18.181818181818183,9.090909090909092,0.0,0.0,0.0,9.090909090909092,0.0,9.090909090909092,0.0,9.090909090909092,0.0,18.181818181818183,0.0,0.0,0.0,0.0,9.090909090909092,0.0,0
11,0,-0.29090909090909095,1426.5937999999999,0.36363636363636365,5.587238883972168,0.0,0.0,9.090909090909092,0.0,18.181818181818183,9.090909090909092,0.0,9.090909090909092,0.0,0.0,9.090909090909092,9.090909090909092,0.0,0.0,9.090909090909092,0.0,9.090909090909092,0.0,0.0,18.181818181818183,0
33,1,-0.4454545454545455,3918.38,0.12121212121212122,8.07726001739502,3.0303030303030303,6.0606060606060606,6.0606060606060606,3.0303030303030303,9.090909090909092,0.0,6.0606060606060606,12.121212121212121,3.0303030303030303,0.0,0.0,9.090909090909092,6.0606060606060606,3.0303030303030303,9.090909090909092,12.121212121212121,3.0303030303030303,6.0606060606060606,3.0303030303030303,0.0,0
34,5,-0.5794117647058823,3988.6670999999997,0.08823529411764706,10.425198554992676,2.9411764705882355,2.9411764705882355,5.882352941176471,5.882352941176471,5.882352941176471,14.705882352941176,0.0,11.764705882352942,11.764705882352942,11.764705882352942,0.0,0.0,0.0,5.882352941176471,14.705882352941176,2.9411764705882355,0.0,0.0,2.9411764705882355,0.0,1
30,0,0.2933333333333333,3342.7124000000003,0.2666666666666667,6.722199821472168,13.333333333333334,6.666666666666667,3.3333333333333335,0.0,10.0,16.666666666666668,3.3333333333333335,3.3333333333333335,0.0,6.666666666666667,0.0,3.3333333333333335,0.0,3.3333333333333335,3.3333333333333335,0.0,6.666666666666667,3.3333333333333335,0.0,16.666666666666668,0
26,0,0.25769230769230766,3055.553,0.19230769230769232,6.721460914611817,7.6923076923076925,11.538461538461538,0.0,3.8461538461538463,3.8461538461538463,7.6923076923076925,3.8461538461538463,11.538461538461538,0.0,0.0,7.6923076923076925,0.0,3.8461538461538463,3.8461538461538463,3.8461538461538463,7.6923076923076925,7.6923076923076925,0.0,7.6923076923076925,7.6923076923076925,0
12,4,0.9166666666666666,1421.7796999999998,0.0,11.999967765808105,16.666666666666668,0.0,0.0,0.0,0.0,0.0,0.0,16.666666666666668,0.0,8.333333333333334,0.0,0.0,0.0,0.0,33.333333333333336,0.0,0.0,25.0,0.0,0.0,1
43,1,0.29302325581395344,4951.7582,0.16279069767441862,8.386514854431152,2.3255813953488373,0.0,0.0,4.651162790697675,6.976744186046512,9.30232558139535,2.3255813953488373,13.953488372093023,4.651162790697675,9.30232558139535,4.651162790697675,4.651162790697675,4.651162790697675,2.3255813953488373,2.3255813953488373,6.976744186046512,9.30232558139535,2.3255813953488373,2.3255813953488373,6.976744186046512,0
19,5,-1.2421052631578948,2294.6943,0.10526315789473685,10.295359230041502,5.2631578947368425,0.0,5.2631578947368425,5.2631578947368425,10.526315789473685,0.0,0.0,5.2631578947368425,31.57894736842105,5.2631578947368425,0.0,5.2631578947368425,0.0,5.2631578947368425,5.2631578947368425,10.526315789473685,0.0,5.2631578947368425,0.0,0.0,1
19,3,-1.1473684210526316,2346.6578,0.10526315789473685,9.692257499694826,5.2631578947368425,10.526315789473685,5.2631578947368425,0.0,0.0,10.526315789473685,15.789473684210526,5.2631578947368425,5.2631578947368425,0.0,0.0,0.0,0.0,5.2631578947368425,15.789473684210526,0.0,5.2631578947368425,5.2631578947368425,10.526315789473685,0.0,0
17,3,-1.1176470588235294,2318.7205,0.23529411764705885,9.626886558532714,5.882352941176471,5.882352941176471,0.0,11.764705882352942,0.0,0.0,0.0,5.882352941176471,11.764705882352942,5.882352941176471,5.882352941176471,0.0,0.0,0.0,17.647058823529413,5.882352941176471,0.0,0.0,11.764705882352942,11.764705882352942,0
24,4,1.0583333333333333,2569.2441999999996,0.125,9.70128307342529,20.833333333333332,8.333333333333334,0.0,0.0,12.5,4.166666666666667,0.0,12.5,16.666666666666668,8.333333333333334,4.166666666666667,0.0,8.333333333333334,0.0,0.0,4.166666666666667,0.0,0.0,0.0,0.0,1
30,-2,-0.26333333333333336,3518.9466,0.1,4.407318305969238,6.666666666666667,3.3333333333333335,3.3333333333333335,10.0,0.0,3.3333333333333335,0.0,13.333333333333334,0.0,6.666666666666667,0.0,0.0,6.666666666666667,10.0,6.666666666666667,3.3333333333333335,13.333333333333334,3.3333333333333335,6.666666666666667,3.3333333333333335,0
10,2,-0.72,1177.3134,0.1,11.999967765808105,0.0,0.0,0.0,0.0,10.0,10.0,0.0,0.0,0.0,10.0,0.0,0.0,0.0,20.0,20.0,20.0,0.0,10.0,0.0,0.0,1
10,-2,0.5199999999999999,1091.2359,0.1,4.0500284194946286,0.0,30.0,0.0,20.0,10.0,10.0,0.0,0.0,0.0,10.0,0.0,0.0,0.0,0.0,0.0,10.0,10.0,0.0,0.0,0.0,0
15,7,-1.6133333333333333,1886.335,0.06666666666666667,11.263738822937015,0.0,0.0,0.0,6.666666666666667,6.666666666666667,6.666666666666667,0.0,13.333333333333334,40.0,6.666666666666667,0.0,6.666666666666667,0.0,0.0,13.333333333333334,0.0,0.0,0.0,0.0,0.0,1
11,2,-0.8272727272727273,1229.4264,0.0,9.994936561584474,9.090909090909092,0.0,0.0,9.090909090909092,0.0,0.0,0.0,9.090909090909092,18.181818181818183,0.0,0.0,0.0,9.090909090909092,0.0,9.090909090909092,9.090909090909092,18.181818181818183,9.090909090909092,0.0,0.0,0
12,5,0.1666666666666667,1464.8077999999998,0.0,11.999967765808105,16.666666666666668,0.0,0.0,0.0,0.0,0.0,0.0,8.333333333333334,0.0,8.333333333333334,0.0,0.0,0.0,0.0,41.666666666666664,0.0,0.0,25.0,0.0,0.0,1
11,6,-0.4,1352.8371,0.0,10.699318122863769,0.0,0.0,0.0,0.0,0.0,0.0,0.0,0.0,54.54545454545455,45.45454545454545,0.0,0.0,0.0,0.0,0.0,0.0,0.0,0.0,0.0,0.0,1
13,-2,-0.25384615384615394,1632.7951999999998,0.23076923076923078,5.748604774475097,0.0,0.0,7.6923076923076925,7.6923076923076925,15.384615384615385,7.6923076923076925,23.076923076923077,7.6923076923076925,0.0,7.6923076923076925,7.6923076923076925,0.0,0.0,0.0,0.0,7.6923076923076925,0.0,0.0,0.0,7.6923076923076925,0
10,1,-1.9300000000000002,1263.4292,0.0,8.76197872161865,0.0,0.0,0.0,10.0,0.0,10.0,20.0,10.0,10.0,0.0,10.0,0.0,0.0,20.0,10.0,0.0,0.0,0.0,0.0,0.0,0
19,2,-1.2473684210526315,2285.5633,0.10526315789473685,9.994291877746583,10.526315789473685,0.0,10.526315789473685,5.2631578947368425,10.526315789473685,5.2631578947368425,5.2631578947368425,5.2631578947368425,10.526315789473685,5.2631578947368425,0.0,0.0,5.2631578947368425,5.2631578947368425,15.789473684210526,0.0,5.2631578947368425,0.0,0.0,0.0,0
12,4,0.44166666666666665,1477.8379,0.16666666666666669,11.097152519226071,16.666666666666668,0.0,0.0,0.0,8.333333333333334,0.0,0.0,16.666666666666668,16.666666666666668,8.333333333333334,0.0,0.0,0.0,0.0,16.666666666666668,0.0,0.0,8.333333333333334,0.0,8.333333333333334,1
9,1,0.6,1055.2699,0.1111111111111111,8.440732765197758,0.0,0.0,0.0,0.0,11.11111111111111,0.0,11.11111111111111,22.22222222222222,11.11111111111111,11.11111111111111,0.0,0.0,11.11111111111111,0.0,0.0,11.11111111111111,11.11111111111111,0.0,0.0,0.0,1
15,5,0.9199999999999999,1863.5051000000003,0.06666666666666667,10.602486610412598,0.0,0.0,0.0,0.0,0.0,0.0,0.0,0.0,33.333333333333336,60.0,0.0,0.0,0.0,0.0,0.0,0.0,0.0,0.0,6.666666666666667,0.0,1
14,0,-1.5642857142857145,1637.8168999999998,0.07142857142857144,6.747038459777833,0.0,0.0,14.285714285714286,0.0,7.142857142857143,7.142857142857143,7.142857142857143,0.0,7.142857142857143,0.0,7.142857142857143,7.142857142857143,21.428571428571427,7.142857142857143,7.142857142857143,0.0,0.0,7.142857142857143,0.0,0.0,0
25,6,0.5640000000000001,2378.9003,0.04,10.699318122863769,60.0,0.0,0.0,0.0,0.0,0.0,0.0,0.0,24.0,12.0,0.0,0.0,0.0,0.0,0.0,0.0,0.0,0.0,4.0,0.0,1
12,7,-0.6916666666666668,1481.0094,0.0,10.778420829772951,0.0,0.0,0.0,0.0,0.0,0.0,0.0,0.0,58.333333333333336,41.666666666666664,0.0,0.0,0.0,0.0,0.0,0.0,0.0,0.0,0.0,0.0,1
12,4,0.9166666666666666,1421.7796999999998,0.0,11.999967765808105,16.666666666666668,0.0,0.0,0.0,0.0,0.0,0.0,16.666666666666668,0.0,8.333333333333334,0.0,0.0,0.0,0.0,33.333333333333336,0.0,0.0,25.0,0.0,0.0,1
77,-5,-0.49610389610389616,9422.5679,0.19480519480519481,5.029648399353028,1.2987012987012987,3.896103896103896,10.38961038961039,3.896103896103896,9.090909090909092,5.194805194805195,5.194805194805195,5.194805194805195,5.194805194805195,3.896103896103896,5.194805194805195,0.0,3.896103896103896,9.090909090909092,2.5974025974025974,6.4935064935064934,3.896103896103896,5.194805194805195,7.792207792207792,2.5974025974025974,0
17,1,0.9352941176470588,1739.0664,0.05882352941176471,8.598357963562016,11.764705882352942,0.0,5.882352941176471,0.0,5.882352941176471,17.647058823529413,5.882352941176471,23.529411764705884,11.764705882352942,5.882352941176471,0.0,0.0,0.0,0.0,0.0,5.882352941176471,0.0,5.882352941176471,0.0,0.0,1
14,0,0.3714285714285714,1557.8794999999998,0.07142857142857144,5.822552299499511,0.0,14.285714285714286,7.142857142857143,0.0,7.142857142857143,14.285714285714286,0.0,7.142857142857143,0.0,7.142857142857143,14.285714285714286,0.0,7.142857142857143,7.142857142857143,7.142857142857143,7.142857142857143,0.0,0.0,0.0,0.0,0
39,2,0.17179487179487177,4778.6893,0.20512820512820515,9.115587806701662,10.256410256410257,2.5641025641025643,2.5641025641025643,2.5641025641025643,5.128205128205129,2.5641025641025643,5.128205128205129,5.128205128205129,5.128205128205129,5.128205128205129,12.820512820512821,0.0,5.128205128205129,0.0,5.128205128205129,7.6923076923076925,2.5641025641025643,5.128205128205129,10.256410256410257,5.128205128205129,0
22,7,-0.36818181818181817,2483.0544,0.0,11.433484077453613,18.181818181818183,0.0,0.0,0.0,0.0,0.0,9.090909090909092,4.545454545454546,27.272727272727273,18.181818181818183,0.0,4.545454545454546,0.0,0.0,4.545454545454546,0.0,9.090909090909092,4.545454545454546,0.0,0.0,1
26,9,-0.27692307692307694,2958.6367999999998,0.11538461538461539,11.333687019348144,11.538461538461538,0.0,0.0,0.0,7.6923076923076925,11.538461538461538,3.8461538461538463,7.6923076923076925,26.923076923076923,11.538461538461538,0.0,0.0,0.0,0.0,7.6923076923076925,3.8461538461538463,0.0,3.8461538461538463,0.0,3.8461538461538463,1
20,3,1.515,2277.9598,0.15,9.390158653259277,5.0,10.0,0.0,0.0,15.0,5.0,0.0,0.0,15.0,40.0,0.0,0.0,10.0,0.0,0.0,0.0,0.0,0.0,0.0,0.0,1
12,4,-0.5666666666666667,1551.8833,0.16666666666666669,11.712567710876463,16.666666666666668,8.333333333333334,0.0,0.0,8.333333333333334,0.0,0.0,0.0,8.333333333333334,0.0,8.333333333333334,0.0,0.0,8.333333333333334,25.0,0.0,0.0,8.333333333333334,8.333333333333334,0.0,1
18,-1,-0.8166666666666668,2295.6589,0.1111111111111111,5.497887992858886,0.0,0.0,0.0,16.666666666666668,0.0,5.555555555555555,5.555555555555555,5.555555555555555,5.555555555555555,11.11111111111111,16.666666666666668,5.555555555555555,0.0,5.555555555555555,5.555555555555555,5.555555555555555,0.0,0.0,5.555555555555555,5.555555555555555,0
19,-5,-1.3315789473684212,2214.2817999999997,0.052631578947368425,4.4118654251098635,5.2631578947368425,5.2631578947368425,15.789473684210526,15.789473684210526,5.2631578947368425,0.0,10.526315789473685,10.526315789473685,5.2631578947368425,0.0,0.0,10.526315789473685,5.2631578947368425,0.0,0.0,5.2631578947368425,5.2631578947368425,0.0,0.0,0.0,0
11,-2,0.3818181818181818,1286.4956,0.09090909090909091,4.8146265029907225,0.0,9.090909090909092,0.0,18.181818181818183,0.0,9.090909090909092,9.090909090909092,0.0,0.0,36.36363636363637,0.0,0.0,9.090909090909092,0.0,0.0,0.0,0.0,0.0,0.0,9.090909090909092,0
16,1,0.98125,1842.2986,0.125,8.312956428527833,0.0,18.75,0.0,0.0,6.25,6.25,6.25,12.5,6.25,0.0,12.5,0.0,6.25,0.0,0.0,12.5,0.0,6.25,6.25,0.0,0
47,3,-1.0,5404.0781,0.06382978723404255,8.52138271331787,0.0,17.02127659574468,6.382978723404255,4.25531914893617,4.25531914893617,8.51063829787234,4.25531914893617,2.127659574468085,6.382978723404255,6.382978723404255,0.0,12.76595744680851,4.25531914893617,0.0,10.638297872340425,4.25531914893617,6.382978723404255,0.0,2.127659574468085,0.0,1
18,2,-0.9944444444444444,2243.5065,0.16666666666666669,9.02346248626709,0.0,11.11111111111111,0.0,0.0,0.0,5.555555555555555,0.0,5.555555555555555,0.0,0.0,5.555555555555555,5.555555555555555,0.0,16.666666666666668,11.11111111111111,22.22222222222222,0.0,0.0,16.666666666666668,0.0,0
9,3,0.2111111111111111,1126.3975,0.1111111111111111,11.999967765808105,22.22222222222222,0.0,0.0,0.0,0.0,0.0,0.0,11.11111111111111,11.11111111111111,22.22222222222222,0.0,0.0,0.0,0.0,22.22222222222222,0.0,0.0,0.0,11.11111111111111,0.0,1
14,0,-0.1571428571428572,1869.1316999999997,0.28571428571428575,6.688835334777832,0.0,7.142857142857143,0.0,7.142857142857143,14.285714285714286,0.0,14.285714285714286,7.142857142857143,0.0,0.0,7.142857142857143,7.142857142857143,0.0,0.0,7.142857142857143,7.142857142857143,0.0,7.142857142857143,7.142857142857143,7.142857142857143,0
12,3,1.875,1420.9506,0.0,10.302063941955566,0.0,0.0,0.0,0.0,0.0,0.0,0.0,0.0,25.0,75.0,0.0,0.0,0.0,0.0,0.0,0.0,0.0,0.0,0.0,0.0,1
14,-4,-0.9142857142857143,1496.4853999999998,0.07142857142857144,4.0500284194946286,7.142857142857143,0.0,21.428571428571427,7.142857142857143,0.0,7.142857142857143,0.0,0.0,0.0,0.0,0.0,0.0,7.142857142857143,7.142857142857143,0.0,7.142857142857143,14.285714285714286,14.285714285714286,0.0,7.142857142857143,0
20,-2,-0.41500000000000004,2239.5495,0.0,5.20391674041748,5.0,0.0,10.0,5.0,0.0,5.0,10.0,20.0,5.0,5.0,5.0,0.0,15.0,10.0,0.0,5.0,0.0,0.0,0.0,0.0,0
13,-3,-1.1076923076923078,1533.6827999999998,0.0,4.0500284194946286,0.0,7.6923076923076925,7.6923076923076925,23.076923076923077,0.0,7.6923076923076925,0.0,7.6923076923076925,0.0,0.0,7.6923076923076925,0.0,7.6923076923076925,15.384615384615385,7.6923076923076925,0.0,0.0,7.6923076923076925,0.0,0.0,0
37,4,-1.0567567567567568,4322.8866,0.08108108108108107,11.000256538391113,0.0,0.0,5.405405405405405,0.0,2.7027027027027026,8.108108108108109,2.7027027027027026,16.216216216216218,8.108108108108109,0.0,0.0,10.81081081081081,13.513513513513514,8.108108108108109,8.108108108108109,2.7027027027027026,5.405405405405405,2.7027027027027026,5.405405405405405,0.0,1
10,3,0.22000000000000003,1308.622,0.2,8.97536907196045,0.0,40.0,0.0,0.0,10.0,0.0,0.0,0.0,0.0,0.0,0.0,0.0,0.0,0.0,30.0,0.0,0.0,10.0,0.0,10.0,1
34,-1,-1.0970588235294116,3991.2996000000003,0.17647058823529413,6.01120090484619,8.823529411764707,0.0,2.9411764705882355,5.882352941176471,2.9411764705882355,14.705882352941176,5.882352941176471,2.9411764705882355,0.0,0.0,5.882352941176471,2.9411764705882355,2.9411764705882355,14.705882352941176,5.882352941176471,0.0,5.882352941176471,2.9411764705882355,2.9411764705882355,11.764705882352942,0
11,0,-0.8545454545454546,1315.522,0.0,6.747777366638184,0.0,9.090909090909092,0.0,18.181818181818183,0.0,9.090909090909092,9.090909090909092,9.090909090909092,9.090909090909092,0.0,9.090909090909092,9.090909090909092,0.0,0.0,9.090909090909092,0.0,0.0,9.090909090909092,0.0,0.0,0
31,2,0.6419354838709677,3307.9703,0.06451612903225806,8.333779716491701,0.0,19.35483870967742,0.0,3.225806451612903,3.225806451612903,9.67741935483871,0.0,9.67741935483871,6.451612903225806,6.451612903225806,0.0,6.451612903225806,6.451612903225806,0.0,3.225806451612903,9.67741935483871,3.225806451612903,9.67741935483871,0.0,3.225806451612903,1
2,0,2.8,312.36289999999997,1.0,5.525000190734862,0.0,0.0,0.0,0.0,100.0,0.0,0.0,0.0,0.0,0.0,0.0,0.0,0.0,0.0,0.0,0.0,0.0,0.0,0.0,0.0,1
38,2,0.1421052631578947,3912.5197,0.026315789473684213,8.636329841613772,5.2631578947368425,7.894736842105263,2.6315789473684212,2.6315789473684212,0.0,15.789473684210526,5.2631578947368425,5.2631578947368425,7.894736842105263,15.789473684210526,0.0,2.6315789473684212,2.6315789473684212,2.6315789473684212,2.6315789473684212,13.157894736842104,0.0,5.2631578947368425,0.0,2.6315789473684212,1
24,4,1.2541666666666667,2565.2322999999997,0.125,9.70128307342529,16.666666666666668,8.333333333333334,0.0,0.0,12.5,4.166666666666667,0.0,12.5,16.666666666666668,8.333333333333334,0.0,0.0,8.333333333333334,0.0,0.0,4.166666666666667,0.0,8.333333333333334,0.0,0.0,1
12,3,-0.975,1594.8648999999998,0.16666666666666669,11.700318717956542,8.333333333333334,8.333333333333334,0.0,0.0,8.333333333333334,0.0,0.0,0.0,0.0,0.0,8.333333333333334,8.333333333333334,0.0,16.666666666666668,25.0,0.0,0.0,8.333333333333334,8.333333333333334,0.0,1
16,0,-0.6062500000000001,2108.3929000000003,0.3125,6.2768663406372065,0.0,0.0,6.25,12.5,12.5,6.25,0.0,6.25,12.5,12.5,0.0,0.0,0.0,0.0,6.25,0.0,6.25,0.0,6.25,12.5,0
15,-1,-0.7933333333333333,1872.0415000000003,0.2,4.679122352600097,6.666666666666667,0.0,6.666666666666667,13.333333333333334,20.0,0.0,0.0,0.0,6.666666666666667,6.666666666666667,0.0,6.666666666666667,0.0,13.333333333333334,6.666666666666667,0.0,6.666666666666667,6.666666666666667,0.0,0.0,0
36,1,-0.7527777777777778,4123.6812,0.05555555555555555,7.970371437072753,2.7777777777777777,8.333333333333334,0.0,8.333333333333334,0.0,11.11111111111111,8.333333333333334,2.7777777777777777,5.555555555555555,5.555555555555555,8.333333333333334,8.333333333333334,0.0,2.7777777777777777,5.555555555555555,5.555555555555555,8.333333333333334,2.7777777777777777,2.7777777777777777,2.7777777777777777,0
90,8,0.17666666666666667,8782.9859,0.03333333333333333,9.351928901672363,17.77777777777778,8.88888888888889,2.2222222222222223,0.0,0.0,12.222222222222221,1.1111111111111112,4.444444444444445,5.555555555555555,4.444444444444445,0.0,1.1111111111111112,4.444444444444445,2.2222222222222223,5.555555555555555,14.444444444444445,5.555555555555555,6.666666666666667,0.0,3.3333333333333335,1
20,4,-0.41,2512.0075,0.1,11.000256538391113,0.0,0.0,5.0,5.0,5.0,5.0,0.0,15.0,15.0,10.0,0.0,5.0,0.0,5.0,15.0,0.0,0.0,10.0,5.0,0.0,1
9,-2,0.04444444444444443,991.0521000000001,0.1111111111111111,4.0500284194946286,11.11111111111111,0.0,22.22222222222222,0.0,11.11111111111111,0.0,0.0,11.11111111111111,0.0,0.0,0.0,0.0,11.11111111111111,11.11111111111111,0.0,11.11111111111111,0.0,11.11111111111111,0.0,0.0,0
30,1,-0.59,3654.2088000000003,0.1,8.049409675598145,0.0,6.666666666666667,3.3333333333333335,6.666666666666667,0.0,6.666666666666667,10.0,10.0,6.666666666666667,6.666666666666667,3.3333333333333335,3.3333333333333335,3.3333333333333335,6.666666666666667,6.666666666666667,3.3333333333333335,0.0,6.666666666666667,3.3333333333333335,6.666666666666667,0
43,1,-0.6,4930.522599999999,0.09302325581395349,7.964246940612793,6.976744186046512,9.30232558139535,4.651162790697675,6.976744186046512,2.3255813953488373,6.976744186046512,4.651162790697675,4.651162790697675,6.976744186046512,2.3255813953488373,2.3255813953488373,6.976744186046512,0.0,2.3255813953488373,6.976744186046512,9.30232558139535,2.3255813953488373,6.976744186046512,4.651162790697675,2.3255813953488373,0
11,2,1.0454545454545454,1309.5967,0.2727272727272727,10.002737236022949,18.181818181818183,0.0,0.0,0.0,18.181818181818183,0.0,0.0,0.0,18.181818181818183,18.181818181818183,0.0,0.0,0.0,0.0,0.0,9.090909090909092,0.0,9.090909090909092,9.090909090909092,0.0,1
26,1,-0.6692307692307692,3223.6467,0.15384615384615385,8.077131080627442,0.0,7.6923076923076925,3.8461538461538463,0.0,3.8461538461538463,3.8461538461538463,7.6923076923076925,3.8461538461538463,3.8461538461538463,0.0,7.6923076923076925,7.6923076923076925,0.0,11.538461538461538,3.8461538461538463,7.6923076923076925,7.6923076923076925,7.6923076923076925,11.538461538461538,0.0,0
45,11,-0.42888888888888893,5130.1109,0.044444444444444446,10.843533897399901,4.444444444444445,13.333333333333334,0.0,2.2222222222222223,2.2222222222222223,11.11111111111111,0.0,8.88888888888889,6.666666666666667,4.444444444444445,0.0,2.2222222222222223,2.2222222222222223,4.444444444444445,20.0,2.2222222222222223,8.88888888888889,4.444444444444445,0.0,2.2222222222222223,1
12,2,-1.3666666666666665,1396.6148,0.0,9.703281593322753,8.333333333333334,0.0,0.0,8.333333333333334,0.0,0.0,16.666666666666668,0.0,25.0,8.333333333333334,8.333333333333334,0.0,0.0,0.0,0.0,16.666666666666668,8.333333333333334,0.0,0.0,0.0,0
23,7,-0.6217391304347827,3016.5067,0.391304347826087,11.999967765808105,0.0,0.0,0.0,0.0,30.434782608695652,13.043478260869565,0.0,0.0,13.043478260869565,4.3478260869565215,0.0,4.3478260869565215,0.0,0.0,17.391304347826086,4.3478260869565215,4.3478260869565215,0.0,8.695652173913043,0.0,1
29,0,0.3413793103448276,2983.4228999999996,0.06896551724137931,5.9617509841918945,3.4482758620689653,20.689655172413794,0.0,3.4482758620689653,0.0,13.793103448275861,0.0,3.4482758620689653,0.0,3.4482758620689653,0.0,3.4482758620689653,6.896551724137931,0.0,3.4482758620689653,6.896551724137931,17.24137931034483,6.896551724137931,3.4482758620689653,3.4482758620689653,1
24,1,-0.8166666666666668,3001.3136999999997,0.16666666666666669,8.436413383483888,12.5,0.0,8.333333333333334,4.166666666666667,0.0,0.0,4.166666666666667,8.333333333333334,0.0,12.5,0.0,4.166666666666667,0.0,4.166666666666667,16.666666666666668,4.166666666666667,4.166666666666667,0.0,0.0,16.666666666666668,1
21,8,-0.9619047619047618,2914.4646,0.38095238095238093,11.999967765808105,0.0,0.0,0.0,0.0,19.047619047619047,14.285714285714286,0.0,0.0,14.285714285714286,9.523809523809524,0.0,0.0,0.0,0.0,23.80952380952381,0.0,0.0,0.0,19.047619047619047,0.0,1
4,2,-1.0499999999999998,416.5157,0.0,10.002737236022949,50.0,0.0,0.0,0.0,0.0,0.0,0.0,0.0,50.0,0.0,0.0,0.0,0.0,0.0,0.0,0.0,0.0,0.0,0.0,0.0,1
23,3,0.0826086956521739,2466.8972,0.13043478260869565,10.00138339996338,8.695652173913043,0.0,0.0,4.3478260869565215,13.043478260869565,17.391304347826086,4.3478260869565215,8.695652173913043,17.391304347826086,4.3478260869565215,4.3478260869565215,4.3478260869565215,0.0,0.0,0.0,8.695652173913043,0.0,4.3478260869565215,0.0,0.0,1
26,-1,0.9346153846153846,2922.399,0.11538461538461539,5.3206071853637695,7.6923076923076925,0.0,3.8461538461538463,3.8461538461538463,7.6923076923076925,7.6923076923076925,3.8461538461538463,23.076923076923077,0.0,3.8461538461538463,3.8461538461538463,3.8461538461538463,0.0,3.8461538461538463,3.8461538461538463,3.8461538461538463,7.6923076923076925,7.6923076923076925,0.0,3.8461538461538463,0
6,1,0.8166666666666665,718.9069,0.16666666666666669,8.22224941253662,0.0,16.666666666666668,0.0,0.0,0.0,16.666666666666668,0.0,0.0,16.666666666666668,33.333333333333336,0.0,0.0,0.0,0.0,0.0,0.0,0.0,0.0,16.666666666666668,0.0,0
13,3,-1.1,1448.6361,0.07692307692307693,9.69193515777588,0.0,15.384615384615385,0.0,0.0,0.0,30.76923076923077,7.6923076923076925,0.0,0.0,7.6923076923076925,0.0,7.6923076923076925,0.0,0.0,23.076923076923077,0.0,0.0,0.0,0.0,7.6923076923076925,1
43,9,-0.7232558139534884,5148.2035,0.16279069767441862,11.999967765808105,0.0,0.0,0.0,0.0,13.953488372093023,2.3255813953488373,0.0,11.627906976744185,0.0,2.3255813953488373,0.0,0.0,46.51162790697674,0.0,20.930232558139537,0.0,0.0,0.0,0.0,2.3255813953488373,1
18,7,-0.38333333333333336,2300.9155,0.22222222222222224,10.778420829772951,5.555555555555555,0.0,0.0,0.0,16.666666666666668,0.0,5.555555555555555,5.555555555555555,38.888888888888886,16.666666666666668,0.0,0.0,5.555555555555555,0.0,0.0,0.0,0.0,0.0,5.555555555555555,0.0,1
27,3,-0.2740740740740741,3224.761,0.037037037037037035,9.500657463073733,0.0,7.407407407407407,0.0,7.407407407407407,3.7037037037037037,0.0,7.407407407407407,7.407407407407407,7.407407407407407,11.11111111111111,0.0,7.407407407407407,0.0,3.7037037037037037,11.11111111111111,7.407407407407407,7.407407407407407,11.11111111111111,0.0,0.0,0
36,1,-0.2722222222222223,4424.1823,0.1388888888888889,8.064366340637207,5.555555555555555,5.555555555555555,8.333333333333334,2.7777777777777777,8.333333333333334,0.0,5.555555555555555,2.7777777777777777,5.555555555555555,13.88888888888889,8.333333333333334,5.555555555555555,5.555555555555555,0.0,8.333333333333334,5.555555555555555,2.7777777777777777,0.0,5.555555555555555,0.0,0
29,9,-0.21034482758620693,3255.9555,0.034482758620689655,11.999967765808105,6.896551724137931,0.0,0.0,0.0,0.0,17.24137931034483,3.4482758620689653,13.793103448275861,10.344827586206897,10.344827586206897,0.0,0.0,3.4482758620689653,0.0,20.689655172413794,0.0,3.4482758620689653,6.896551724137931,0.0,3.4482758620689653,1
12,-1,-0.6083333333333333,1587.7977999999998,0.25,5.407286643981934,0.0,8.333333333333334,0.0,16.666666666666668,8.333333333333334,0.0,8.333333333333334,0.0,8.333333333333334,0.0,0.0,0.0,8.333333333333334,8.333333333333334,0.0,0.0,0.0,16.666666666666668,16.666666666666668,0.0,0
24,3,-1.2333333333333334,3123.6335999999997,0.20833333333333337,9.818551063537598,4.166666666666667,0.0,0.0,12.5,4.166666666666667,8.333333333333334,0.0,0.0,12.5,4.166666666666667,12.5,8.333333333333334,0.0,0.0,12.5,0.0,0.0,4.166666666666667,8.333333333333334,8.333333333333334,0
18,6,-0.40555555555555556,2032.3615999999997,0.1111111111111111,11.999967765808105,22.22222222222222,0.0,0.0,0.0,5.555555555555555,16.666666666666668,0.0,0.0,0.0,5.555555555555555,0.0,0.0,0.0,0.0,33.333333333333336,0.0,0.0,11.11111111111111,0.0,5.555555555555555,1
21,2,1.2095238095238094,2071.5052,0.09523809523809523,8.9037446975708,4.761904761904762,9.523809523809524,0.0,0.0,9.523809523809524,23.80952380952381,0.0,9.523809523809524,9.523809523809524,9.523809523809524,0.0,0.0,0.0,0.0,0.0,4.761904761904762,9.523809523809524,9.523809523809524,0.0,0.0,1
26,0,-0.6576923076923078,3323.7378,0.19230769230769232,6.900958442687989,3.8461538461538463,0.0,3.8461538461538463,11.538461538461538,3.8461538461538463,3.8461538461538463,7.6923076923076925,7.6923076923076925,3.8461538461538463,3.8461538461538463,3.8461538461538463,0.0,0.0,0.0,11.538461538461538,3.8461538461538463,7.6923076923076925,7.6923076923076925,7.6923076923076925,7.6923076923076925,0
12,-1,-0.10833333333333335,1434.6590999999999,0.16666666666666669,4.370202445983887,0.0,16.666666666666668,8.333333333333334,8.333333333333334,16.666666666666668,8.333333333333334,0.0,8.333333333333334,8.333333333333334,0.0,8.333333333333334,8.333333333333334,0.0,8.333333333333334,0.0,0.0,0.0,0.0,0.0,0.0,0
13,2,-0.41538461538461535,1565.8172,0.07692307692307693,9.697092628479005,7.6923076923076925,0.0,0.0,7.6923076923076925,0.0,0.0,15.384615384615385,7.6923076923076925,15.384615384615385,0.0,0.0,0.0,0.0,0.0,7.6923076923076925,7.6923076923076925,0.0,23.076923076923077,0.0,7.6923076923076925,0
12,3,-1.1,1540.8141999999998,0.16666666666666669,11.711342811584473,16.666666666666668,0.0,0.0,0.0,8.333333333333334,0.0,0.0,0.0,0.0,0.0,16.666666666666668,8.333333333333334,8.333333333333334,8.333333333333334,25.0,0.0,0.0,0.0,0.0,8.333333333333334,0
9,-1,-1.0,1092.2471,0.0,4.207813453674317,0.0,0.0,22.22222222222222,0.0,0.0,0.0,0.0,11.11111111111111,0.0,0.0,22.22222222222222,11.11111111111111,11.11111111111111,0.0,11.11111111111111,0.0,11.11111111111111,0.0,0.0,0.0,0
42,6,-0.7952380952380952,4767.5035,0.09523809523809523,9.933691596984861,4.761904761904762,7.142857142857143,0.0,0.0,4.761904761904762,4.761904761904762,11.904761904761905,4.761904761904762,11.904761904761905,0.0,2.380952380952381,2.380952380952381,14.285714285714286,2.380952380952381,2.380952380952381,9.523809523809524,9.523809523809524,2.380952380952381,4.761904761904762,0.0,0
21,7,-1.638095238095238,2501.8922,0.047619047619047616,11.844276618957519,14.285714285714286,0.0,0.0,9.523809523809524,4.761904761904762,4.761904761904762,0.0,0.0,19.047619047619047,4.761904761904762,0.0,0.0,0.0,4.761904761904762,23.80952380952381,9.523809523809524,0.0,4.761904761904762,0.0,0.0,1
13,1,1.6230769230769229,1461.8748999999998,0.07692307692307693,9.750021171569824,0.0,0.0,0.0,0.0,7.6923076923076925,7.6923076923076925,0.0,15.384615384615385,0.0,38.46153846153846,0.0,0.0,23.076923076923077,0.0,7.6923076923076925,0.0,0.0,0.0,0.0,0.0,1
19,5,-1.1894736842105265,2260.6781,0.052631578947368425,10.295359230041502,5.2631578947368425,0.0,5.2631578947368425,5.2631578947368425,5.2631578947368425,0.0,0.0,5.2631578947368425,31.57894736842105,10.526315789473685,0.0,5.2631578947368425,0.0,5.2631578947368425,5.2631578947368425,10.526315789473685,0.0,5.2631578947368425,0.0,0.0,1
26,0,-0.28461538461538466,3253.6274,0.34615384615384615,6.7256669998168945,3.8461538461538463,7.6923076923076925,3.8461538461538463,0.0,19.23076923076923,11.538461538461538,3.8461538461538463,0.0,0.0,0.0,7.6923076923076925,7.6923076923076925,0.0,7.6923076923076925,3.8461538461538463,7.6923076923076925,0.0,0.0,11.538461538461538,3.8461538461538463,0
6,3,-2.0833333333333335,1006.166,0.5,11.999967765808105,0.0,0.0,0.0,0.0,16.666666666666668,0.0,0.0,0.0,0.0,0.0,0.0,0.0,0.0,0.0,50.0,0.0,0.0,0.0,33.333333333333336,0.0,1
4,2,-2.7,702.8065,0.5,11.999967765808105,0.0,0.0,0.0,0.0,0.0,0.0,0.0,0.0,0.0,0.0,0.0,0.0,0.0,0.0,50.0,0.0,0.0,0.0,50.0,0.0,1
8,0,-0.12499999999999999,879.9567999999999,0.125,5.663801002502441,12.5,0.0,0.0,12.5,12.5,12.5,0.0,0.0,0.0,0.0,0.0,0.0,0.0,0.0,12.5,0.0,25.0,12.5,0.0,0.0,0
13,3,-0.23076923076923073,1565.8967,0.15384615384615385,10.00138339996338,7.6923076923076925,0.0,0.0,7.6923076923076925,15.384615384615385,0.0,0.0,7.6923076923076925,30.76923076923077,0.0,0.0,0.0,0.0,7.6923076923076925,0.0,0.0,7.6923076923076925,15.384615384615385,0.0,0.0,0
12,4,-1.5333333333333332,1575.8634,0.08333333333333334,11.712567710876463,8.333333333333334,8.333333333333334,0.0,0.0,0.0,0.0,0.0,0.0,8.333333333333334,0.0,8.333333333333334,8.333333333333334,0.0,16.666666666666668,25.0,0.0,0.0,8.333333333333334,8.333333333333334,0.0,1
47,-4,-0.4276595744680851,5901.532999999999,0.23404255319148937,4.23708553314209,2.127659574468085,4.25531914893617,10.638297872340425,6.382978723404255,10.638297872340425,2.127659574468085,0.0,8.51063829787234,0.0,4.25531914893617,2.127659574468085,4.25531914893617,4.25531914893617,6.382978723404255,8.51063829787234,6.382978723404255,2.127659574468085,4.25531914893617,6.382978723404255,6.382978723404255,0
27,2,0.42592592592592593,2581.9633,0.037037037037037035,9.703152656555176,22.22222222222222,0.0,0.0,3.7037037037037037,3.7037037037037037,18.51851851851852,3.7037037037037037,7.407407407407407,11.11111111111111,14.814814814814815,0.0,3.7037037037037037,0.0,0.0,0.0,11.11111111111111,0.0,0.0,0.0,0.0,1
28,-2,-0.8535714285714286,3535.9353,0.25,4.751137351989747,3.5714285714285716,7.142857142857143,7.142857142857143,7.142857142857143,3.5714285714285716,0.0,3.5714285714285716,7.142857142857143,3.5714285714285716,0.0,3.5714285714285716,3.5714285714285716,14.285714285714286,0.0,3.5714285714285716,7.142857142857143,3.5714285714285716,0.0,10.714285714285714,10.714285714285714,0
8,3,-1.5125,1011.1744000000001,0.25,10.301290321350095,0.0,0.0,0.0,0.0,12.5,0.0,0.0,0.0,37.5,0.0,0.0,0.0,0.0,0.0,0.0,25.0,12.5,0.0,12.5,0.0,1
20,-1,-0.795,2464.7539,0.15000000000000002,5.361019706726075,0.0,10.0,20.0,0.0,5.0,5.0,5.0,0.0,5.0,10.0,5.0,0.0,0.0,5.0,10.0,5.0,0.0,5.0,0.0,10.0,0
14,4,0.5428571428571428,1583.0133999999998,0.07142857142857144,10.477740287780762,21.428571428571427,0.0,0.0,0.0,0.0,0.0,0.0,0.0,28.571428571428573,28.571428571428573,0.0,0.0,0.0,0.0,0.0,0.0,7.142857142857143,7.142857142857143,7.142857142857143,0.0,1
21,0,-0.7761904761904762,2333.4802,0.09523809523809523,6.925967597961425,23.80952380952381,0.0,0.0,9.523809523809524,0.0,9.523809523809524,9.523809523809524,4.761904761904762,0.0,4.761904761904762,0.0,9.523809523809524,0.0,0.0,9.523809523809524,9.523809523809524,0.0,0.0,9.523809523809524,0.0,0
20,3,1.515,2277.9598,0.15,9.390158653259277,5.0,10.0,0.0,0.0,15.0,5.0,0.0,0.0,15.0,40.0,0.0,0.0,10.0,0.0,0.0,0.0,0.0,0.0,0.0,0.0,1
10,2,-0.8,1210.408,0.1,9.304673576354979,10.0,10.0,0.0,0.0,0.0,0.0,20.0,0.0,20.0,0.0,0.0,0.0,0.0,0.0,0.0,0.0,20.0,10.0,10.0,0.0,0
11,0,-1.5272727272727273,1318.3917999999999,0.09090909090909091,6.748743629455567,0.0,0.0,0.0,9.090909090909092,9.090909090909092,0.0,9.090909090909092,0.0,9.090909090909092,9.090909090909092,0.0,9.090909090909092,0.0,18.181818181818183,0.0,18.181818181818183,9.090909090909092,0.0,0.0,0.0,0
44,4,-0.36590909090909085,4799.4839999999995,0.09090909090909091,9.779354286193847,13.636363636363637,0.0,2.272727272727273,4.545454545454546,0.0,6.818181818181818,0.0,6.818181818181818,15.909090909090908,4.545454545454546,0.0,4.545454545454546,4.545454545454546,4.545454545454546,0.0,9.090909090909092,4.545454545454546,9.090909090909092,6.818181818181818,2.272727272727273,1
12,-1,0.4333333333333333,1586.8741,0.25,5.194140434265136,0.0,0.0,16.666666666666668,0.0,16.666666666666668,0.0,8.333333333333334,0.0,0.0,16.666666666666668,16.666666666666668,0.0,0.0,0.0,8.333333333333334,0.0,0.0,8.333333333333334,0.0,8.333333333333334,0
11,4,-1.6636363636363638,1689.9658,0.45454545454545453,11.999967765808105,0.0,0.0,0.0,0.0,18.181818181818183,0.0,0.0,0.0,0.0,0.0,0.0,0.0,18.181818181818183,0.0,36.36363636363637,0.0,0.0,0.0,27.272727272727273,0.0,1
18,10,-1.2888888888888888,2342.9175,0.2222222222222222,11.999967765808105,0.0,0.0,0.0,0.0,22.22222222222222,5.555555555555555,0.0,0.0,38.888888888888886,11.11111111111111,0.0,0.0,0.0,0.0,16.666666666666668,5.555555555555555,0.0,0.0,0.0,0.0,1
15,4,-0.4733333333333334,1836.2314000000001,0.06666666666666667,11.999967765808105,0.0,0.0,0.0,0.0,0.0,6.666666666666667,0.0,13.333333333333334,13.333333333333334,20.0,0.0,0.0,6.666666666666667,13.333333333333334,13.333333333333334,6.666666666666667,0.0,0.0,6.666666666666667,0.0,1
13,-1,-0.8153846153846154,1482.6409999999998,0.0,6.001936149597167,0.0,15.384615384615385,0.0,15.384615384615385,0.0,0.0,15.384615384615385,0.0,7.6923076923076925,0.0,0.0,0.0,7.6923076923076925,7.6923076923076925,0.0,15.384615384615385,0.0,15.384615384615385,0.0,0.0,0
18,6,-0.25,2160.6216,0.1111111111111111,10.663215827941894,0.0,22.22222222222222,0.0,0.0,5.555555555555555,16.666666666666668,0.0,0.0,0.0,5.555555555555555,0.0,0.0,0.0,0.0,33.333333333333336,0.0,0.0,11.11111111111111,0.0,5.555555555555555,1
23,3,0.3260869565217391,2507.0040999999997,0.13043478260869565,10.00138339996338,8.695652173913043,0.0,0.0,4.3478260869565215,13.043478260869565,17.391304347826086,4.3478260869565215,17.391304347826086,17.391304347826086,4.3478260869565215,4.3478260869565215,4.3478260869565215,0.0,0.0,0.0,4.3478260869565215,0.0,0.0,0.0,0.0,1
26,9,-0.1192307692307692,2955.711,0.07692307692307693,10.903296089172361,11.538461538461538,0.0,0.0,0.0,3.8461538461538463,0.0,0.0,7.6923076923076925,34.61538461538461,7.6923076923076925,0.0,0.0,3.8461538461538463,0.0,0.0,3.8461538461538463,11.538461538461538,11.538461538461538,3.8461538461538463,0.0,1
4,-1,0.27499999999999997,498.54990000000004,0.25,4.0500284194946286,0.0,25.0,0.0,25.0,25.0,0.0,0.0,0.0,0.0,0.0,0.0,0.0,0.0,0.0,0.0,0.0,25.0,0.0,0.0,0.0,0
10,5,0.010000000000000097,1202.5746,0.1,10.602486610412598,0.0,0.0,0.0,0.0,10.0,0.0,0.0,0.0,50.0,0.0,0.0,0.0,0.0,0.0,0.0,0.0,0.0,40.0,0.0,0.0,1
41,4,-0.0804878048780488,4688.4792,0.1951219512195122,8.888207817077639,4.878048780487805,14.634146341463415,0.0,7.317073170731708,14.634146341463415,9.75609756097561,0.0,2.4390243902439024,12.195121951219512,2.4390243902439024,0.0,4.878048780487805,4.878048780487805,0.0,4.878048780487805,7.317073170731708,0.0,4.878048780487805,2.4390243902439024,2.4390243902439024,1
36,0,-1.1416666666666666,4254.6305,0.1388888888888889,6.7617597579956055,11.11111111111111,0.0,8.333333333333334,5.555555555555555,0.0,2.7777777777777777,2.7777777777777777,5.555555555555555,2.7777777777777777,8.333333333333334,0.0,5.555555555555555,11.11111111111111,2.7777777777777777,11.11111111111111,5.555555555555555,2.7777777777777777,0.0,0.0,13.88888888888889,1
7,4,-2.957142857142857,1201.3878,0.42857142857142855,11.999967765808105,0.0,0.0,0.0,0.0,0.0,0.0,0.0,0.0,0.0,0.0,0.0,0.0,0.0,0.0,57.142857142857146,0.0,0.0,0.0,42.857142857142854,0.0,1
38,3,-1.0578947368421054,4230.6524,0.13157894736842105,8.825737953186035,2.6315789473684212,10.526315789473685,7.894736842105263,2.6315789473684212,5.2631578947368425,10.526315789473685,0.0,2.6315789473684212,10.526315789473685,0.0,0.0,2.6315789473684212,5.2631578947368425,0.0,7.894736842105263,13.157894736842104,10.526315789473685,0.0,0.0,7.894736842105263,1
25,-4,-0.09200000000000001,2769.9836999999998,0.16,4.0500284194946286,12.0,4.0,12.0,8.0,8.0,4.0,0.0,4.0,4.0,4.0,0.0,0.0,4.0,4.0,0.0,8.0,8.0,8.0,0.0,8.0,0
16,-3,0.037499999999999964,1847.0519,0.125,4.0500284194946286,6.25,0.0,12.5,6.25,0.0,6.25,6.25,6.25,0.0,12.5,6.25,0.0,6.25,0.0,0.0,6.25,6.25,6.25,6.25,6.25,0
38,-2,-0.3105263157894737,4597.215999999999,0.13157894736842105,5.7451375961303714,2.6315789473684212,5.2631578947368425,2.6315789473684212,5.2631578947368425,0.0,2.6315789473684212,7.894736842105263,7.894736842105263,2.6315789473684212,2.6315789473684212,7.894736842105263,10.526315789473685,2.6315789473684212,7.894736842105263,0.0,2.6315789473684212,5.2631578947368425,10.526315789473685,5.2631578947368425,7.894736842105263,0
12,1,-1.1500000000000001,1434.5846999999999,0.08333333333333334,8.2477144241333,8.333333333333334,8.333333333333334,8.333333333333334,0.0,8.333333333333334,8.333333333333334,25.0,8.333333333333334,8.333333333333334,0.0,0.0,8.333333333333334,0.0,0.0,8.333333333333334,0.0,0.0,0.0,0.0,0.0,0
13,4,0.11538461538461539,1620.9899999999998,0.15384615384615385,9.374363899230957,0.0,30.76923076923077,0.0,0.0,7.6923076923076925,7.6923076923076925,0.0,0.0,0.0,0.0,0.0,0.0,0.0,0.0,30.76923076923077,0.0,0.0,15.384615384615385,0.0,7.6923076923076925,1
30,2,0.4166666666666667,3175.7697,0.06666666666666667,8.333779716491701,6.666666666666667,20.0,0.0,3.3333333333333335,0.0,10.0,0.0,10.0,6.666666666666667,3.3333333333333335,0.0,6.666666666666667,6.666666666666667,0.0,3.3333333333333335,10.0,0.0,6.666666666666667,3.3333333333333335,3.3333333333333335,1
46,5,0.21956521739130433,4802.767699999999,0.021739130434782608,9.627982521057131,4.3478260869565215,4.3478260869565215,4.3478260869565215,4.3478260869565215,2.1739130434782608,17.391304347826086,0.0,13.043478260869565,17.391304347826086,8.695652173913043,2.1739130434782608,4.3478260869565215,0.0,0.0,2.1739130434782608,4.3478260869565215,2.1739130434782608,8.695652173913043,0.0,0.0,1
36,0,-0.48055555555555557,4112.5374,0.1388888888888889,6.66473560333252,2.7777777777777777,2.7777777777777777,2.7777777777777777,5.555555555555555,11.11111111111111,5.555555555555555,5.555555555555555,2.7777777777777777,5.555555555555555,11.11111111111111,0.0,8.333333333333334,5.555555555555555,5.555555555555555,2.7777777777777777,13.88888888888889,2.7777777777777777,2.7777777777777777,0.0,2.7777777777777777,0
29,9,0.27241379310344827,3509.4186,0.034482758620689655,11.999967765808105,0.0,0.0,0.0,0.0,0.0,6.896551724137931,3.4482758620689653,37.93103448275862,13.793103448275861,6.896551724137931,0.0,3.4482758620689653,3.4482758620689653,0.0,17.24137931034483,0.0,3.4482758620689653,0.0,0.0,3.4482758620689653,1
33,1,0.593939393939394,3890.6413000000002,0.15151515151515152,7.815647315979004,9.090909090909092,15.151515151515152,3.0303030303030303,3.0303030303030303,3.0303030303030303,0.0,0.0,0.0,6.0606060606060606,15.151515151515152,0.0,3.0303030303030303,3.0303030303030303,6.0606060606060606,3.0303030303030303,3.0303030303030303,3.0303030303030303,12.121212121212121,9.090909090909092,3.0303030303030303,0
16,1,0.675,1827.1581999999999,0.0625,9.289459037780762,18.75,0.0,0.0,6.25,6.25,0.0,6.25,0.0,0.0,6.25,6.25,0.0,0.0,6.25,12.5,0.0,6.25,25.0,0.0,0.0,0
15,3,-0.7466666666666667,1664.9252000000001,0.13333333333333333,10.060371971130369,13.333333333333334,6.666666666666667,0.0,0.0,13.333333333333334,0.0,0.0,0.0,13.333333333333334,0.0,0.0,0.0,20.0,6.666666666666667,6.666666666666667,13.333333333333334,6.666666666666667,0.0,0.0,0.0,0
10,0,-1.49,1016.027,0.0,6.070427131652831,30.0,0.0,10.0,10.0,0.0,20.0,0.0,0.0,0.0,0.0,0.0,10.0,0.0,0.0,20.0,0.0,0.0,0.0,0.0,0.0,1
18,6,-2.711111111111111,2397.6832,0.1111111111111111,10.546012306213381,5.555555555555555,5.555555555555555,0.0,5.555555555555555,0.0,0.0,16.666666666666668,0.0,16.666666666666668,0.0,0.0,11.11111111111111,0.0,0.0,22.22222222222222,0.0,5.555555555555555,0.0,0.0,11.11111111111111,0
25,6,-1.1159999999999999,3021.5487,0.08,10.94823055267334,0.0,8.0,4.0,0.0,4.0,4.0,0.0,4.0,12.0,0.0,4.0,4.0,8.0,8.0,16.0,8.0,4.0,8.0,4.0,0.0,1
44,-4,-1.115909090909091,5471.9362,0.18181818181818182,4.685147285461425,2.272727272727273,0.0,6.818181818181818,9.090909090909092,2.272727272727273,4.545454545454546,4.545454545454546,2.272727272727273,2.272727272727273,6.818181818181818,6.818181818181818,9.090909090909092,2.272727272727273,4.545454545454546,4.545454545454546,4.545454545454546,9.090909090909092,2.272727272727273,6.818181818181818,9.090909090909092,0
28,2,-0.1642857142857143,3454.0532999999996,0.14285714285714285,9.520836067199706,7.142857142857143,0.0,3.5714285714285716,0.0,0.0,0.0,7.142857142857143,10.714285714285714,3.5714285714285716,7.142857142857143,10.714285714285714,0.0,3.5714285714285716,7.142857142857143,7.142857142857143,7.142857142857143,7.142857142857143,3.5714285714285716,3.5714285714285716,10.714285714285714,0
26,1,-0.1153846153846154,2999.3639,0.11538461538461539,8.759464454650882,7.6923076923076925,0.0,3.8461538461538463,0.0,3.8461538461538463,3.8461538461538463,7.6923076923076925,7.6923076923076925,0.0,3.8461538461538463,3.8461538461538463,7.6923076923076925,3.8461538461538463,3.8461538461538463,7.6923076923076925,11.538461538461538,3.8461538461538463,11.538461538461538,3.8461538461538463,3.8461538461538463,0
15,3,-1.52,1784.036,0.0,9.69193515777588,0.0,13.333333333333334,6.666666666666667,0.0,0.0,13.333333333333334,6.666666666666667,0.0,6.666666666666667,13.333333333333334,0.0,6.666666666666667,0.0,13.333333333333334,20.0,0.0,0.0,0.0,0.0,0.0,0
12,4,-0.3166666666666667,1477.8014999999998,0.08333333333333334,11.999967765808105,0.0,0.0,0.0,0.0,8.333333333333334,8.333333333333334,8.333333333333334,0.0,8.333333333333334,16.666666666666668,0.0,0.0,8.333333333333334,0.0,25.0,0.0,0.0,16.666666666666668,0.0,0.0,1
44,3,-0.7636363636363637,5083.784,0.09090909090909091,9.241172218322752,4.545454545454546,4.545454545454546,6.818181818181818,4.545454545454546,2.272727272727273,11.363636363636363,0.0,6.818181818181818,11.363636363636363,4.545454545454546,2.272727272727273,0.0,0.0,11.363636363636363,6.818181818181818,4.545454545454546,6.818181818181818,4.545454545454546,6.818181818181818,0.0,0
43,0,-0.4046511627906976,4720.223199999999,0.11627906976744186,6.725212287902832,4.651162790697675,13.953488372093023,4.651162790697675,4.651162790697675,2.3255813953488373,13.953488372093023,2.3255813953488373,2.3255813953488373,4.651162790697675,4.651162790697675,0.0,9.30232558139535,0.0,0.0,4.651162790697675,6.976744186046512,6.976744186046512,4.651162790697675,4.651162790697675,4.651162790697675,1
13,1,1.9923076923076921,1397.7863,0.07692307692307693,8.750052070617677,7.6923076923076925,0.0,0.0,0.0,7.6923076923076925,7.6923076923076925,0.0,15.384615384615385,7.6923076923076925,38.46153846153846,0.0,0.0,7.6923076923076925,0.0,0.0,7.6923076923076925,0.0,0.0,0.0,0.0,1
16,1,1.5625,1661.0355,0.125,8.750052070617677,0.0,0.0,0.0,0.0,12.5,18.75,0.0,6.25,6.25,31.25,0.0,0.0,6.25,0.0,0.0,12.5,0.0,6.25,0.0,0.0,1
14,1,0.2714285714285714,1526.7612,0.07142857142857144,8.258609580993653,0.0,7.142857142857143,0.0,0.0,0.0,21.428571428571427,7.142857142857143,0.0,0.0,14.285714285714286,0.0,0.0,0.0,7.142857142857143,7.142857142857143,0.0,14.285714285714286,14.285714285714286,7.142857142857143,0.0,0
47,-2,0.14893617021276592,5912.8767,0.21276595744680848,5.238645362854004,2.127659574468085,0.0,10.638297872340425,0.0,6.382978723404255,2.127659574468085,4.25531914893617,14.893617021276595,2.127659574468085,8.51063829787234,8.51063829787234,2.127659574468085,4.25531914893617,4.25531914893617,4.25531914893617,2.127659574468085,6.382978723404255,2.127659574468085,6.382978723404255,8.51063829787234,0
46,5,0.22173913043478263,4806.7579,0.043478260869565216,9.627982521057131,4.3478260869565215,4.3478260869565215,4.3478260869565215,4.3478260869565215,4.3478260869565215,19.565217391304348,0.0,15.217391304347826,17.391304347826086,4.3478260869565215,2.1739130434782608,4.3478260869565215,0.0,0.0,2.1739130434782608,2.1739130434782608,2.1739130434782608,8.695652173913043,0.0,0.0,1
28,-2,-0.4714285714285714,3113.4534999999996,0.07142857142857144,4.0500284194946286,0.0,3.5714285714285716,10.714285714285714,0.0,0.0,3.5714285714285716,0.0,3.5714285714285716,3.5714285714285716,3.5714285714285716,7.142857142857143,7.142857142857143,10.714285714285714,7.142857142857143,0.0,14.285714285714286,7.142857142857143,10.714285714285714,3.5714285714285716,3.5714285714285716,0
14,1,1.2357142857142858,1505.8628999999999,0.07142857142857144,8.59094409942627,14.285714285714286,0.0,7.142857142857143,0.0,7.142857142857143,7.142857142857143,0.0,21.428571428571427,14.285714285714286,7.142857142857143,7.142857142857143,0.0,0.0,0.0,0.0,7.142857142857143,0.0,7.142857142857143,0.0,0.0,1
19,4,1.0421052631578949,1905.3728,0.0,9.70128307342529,0.0,10.526315789473685,0.0,0.0,0.0,10.526315789473685,0.0,0.0,21.05263157894737,0.0,0.0,0.0,0.0,0.0,0.0,15.789473684210526,0.0,42.10526315789474,0.0,0.0,1
35,6,-0.9828571428571428,4266.9477,0.11428571428571428,10.605258750915528,0.0,0.0,5.714285714285714,8.571428571428571,11.428571428571429,5.714285714285714,0.0,8.571428571428571,17.142857142857142,5.714285714285714,0.0,2.857142857142857,2.857142857142857,2.857142857142857,14.285714285714286,5.714285714285714,2.857142857142857,5.714285714285714,0.0,0.0,1
14,2,-0.12142857142857141,1749.0063999999998,0.2142857142857143,10.351898002624512,7.142857142857143,7.142857142857143,0.0,0.0,7.142857142857143,7.142857142857143,0.0,7.142857142857143,0.0,0.0,0.0,14.285714285714286,0.0,7.142857142857143,14.285714285714286,0.0,0.0,14.285714285714286,14.285714285714286,0.0,0
44,4,0.2863636363636363,5626.8658,0.1590909090909091,9.16161823272705,0.0,9.090909090909092,4.545454545454546,2.272727272727273,6.818181818181818,0.0,4.545454545454546,9.090909090909092,6.818181818181818,11.363636363636363,9.090909090909092,0.0,0.0,6.818181818181818,9.090909090909092,2.272727272727273,2.272727272727273,6.818181818181818,4.545454545454546,4.545454545454546,0
15,4,-0.3,1820.232,0.06666666666666667,11.999967765808105,6.666666666666667,0.0,0.0,0.0,0.0,6.666666666666667,0.0,13.333333333333334,13.333333333333334,20.0,0.0,0.0,6.666666666666667,13.333333333333334,13.333333333333334,0.0,0.0,0.0,6.666666666666667,0.0,1
32,4,0.590625,3200.8572,0.0,9.59536151885986,12.5,6.25,3.125,0.0,0.0,12.5,0.0,9.375,15.625,12.5,0.0,3.125,0.0,3.125,0.0,6.25,6.25,9.375,0.0,0.0,1
19,-1,-0.2947368421052632,2286.5805,0.3157894736842105,4.207813453674317,0.0,5.2631578947368425,10.526315789473685,0.0,10.526315789473685,15.789473684210526,0.0,0.0,5.2631578947368425,5.2631578947368425,5.2631578947368425,0.0,10.526315789473685,5.2631578947368425,0.0,0.0,0.0,5.2631578947368425,5.2631578947368425,15.789473684210526,0
46,-3,-0.5543478260869565,5670.4002,0.17391304347826086,5.236428642272949,4.3478260869565215,6.521739130434782,6.521739130434782,4.3478260869565215,2.1739130434782608,4.3478260869565215,6.521739130434782,8.695652173913043,2.1739130434782608,0.0,10.869565217391305,6.521739130434782,2.1739130434782608,4.3478260869565215,2.1739130434782608,4.3478260869565215,8.695652173913043,0.0,10.869565217391305,4.3478260869565215,0
37,-1,-1.0513513513513513,4229.6491,0.08108108108108107,6.035186958312988,5.405405405405405,2.7027027027027026,10.81081081081081,2.7027027027027026,2.7027027027027026,8.108108108108109,5.405405405405405,2.7027027027027026,5.405405405405405,0.0,5.405405405405405,2.7027027027027026,8.108108108108109,10.81081081081081,5.405405405405405,5.405405405405405,2.7027027027027026,8.108108108108109,2.7027027027027026,2.7027027027027026,0
15,-5,-0.8200000000000001,1778.8024999999998,0.2,4.0500284194946286,0.0,6.666666666666667,13.333333333333334,20.0,13.333333333333334,6.666666666666667,6.666666666666667,0.0,0.0,0.0,0.0,0.0,0.0,0.0,0.0,6.666666666666667,13.333333333333334,6.666666666666667,0.0,6.666666666666667,0
14,6,0.22142857142857145,1800.3318,0.0,11.999967765808105,0.0,0.0,0.0,0.0,0.0,0.0,7.142857142857143,50.0,21.428571428571427,0.0,0.0,0.0,0.0,0.0,21.428571428571427,0.0,0.0,0.0,0.0,0.0,1
14,0,1.4357142857142857,1670.0520999999999,0.2142857142857143,6.723052406311036,7.142857142857143,14.285714285714286,0.0,0.0,7.142857142857143,7.142857142857143,7.142857142857143,7.142857142857143,0.0,0.0,14.285714285714286,0.0,0.0,0.0,0.0,7.142857142857143,0.0,14.285714285714286,14.285714285714286,0.0,0
40,3,-0.38,4436.0725999999995,0.05,9.1554292678833,20.0,7.5,0.0,7.5,2.5,5.0,5.0,2.5,2.5,2.5,5.0,2.5,2.5,5.0,12.5,2.5,7.5,5.0,0.0,2.5,0
22,-2,-1.5409090909090908,2707.8846,0.13636363636363635,4.833269691467284,0.0,13.636363636363637,4.545454545454546,13.636363636363637,0.0,4.545454545454546,4.545454545454546,0.0,4.545454545454546,0.0,0.0,9.090909090909092,0.0,9.090909090909092,4.545454545454546,0.0,13.636363636363637,4.545454545454546,4.545454545454546,9.090909090909092,0
23,1,0.33478260869565213,2772.2758,0.21739130434782608,7.925501441955567,13.043478260869565,17.391304347826086,4.3478260869565215,4.3478260869565215,17.391304347826086,0.0,4.3478260869565215,4.3478260869565215,4.3478260869565215,0.0,4.3478260869565215,4.3478260869565215,4.3478260869565215,0.0,8.695652173913043,0.0,0.0,4.3478260869565215,0.0,4.3478260869565215,0
48,24,-0.1499999999999999,6145.616099999999,0.0,11.999967765808105,0.0,0.0,0.0,0.0,0.0,0.0,0.0,0.0,0.0,0.0,0.0,0.0,0.0,0.0,50.0,0.0,0.0,50.0,0.0,0.0,1
24,-4,-0.8208333333333333,2893.1492,0.125,4.387083625793457,4.166666666666667,4.166666666666667,4.166666666666667,12.5,4.166666666666667,4.166666666666667,8.333333333333334,0.0,0.0,4.166666666666667,8.333333333333334,12.5,4.166666666666667,8.333333333333334,0.0,0.0,4.166666666666667,8.333333333333334,4.166666666666667,4.166666666666667,0
11,5,-0.04545454545454548,1371.7591,0.09090909090909091,11.999967765808105,9.090909090909092,0.0,0.0,0.0,9.090909090909092,0.0,0.0,0.0,27.272727272727273,27.272727272727273,0.0,0.0,0.0,0.0,18.181818181818183,0.0,0.0,9.090909090909092,0.0,0.0,1
22,0,-0.24090909090909085,2412.7789,0.045454545454545456,6.289825630187988,4.545454545454546,0.0,0.0,18.181818181818183,0.0,13.636363636363637,0.0,4.545454545454546,18.181818181818183,9.090909090909092,0.0,4.545454545454546,0.0,0.0,0.0,4.545454545454546,0.0,18.181818181818183,4.545454545454546,0.0,1
11,5,-2.1999999999999997,1427.6584,0.18181818181818182,11.166133689880368,9.090909090909092,0.0,0.0,0.0,9.090909090909092,9.090909090909092,18.181818181818183,0.0,27.272727272727273,0.0,0.0,0.0,0.0,0.0,18.181818181818183,0.0,0.0,0.0,0.0,9.090909090909092,1
10,5,-2.7,1280.4846,0.1,11.166133689880368,10.0,0.0,0.0,0.0,0.0,10.0,20.0,0.0,30.0,0.0,0.0,0.0,0.0,0.0,20.0,0.0,0.0,0.0,0.0,10.0,1
44,1,0.3431818181818182,5371.4135,0.13636363636363635,7.95412540435791,2.272727272727273,6.818181818181818,2.272727272727273,4.545454545454546,4.545454545454546,0.0,6.818181818181818,13.636363636363637,6.818181818181818,6.818181818181818,6.818181818181818,2.272727272727273,2.272727272727273,4.545454545454546,2.272727272727273,4.545454545454546,6.818181818181818,6.818181818181818,4.545454545454546,4.545454545454546,0
15,2,0.44666666666666666,1532.8519999999999,0.06666666666666667,8.687840080261232,26.666666666666668,20.0,0.0,0.0,6.666666666666667,0.0,6.666666666666667,0.0,13.333333333333334,0.0,0.0,0.0,13.333333333333334,0.0,0.0,6.666666666666667,0.0,6.666666666666667,0.0,0.0,0
39,2,-1.2923076923076924,4762.2514,0.15384615384615385,8.994387245178224,2.5641025641025643,2.5641025641025643,7.6923076923076925,0.0,2.5641025641025643,7.6923076923076925,17.94871794871795,0.0,7.6923076923076925,7.6923076923076925,0.0,2.5641025641025643,7.6923076923076925,5.128205128205129,5.128205128205129,2.5641025641025643,2.5641025641025643,5.128205128205129,5.128205128205129,7.6923076923076925,0
14,7,-0.5714285714285714,1847.3832,0.14285714285714288,11.263738822937015,0.0,0.0,0.0,0.0,7.142857142857143,0.0,0.0,0.0,35.714285714285715,35.714285714285715,0.0,0.0,0.0,0.0,14.285714285714286,0.0,0.0,0.0,0.0,7.142857142857143,1
9,2,-2.9000000000000004,1143.2957000000001,0.1111111111111111,9.699800300598145,0.0,0.0,11.11111111111111,11.11111111111111,0.0,11.11111111111111,0.0,0.0,33.333333333333336,0.0,0.0,0.0,11.11111111111111,0.0,11.11111111111111,0.0,0.0,0.0,11.11111111111111,0.0,1
15,3,-0.07333333333333332,1698.0113000000001,0.13333333333333333,9.82602939605713,6.666666666666667,0.0,0.0,0.0,0.0,0.0,0.0,0.0,20.0,13.333333333333334,0.0,0.0,6.666666666666667,0.0,0.0,13.333333333333334,13.333333333333334,13.333333333333334,0.0,13.333333333333334,1
26,4,0.5692307692307692,2832.4323999999997,0.038461538461538464,11.999967765808105,7.6923076923076925,0.0,0.0,0.0,0.0,11.538461538461538,0.0,11.538461538461538,7.6923076923076925,19.23076923076923,0.0,0.0,3.8461538461538463,7.6923076923076925,7.6923076923076925,3.8461538461538463,7.6923076923076925,7.6923076923076925,3.8461538461538463,0.0,1
12,1,0.3333333333333333,1504.7703999999999,0.16666666666666669,8.504878807067872,0.0,0.0,0.0,0.0,0.0,0.0,8.333333333333334,25.0,8.333333333333334,8.333333333333334,0.0,0.0,0.0,16.666666666666668,0.0,8.333333333333334,0.0,8.333333333333334,0.0,16.666666666666668,0
26,6,0.08076923076923076,2934.5195,0.11538461538461539,10.699318122863769,11.538461538461538,0.0,0.0,0.0,7.6923076923076925,0.0,3.8461538461538463,3.8461538461538463,23.076923076923077,15.384615384615385,0.0,0.0,0.0,0.0,0.0,15.384615384615385,11.538461538461538,3.8461538461538463,3.8461538461538463,0.0,1
5,0,-0.11999999999999993,556.6522,0.0,6.057297325134278,0.0,0.0,20.0,0.0,0.0,0.0,0.0,0.0,20.0,0.0,0.0,0.0,20.0,0.0,0.0,0.0,0.0,40.0,0.0,0.0,0
19,6,-0.863157894736842,2391.8971,0.15789473684210528,10.676173973083493,5.2631578947368425,0.0,0.0,5.2631578947368425,10.526315789473685,0.0,0.0,5.2631578947368425,31.57894736842105,10.526315789473685,0.0,5.2631578947368425,0.0,5.2631578947368425,5.2631578947368425,5.2631578947368425,0.0,5.2631578947368425,5.2631578947368425,0.0,1
20,1,-0.09000000000000004,2386.708,0.2,8.214835548400881,5.0,5.0,5.0,0.0,15.0,5.0,10.0,0.0,5.0,5.0,5.0,5.0,0.0,5.0,5.0,10.0,0.0,10.0,0.0,5.0,0
35,4,-0.8057142857142857,4109.7289,0.19999999999999998,9.700316047668458,8.571428571428571,0.0,5.714285714285714,5.714285714285714,5.714285714285714,14.285714285714286,0.0,8.571428571428571,22.857142857142858,2.857142857142857,0.0,5.714285714285714,2.857142857142857,0.0,0.0,0.0,0.0,2.857142857142857,11.428571428571429,2.857142857142857,1
30,1,-0.8166666666666667,3442.7722999999996,0.16666666666666669,7.934720420837403,3.3333333333333335,10.0,0.0,6.666666666666667,3.3333333333333335,13.333333333333334,3.3333333333333335,0.0,6.666666666666667,3.3333333333333335,0.0,6.666666666666667,0.0,10.0,3.3333333333333335,10.0,0.0,6.666666666666667,3.3333333333333335,10.0,0
26,3,-0.27692307692307694,3020.6349999999998,0.07692307692307693,9.027137184143069,0.0,11.538461538461538,3.8461538461538463,0.0,0.0,3.8461538461538463,0.0,3.8461538461538463,11.538461538461538,11.538461538461538,7.6923076923076925,7.6923076923076925,7.6923076923076925,3.8461538461538463,3.8461538461538463,3.8461538461538463,7.6923076923076925,3.8461538461538463,0.0,7.6923076923076925,0
16,0,-0.59375,2189.4521,0.4375,6.7369779586792,0.0,6.25,12.5,0.0,18.75,6.25,6.25,0.0,6.25,0.0,0.0,0.0,6.25,0.0,6.25,0.0,0.0,6.25,18.75,6.25,0
9,3,-2.1888888888888887,1397.6290000000001,0.4444444444444444,11.999967765808105,0.0,0.0,0.0,0.0,0.0,0.0,0.0,0.0,11.11111111111111,0.0,0.0,0.0,22.22222222222222,0.0,22.22222222222222,0.0,0.0,0.0,44.44444444444444,0.0,1
37,4,-0.6594594594594595,4506.2186,0.1081081081081081,10.396961402893066,2.7027027027027026,0.0,5.405405405405405,10.81081081081081,10.81081081081081,5.405405405405405,0.0,8.108108108108109,10.81081081081081,10.81081081081081,0.0,2.7027027027027026,2.7027027027027026,2.7027027027027026,16.216216216216218,2.7027027027027026,2.7027027027027026,5.405405405405405,0.0,0.0,1
23,-1,-1.0391304347826087,2775.0413999999996,0.13043478260869565,6.264020729064941,13.043478260869565,0.0,8.695652173913043,4.3478260869565215,4.3478260869565215,0.0,13.043478260869565,0.0,4.3478260869565215,4.3478260869565215,8.695652173913043,13.043478260869565,4.3478260869565215,0.0,4.3478260869565215,0.0,4.3478260869565215,4.3478260869565215,0.0,8.695652173913043,0
16,6,0.6187499999999999,1991.6774,0.0625,10.699318122863769,0.0,0.0,0.0,0.0,0.0,0.0,0.0,0.0,37.5,56.25,0.0,0.0,0.0,0.0,0.0,0.0,0.0,0.0,6.25,0.0,1
26,7,-0.38076923076923086,3392.0651,0.15384615384615385,11.999967765808105,3.8461538461538463,0.0,0.0,0.0,11.538461538461538,0.0,19.23076923076923,7.6923076923076925,11.538461538461538,19.23076923076923,0.0,0.0,0.0,0.0,15.384615384615385,3.8461538461538463,3.8461538461538463,0.0,3.8461538461538463,0.0,1
22,2,0.4318181818181817,2594.1045,0.13636363636363635,9.98623332977295,4.545454545454546,0.0,0.0,0.0,4.545454545454546,4.545454545454546,4.545454545454546,13.636363636363637,0.0,9.090909090909092,9.090909090909092,0.0,9.090909090909092,4.545454545454546,9.090909090909092,9.090909090909092,4.545454545454546,4.545454545454546,0.0,9.090909090909092,0
26,2,-0.6961538461538462,3208.5741,0.2692307692307692,9.306929969787596,3.8461538461538463,0.0,0.0,3.8461538461538463,11.538461538461538,3.8461538461538463,0.0,0.0,7.6923076923076925,3.8461538461538463,0.0,0.0,3.8461538461538463,15.384615384615385,3.8461538461538463,0.0,19.23076923076923,7.6923076923076925,0.0,15.384615384615385,0
33,-3,-0.7696969696969698,3747.1036000000004,0.15151515151515152,4.243678855895996,0.0,6.0606060606060606,0.0,9.090909090909092,0.0,9.090909090909092,3.0303030303030303,6.0606060606060606,0.0,0.0,3.0303030303030303,3.0303030303030303,18.181818181818183,6.0606060606060606,0.0,6.0606060606060606,12.121212121212121,3.0303030303030303,3.0303030303030303,12.121212121212121,0
16,5,0.04374999999999998,1961.4112,0.125,9.880634117126462,0.0,25.0,0.0,0.0,6.25,12.5,0.0,6.25,0.0,6.25,0.0,0.0,0.0,0.0,31.25,0.0,0.0,6.25,0.0,6.25,1
40,3,0.0675,4078.6422000000002,0.05,8.679007911682131,12.5,15.0,5.0,0.0,2.5,15.0,2.5,2.5,5.0,5.0,0.0,7.5,0.0,0.0,7.5,7.5,2.5,7.5,0.0,2.5,1
36,-1,-0.6527777777777778,3913.3108,0.08333333333333333,6.0208635330200195,8.333333333333334,8.333333333333334,5.555555555555555,5.555555555555555,2.7777777777777777,8.333333333333334,5.555555555555555,0.0,8.333333333333334,0.0,2.7777777777777777,2.7777777777777777,5.555555555555555,5.555555555555555,0.0,8.333333333333334,8.333333333333334,8.333333333333334,2.7777777777777777,2.7777777777777777,0
15,5,-0.25333333333333335,1848.2536,0.13333333333333333,9.880634117126462,0.0,26.666666666666668,0.0,0.0,6.666666666666667,13.333333333333334,0.0,0.0,0.0,6.666666666666667,0.0,0.0,0.0,0.0,33.333333333333336,0.0,0.0,6.666666666666667,0.0,6.666666666666667,1
18,1,-0.07222222222222222,2124.5099999999998,0.05555555555555555,8.249648475646975,0.0,5.555555555555555,0.0,11.11111111111111,5.555555555555555,5.555555555555555,0.0,5.555555555555555,0.0,0.0,11.11111111111111,5.555555555555555,5.555555555555555,0.0,16.666666666666668,5.555555555555555,5.555555555555555,16.666666666666668,0.0,0.0,0
33,-2,-0.8636363636363636,3908.2725,0.12121212121212122,5.356870460510254,3.0303030303030303,3.0303030303030303,3.0303030303030303,9.090909090909092,3.0303030303030303,3.0303030303030303,6.0606060606060606,6.0606060606060606,3.0303030303030303,0.0,6.0606060606060606,15.151515151515152,6.0606060606060606,0.0,3.0303030303030303,9.090909090909092,6.0606060606060606,6.0606060606060606,6.0606060606060606,3.0303030303030303,0
13,1,-1.1307692307692307,1642.8566999999998,0.07692307692307693,8.74566822052002,7.6923076923076925,0.0,0.0,15.384615384615385,0.0,0.0,0.0,7.6923076923076925,7.6923076923076925,15.384615384615385,0.0,7.6923076923076925,0.0,7.6923076923076925,15.384615384615385,7.6923076923076925,0.0,0.0,7.6923076923076925,0.0,0
13,1,1.4615384615384615,1430.7746,0.15384615384615385,8.750052070617677,0.0,0.0,0.0,0.0,15.384615384615385,15.384615384615385,0.0,0.0,7.6923076923076925,38.46153846153846,0.0,7.6923076923076925,7.6923076923076925,0.0,0.0,0.0,0.0,7.6923076923076925,0.0,0.0,1
8,1,-0.17500000000000004,1079.2729,0.375,8.605385017395022,0.0,12.5,0.0,0.0,12.5,0.0,12.5,0.0,12.5,0.0,0.0,0.0,12.5,0.0,0.0,0.0,0.0,12.5,12.5,12.5,0
41,0,-1.0658536585365854,4884.4689,0.14634146341463417,6.226222801208496,7.317073170731708,9.75609756097561,2.4390243902439024,7.317073170731708,2.4390243902439024,4.878048780487805,0.0,2.4390243902439024,7.317073170731708,2.4390243902439024,4.878048780487805,14.634146341463415,7.317073170731708,7.317073170731708,2.4390243902439024,0.0,4.878048780487805,0.0,7.317073170731708,4.878048780487805,0
10,5,-1.0,1314.6582999999998,0.0,9.595748329162596,0.0,50.0,0.0,0.0,0.0,0.0,0.0,0.0,0.0,0.0,0.0,0.0,0.0,0.0,50.0,0.0,0.0,0.0,0.0,0.0,1
27,2,0.42592592592592593,2581.9633,0.037037037037037035,9.703152656555176,22.22222222222222,0.0,0.0,3.7037037037037037,3.7037037037037037,18.51851851851852,3.7037037037037037,7.407407407407407,11.11111111111111,14.814814814814815,0.0,3.7037037037037037,0.0,0.0,0.0,11.11111111111111,0.0,0.0,0.0,0.0,1
10,-2,0.8699999999999999,1138.2906,0.1,4.0500284194946286,10.0,10.0,20.0,0.0,10.0,0.0,0.0,20.0,0.0,10.0,0.0,0.0,0.0,10.0,0.0,0.0,10.0,0.0,0.0,0.0,0
33,3,-0.2,3821.4371,0.12121212121212122,8.67223873138428,0.0,18.181818181818183,3.0303030303030303,3.0303030303030303,6.0606060606060606,9.090909090909092,0.0,3.0303030303030303,3.0303030303030303,6.0606060606060606,0.0,3.0303030303030303,3.0303030303030303,6.0606060606060606,12.121212121212121,3.0303030303030303,9.090909090909092,6.0606060606060606,0.0,6.0606060606060606,1
10,1,-0.51,1182.4125999999999,0.1,8.63491153717041,10.0,0.0,0.0,0.0,0.0,0.0,0.0,0.0,10.0,10.0,20.0,20.0,10.0,0.0,0.0,0.0,10.0,0.0,0.0,10.0,0
26,3,-0.7038461538461539,3332.7891999999997,0.1923076923076923,9.515420722961426,0.0,3.8461538461538463,3.8461538461538463,3.8461538461538463,3.8461538461538463,0.0,3.8461538461538463,7.6923076923076925,7.6923076923076925,3.8461538461538463,0.0,7.6923076923076925,0.0,3.8461538461538463,11.538461538461538,3.8461538461538463,7.6923076923076925,11.538461538461538,3.8461538461538463,11.538461538461538,0
19,4,-1.2,2235.5955,0.052631578947368425,11.999967765808105,0.0,0.0,0.0,0.0,0.0,5.2631578947368425,5.2631578947368425,5.2631578947368425,0.0,5.2631578947368425,0.0,10.526315789473685,31.57894736842105,0.0,21.05263157894737,0.0,0.0,10.526315789473685,0.0,5.2631578947368425,1
24,5,-1.0166666666666666,2903.4424,0.16666666666666669,10.0006742477417,4.166666666666667,0.0,4.166666666666667,4.166666666666667,8.333333333333334,8.333333333333334,0.0,4.166666666666667,29.166666666666668,8.333333333333334,4.166666666666667,0.0,0.0,8.333333333333334,0.0,4.166666666666667,4.166666666666667,0.0,4.166666666666667,4.166666666666667,1
13,-1,0.007692307692307631,1571.8150999999998,0.07692307692307693,4.3702592849731445,7.6923076923076925,0.0,7.6923076923076925,7.6923076923076925,0.0,0.0,0.0,7.6923076923076925,0.0,30.76923076923077,0.0,0.0,7.6923076923076925,15.384615384615385,7.6923076923076925,0.0,0.0,0.0,0.0,7.6923076923076925,1
8,4,-0.8875000000000001,1202.457,0.25,11.999967765808105,0.0,0.0,0.0,0.0,12.5,0.0,0.0,25.0,0.0,0.0,0.0,0.0,0.0,0.0,50.0,0.0,0.0,0.0,12.5,0.0,1
16,1,1.44375,1599.9542000000001,0.0625,8.59094409942627,12.5,0.0,6.25,0.0,6.25,18.75,0.0,12.5,12.5,12.5,0.0,0.0,0.0,0.0,0.0,0.0,0.0,18.75,0.0,0.0,1
10,1,-2.12,1137.1818,0.0,7.940844917297363,0.0,10.0,0.0,0.0,0.0,0.0,0.0,0.0,10.0,0.0,0.0,20.0,0.0,30.0,0.0,20.0,10.0,0.0,0.0,0.0,0
21,3,-0.08095238095238096,2334.7778,0.09523809523809523,10.00138339996338,4.761904761904762,0.0,4.761904761904762,0.0,4.761904761904762,14.285714285714286,0.0,14.285714285714286,19.047619047619047,4.761904761904762,4.761904761904762,4.761904761904762,0.0,4.761904761904762,0.0,4.761904761904762,4.761904761904762,4.761904761904762,4.761904761904762,0.0,1
12,-1,-0.8916666666666667,1652.8229999999999,0.33333333333333337,5.319186210632325,0.0,0.0,8.333333333333334,8.333333333333334,0.0,0.0,8.333333333333334,0.0,0.0,8.333333333333334,8.333333333333334,0.0,0.0,0.0,8.333333333333334,0.0,8.333333333333334,8.333333333333334,0.0,33.333333333333336,0
15,1,0.56,1816.1055000000001,0.3333333333333333,8.032905769348144,6.666666666666667,13.333333333333334,0.0,0.0,13.333333333333334,6.666666666666667,0.0,6.666666666666667,6.666666666666667,0.0,0.0,6.666666666666667,0.0,0.0,0.0,0.0,13.333333333333334,6.666666666666667,6.666666666666667,13.333333333333334,0
9,4,-1.2666666666666666,1385.663,0.33333333333333337,11.999967765808105,0.0,0.0,0.0,0.0,0.0,0.0,0.0,11.11111111111111,11.11111111111111,0.0,0.0,0.0,0.0,0.0,33.333333333333336,0.0,0.0,11.11111111111111,33.333333333333336,0.0,1
26,2,-0.6076923076923078,3125.6034,0.11538461538461539,9.195399665832518,0.0,3.8461538461538463,0.0,7.6923076923076925,0.0,7.6923076923076925,3.8461538461538463,7.6923076923076925,7.6923076923076925,7.6923076923076925,0.0,0.0,7.6923076923076925,7.6923076923076925,7.6923076923076925,3.8461538461538463,7.6923076923076925,7.6923076923076925,7.6923076923076925,3.8461538461538463,0
4,2,-3.85,604.6653,0.0,11.999967765808105,0.0,0.0,0.0,0.0,0.0,0.0,50.0,0.0,0.0,0.0,0.0,0.0,0.0,0.0,50.0,0.0,0.0,0.0,0.0,0.0,1
18,9,-0.55,2055.6818,0.05555555555555555,10.903296089172361,22.22222222222222,0.0,0.0,0.0,5.555555555555555,0.0,0.0,0.0,50.0,22.22222222222222,0.0,0.0,0.0,0.0,0.0,0.0,0.0,0.0,0.0,0.0,1
39,7,-0.6564102564102564,4419.2656,0.05128205128205129,10.46130084991455,2.5641025641025643,0.0,0.0,7.6923076923076925,5.128205128205129,12.820512820512821,0.0,10.256410256410257,20.512820512820515,12.820512820512821,0.0,2.5641025641025643,5.128205128205129,10.256410256410257,5.128205128205129,2.5641025641025643,0.0,2.5641025641025643,0.0,0.0,1
19,5,-1.0,2320.7746,0.10526315789473685,10.295359230041502,5.2631578947368425,0.0,5.2631578947368425,5.2631578947368425,10.526315789473685,0.0,0.0,5.2631578947368425,31.57894736842105,10.526315789473685,0.0,5.2631578947368425,0.0,5.2631578947368425,5.2631578947368425,5.2631578947368425,0.0,5.2631578947368425,0.0,0.0,1
20,10,-0.3500000000000001,2711.4483,0.0,11.999967765808105,0.0,0.0,0.0,0.0,0.0,0.0,0.0,0.0,0.0,50.0,0.0,0.0,0.0,0.0,50.0,0.0,0.0,0.0,0.0,0.0,1
9,1,1.411111111111111,1118.3702,0.2222222222222222,8.747602272033692,0.0,0.0,0.0,0.0,0.0,11.11111111111111,0.0,0.0,0.0,33.333333333333336,0.0,0.0,0.0,0.0,11.11111111111111,0.0,0.0,22.22222222222222,11.11111111111111,11.11111111111111,1
22,8,0.04999999999999998,2493.2181,0.0,10.845403480529786,18.181818181818183,0.0,0.0,0.0,0.0,0.0,9.090909090909092,4.545454545454546,36.36363636363637,27.272727272727273,0.0,0.0,0.0,0.0,0.0,0.0,0.0,4.545454545454546,0.0,0.0,1
5,-3,-3.5799999999999996,606.5372,0.0,4.0500284194946286,0.0,0.0,80.0,0.0,0.0,0.0,0.0,0.0,20.0,0.0,0.0,0.0,0.0,0.0,0.0,0.0,0.0,0.0,0.0,0.0,1
14,8,-0.6,1722.3392999999999,0.0,10.845339012145995,0.0,0.0,0.0,0.0,0.0,0.0,0.0,0.0,57.142857142857146,42.857142857142854,0.0,0.0,0.0,0.0,0.0,0.0,0.0,0.0,0.0,0.0,1
19,-1,-0.09473684210526317,2270.5848,0.15789473684210528,4.676223564147949,0.0,10.526315789473685,15.789473684210526,0.0,10.526315789473685,0.0,0.0,10.526315789473685,0.0,0.0,0.0,5.2631578947368425,15.789473684210526,0.0,10.526315789473685,0.0,5.2631578947368425,10.526315789473685,0.0,5.2631578947368425,0
14,2,0.07857142857142858,1579.9480999999998,0.07142857142857144,9.197591590881348,7.142857142857143,7.142857142857143,0.0,0.0,0.0,7.142857142857143,7.142857142857143,7.142857142857143,14.285714285714286,0.0,14.285714285714286,0.0,7.142857142857143,0.0,0.0,0.0,14.285714285714286,7.142857142857143,0.0,7.142857142857143,0
7,1,-1.9000000000000001,747.8205999999999,0.0,8.750052070617677,0.0,0.0,0.0,0.0,0.0,28.571428571428573,0.0,0.0,14.285714285714286,0.0,14.285714285714286,28.571428571428573,0.0,14.285714285714286,0.0,0.0,0.0,0.0,0.0,0.0,0
21,1,1.0571428571428572,2528.0249,0.19047619047619047,7.96785717010498,9.523809523809524,14.285714285714286,0.0,0.0,4.761904761904762,0.0,4.761904761904762,14.285714285714286,0.0,14.285714285714286,0.0,0.0,0.0,4.761904761904762,4.761904761904762,9.523809523809524,4.761904761904762,0.0,9.523809523809524,4.761904761904762,0
13,1,-0.2384615384615385,1543.7287,0.23076923076923078,9.605289649963382,23.076923076923077,0.0,7.6923076923076925,0.0,15.384615384615385,7.6923076923076925,7.6923076923076925,7.6923076923076925,0.0,0.0,0.0,0.0,7.6923076923076925,0.0,15.384615384615385,0.0,0.0,0.0,7.6923076923076925,0.0,0
12,3,0.8166666666666665,1443.8813,0.08333333333333334,10.302321815490721,8.333333333333334,0.0,0.0,0.0,0.0,0.0,0.0,0.0,25.0,33.333333333333336,8.333333333333334,0.0,0.0,0.0,0.0,0.0,8.333333333333334,8.333333333333334,8.333333333333334,0.0,1
16,1,-2.21875,1914.0270999999998,0.0625,8.23056583404541,6.25,6.25,12.5,0.0,0.0,6.25,6.25,0.0,0.0,0.0,0.0,6.25,12.5,12.5,18.75,0.0,6.25,0.0,0.0,6.25,0
22,-1,-1.2,2673.8266,0.2272727272727273,5.399101829528808,4.545454545454546,4.545454545454546,0.0,9.090909090909092,4.545454545454546,9.090909090909092,4.545454545454546,0.0,0.0,0.0,0.0,9.090909090909092,4.545454545454546,9.090909090909092,4.545454545454546,4.545454545454546,9.090909090909092,4.545454545454546,9.090909090909092,9.090909090909092,0
28,-1,-0.975,3196.5193,0.10714285714285715,5.206019783020018,3.5714285714285716,3.5714285714285716,0.0,17.857142857142858,7.142857142857143,7.142857142857143,0.0,0.0,14.285714285714286,3.5714285714285716,3.5714285714285716,0.0,0.0,7.142857142857143,0.0,14.285714285714286,10.714285714285714,3.5714285714285716,3.5714285714285716,0.0,0
19,-2,0.010526315789473658,2369.7141,0.2631578947368421,4.240325355529785,5.2631578947368425,15.789473684210526,0.0,10.526315789473685,0.0,5.2631578947368425,0.0,5.2631578947368425,0.0,5.2631578947368425,5.2631578947368425,0.0,5.2631578947368425,5.2631578947368425,0.0,5.2631578947368425,5.2631578947368425,0.0,15.789473684210526,10.526315789473685,0
20,0,-1.7,2425.5688,0.2,5.80987720489502,0.0,0.0,0.0,10.0,5.0,10.0,0.0,0.0,0.0,5.0,0.0,15.0,15.0,5.0,10.0,5.0,5.0,0.0,5.0,10.0,0
13,2,-4.2700885562506023e-17,1785.1609999999998,0.38461538461538464,8.858939170837402,0.0,15.384615384615385,0.0,0.0,15.384615384615385,0.0,0.0,7.6923076923076925,7.6923076923076925,0.0,7.6923076923076925,0.0,7.6923076923076925,7.6923076923076925,7.6923076923076925,0.0,0.0,0.0,7.6923076923076925,15.384615384615385,0
33,-3,0.2848484848484848,3831.4582,0.12121212121212122,4.0500284194946286,3.0303030303030303,9.090909090909092,0.0,9.090909090909092,3.0303030303030303,6.0606060606060606,0.0,6.0606060606060606,0.0,12.121212121212121,9.090909090909092,6.0606060606060606,3.0303030303030303,9.090909090909092,0.0,3.0303030303030303,9.090909090909092,3.0303030303030303,3.0303030303030303,6.0606060606060606,0
10,3,0.13999999999999993,1296.6013,0.3,11.16626262664795,0.0,0.0,0.0,0.0,30.0,0.0,0.0,0.0,20.0,20.0,0.0,0.0,10.0,0.0,10.0,0.0,10.0,0.0,0.0,0.0,1
25,4,-0.46399999999999997,2953.5078,0.04,9.863549995422364,4.0,4.0,0.0,8.0,0.0,4.0,4.0,4.0,16.0,20.0,0.0,8.0,0.0,4.0,8.0,4.0,0.0,8.0,0.0,4.0,1
43,2,-0.5186046511627908,4453.8009,0.11627906976744186,8.789248847961428,13.953488372093023,4.651162790697675,2.3255813953488373,0.0,0.0,18.6046511627907,4.651162790697675,4.651162790697675,6.976744186046512,0.0,0.0,13.953488372093023,0.0,0.0,0.0,4.651162790697675,9.30232558139535,4.651162790697675,6.976744186046512,4.651162790697675,1
14,-2,-1.0642857142857143,1640.7729,0.07142857142857144,4.507468605041503,0.0,14.285714285714286,0.0,14.285714285714286,7.142857142857143,0.0,7.142857142857143,0.0,0.0,0.0,7.142857142857143,7.142857142857143,7.142857142857143,14.285714285714286,0.0,14.285714285714286,7.142857142857143,0.0,0.0,0.0,0
20,7,-0.6100000000000001,2394.9456999999998,0.15000000000000002,10.778420829772951,5.0,0.0,0.0,0.0,10.0,10.0,10.0,10.0,35.0,10.0,0.0,0.0,0.0,0.0,0.0,5.0,0.0,0.0,5.0,0.0,1
13,6,-1.7615384615384615,1733.1564999999998,0.15384615384615385,11.999967765808105,0.0,0.0,0.0,0.0,0.0,0.0,0.0,7.6923076923076925,30.76923076923077,7.6923076923076925,0.0,0.0,23.076923076923077,0.0,15.384615384615385,0.0,0.0,0.0,15.384615384615385,0.0,1
12,6,-0.1333333333333333,1591.9952999999998,0.0,11.999967765808105,0.0,0.0,0.0,0.0,0.0,0.0,0.0,16.666666666666668,0.0,8.333333333333334,0.0,0.0,0.0,0.0,50.0,0.0,0.0,25.0,0.0,0.0,1
25,8,-0.5760000000000001,3125.7888,0.16,11.840344047546388,8.0,8.0,0.0,0.0,8.0,4.0,0.0,4.0,12.0,4.0,4.0,0.0,4.0,4.0,20.0,4.0,4.0,4.0,8.0,0.0,1
9,1,-1.0777777777777777,1020.1614,0.0,8.463103294372559,0.0,0.0,11.11111111111111,0.0,0.0,0.0,0.0,0.0,11.11111111111111,0.0,11.11111111111111,0.0,11.11111111111111,0.0,11.11111111111111,22.22222222222222,11.11111111111111,11.11111111111111,0.0,0.0,0
26,-1,0.3269230769230769,3185.6447,0.2692307692307693,4.3702592849731445,3.8461538461538463,0.0,3.8461538461538463,3.8461538461538463,7.6923076923076925,3.8461538461538463,0.0,3.8461538461538463,0.0,7.6923076923076925,3.8461538461538463,0.0,7.6923076923076925,7.6923076923076925,3.8461538461538463,3.8461538461538463,3.8461538461538463,15.384615384615385,3.8461538461538463,15.384615384615385,0
118,-1,-0.5872881355932204,14043.709499999999,0.1694915254237288,6.45318088531494,6.779661016949152,5.084745762711864,3.389830508474576,6.779661016949152,6.779661016949152,5.084745762711864,3.389830508474576,5.932203389830509,5.084745762711864,3.389830508474576,2.542372881355932,10.169491525423728,5.084745762711864,5.084745762711864,4.237288135593221,3.389830508474576,3.389830508474576,4.237288135593221,5.932203389830509,4.237288135593221,0
11,0,0.1909090909090909,1349.6209,0.09090909090909091,5.498456382751464,0.0,0.0,9.090909090909092,0.0,0.0,9.090909090909092,0.0,0.0,0.0,18.181818181818183,18.181818181818183,0.0,0.0,9.090909090909092,9.090909090909092,0.0,9.090909090909092,9.090909090909092,9.090909090909092,0.0,0
21,6,0.20476190476190476,2136.6683,0.047619047619047616,10.699318122863769,28.571428571428573,0.0,0.0,0.0,0.0,14.285714285714286,0.0,0.0,28.571428571428573,23.80952380952381,0.0,0.0,0.0,0.0,0.0,0.0,0.0,0.0,4.761904761904762,0.0,1
14,2,-0.2285714285714286,1524.8066999999999,0.07142857142857144,9.315246391296387,7.142857142857143,7.142857142857143,0.0,0.0,0.0,14.285714285714286,0.0,0.0,7.142857142857143,14.285714285714286,7.142857142857143,7.142857142857143,7.142857142857143,0.0,7.142857142857143,0.0,14.285714285714286,0.0,0.0,7.142857142857143,1
37,4,0.3459459459459459,3750.4587,0.05405405405405405,9.595425987243651,16.216216216216218,5.405405405405405,0.0,2.7027027027027026,5.405405405405405,16.216216216216218,2.7027027027027026,5.405405405405405,13.513513513513514,13.513513513513514,2.7027027027027026,2.7027027027027026,0.0,2.7027027027027026,0.0,2.7027027027027026,8.108108108108109,0.0,0.0,0.0,1
16,4,0.18125,1718.0756000000001,0.0625,11.013021278381348,18.75,6.25,0.0,0.0,6.25,6.25,0.0,6.25,12.5,6.25,0.0,0.0,6.25,0.0,12.5,6.25,6.25,6.25,0.0,0.0,1
17,1,-0.5823529411764706,2200.5198,0.23529411764705885,8.743282890319826,11.764705882352942,0.0,0.0,11.764705882352942,11.764705882352942,0.0,0.0,0.0,0.0,11.764705882352942,5.882352941176471,0.0,5.882352941176471,5.882352941176471,17.647058823529413,5.882352941176471,0.0,0.0,5.882352941176471,5.882352941176471,0
25,-3,-0.612,2837.1029,0.12,4.7240819931030265,12.0,4.0,8.0,8.0,4.0,4.0,8.0,0.0,0.0,8.0,4.0,0.0,12.0,0.0,4.0,0.0,16.0,0.0,0.0,8.0,0
7,4,-2.957142857142857,1201.3878,0.42857142857142855,11.999967765808105,0.0,0.0,0.0,0.0,0.0,0.0,0.0,0.0,0.0,0.0,0.0,0.0,0.0,0.0,57.142857142857146,0.0,0.0,0.0,42.857142857142854,0.0,1
26,-1,-1.3153846153846156,3125.4343999999996,0.11538461538461539,6.422828865051269,3.8461538461538463,3.8461538461538463,7.6923076923076925,3.8461538461538463,3.8461538461538463,3.8461538461538463,15.384615384615385,3.8461538461538463,7.6923076923076925,0.0,7.6923076923076925,7.6923076923076925,7.6923076923076925,3.8461538461538463,0.0,3.8461538461538463,7.6923076923076925,0.0,3.8461538461538463,3.8461538461538463,0
17,7,-0.7352941176470589,2077.6326,0.0,11.999967765808105,5.882352941176471,0.0,0.0,0.0,0.0,5.882352941176471,0.0,0.0,17.647058823529413,29.41176470588235,5.882352941176471,0.0,5.882352941176471,5.882352941176471,23.529411764705884,0.0,0.0,0.0,0.0,0.0,1
9,0,0.8333333333333334,1026.1657,0.2222222222222222,5.183511543273924,22.22222222222222,11.11111111111111,0.0,0.0,11.11111111111111,0.0,0.0,11.11111111111111,0.0,0.0,0.0,0.0,0.0,11.11111111111111,0.0,11.11111111111111,11.11111111111111,0.0,11.11111111111111,0.0,0
15,4,-0.8333333333333334,1701.0617000000002,0.06666666666666667,10.176866340637208,6.666666666666667,0.0,6.666666666666667,0.0,6.666666666666667,6.666666666666667,0.0,6.666666666666667,33.333333333333336,13.333333333333334,0.0,6.666666666666667,6.666666666666667,0.0,0.0,0.0,6.666666666666667,0.0,0.0,0.0,1
16,1,1.625,1627.0193000000002,0.0625,8.750052070617677,0.0,0.0,0.0,0.0,6.25,18.75,0.0,6.25,6.25,37.5,0.0,0.0,6.25,0.0,0.0,12.5,0.0,6.25,0.0,0.0,1
22,4,-0.8818181818181817,2467.8226,0.09090909090909091,10.477740287780762,18.181818181818183,0.0,0.0,0.0,0.0,4.545454545454546,0.0,0.0,18.181818181818183,9.090909090909092,0.0,9.090909090909092,4.545454545454546,13.636363636363637,0.0,4.545454545454546,4.545454545454546,4.545454545454546,9.090909090909092,0.0,1
22,-2,0.44999999999999996,2773.2718999999997,0.2727272727272727,4.0500284194946286,4.545454545454546,0.0,0.0,9.090909090909092,13.636363636363637,4.545454545454546,0.0,9.090909090909092,0.0,4.545454545454546,18.181818181818183,0.0,4.545454545454546,9.090909090909092,0.0,9.090909090909092,0.0,0.0,9.090909090909092,4.545454545454546,0
12,-1,0.1333333333333333,1520.7085,0.25,5.940891075134277,8.333333333333334,0.0,0.0,8.333333333333334,8.333333333333334,0.0,16.666666666666668,8.333333333333334,0.0,0.0,8.333333333333334,0.0,0.0,0.0,0.0,8.333333333333334,8.333333333333334,8.333333333333334,8.333333333333334,8.333333333333334,0
20,-2,0.8549999999999999,2386.7196,0.25,4.353093910217285,5.0,5.0,5.0,5.0,20.0,0.0,5.0,5.0,0.0,15.0,0.0,5.0,5.0,0.0,0.0,10.0,5.0,5.0,5.0,0.0,0
11,-1,-1.1727272727272728,1422.5873,0.18181818181818182,4.3702592849731445,9.090909090909092,9.090909090909092,9.090909090909092,9.090909090909092,0.0,0.0,0.0,0.0,0.0,0.0,9.090909090909092,0.0,9.090909090909092,9.090909090909092,9.090909090909092,0.0,9.090909090909092,0.0,18.181818181818183,0.0,0
6,0,0.9166666666666666,622.7334,0.16666666666666669,5.517440605163573,16.666666666666668,16.666666666666668,0.0,0.0,0.0,16.666666666666668,0.0,16.666666666666668,0.0,0.0,0.0,0.0,16.666666666666668,0.0,0.0,0.0,0.0,0.0,0.0,16.666666666666668,0
7,-1,-0.3000000000000001,846.9499,0.14285714285714288,5.076711082458496,0.0,0.0,14.285714285714286,0.0,14.285714285714286,14.285714285714286,14.285714285714286,0.0,0.0,14.285714285714286,14.285714285714286,0.0,0.0,14.285714285714286,0.0,0.0,0.0,0.0,0.0,0.0,0
47,-4,-0.0787234042553192,5204.786099999999,0.06382978723404255,5.501070976257323,6.382978723404255,0.0,6.382978723404255,4.25531914893617,4.25531914893617,8.51063829787234,10.638297872340425,10.638297872340425,0.0,8.51063829787234,2.127659574468085,2.127659574468085,6.382978723404255,8.51063829787234,2.127659574468085,4.25531914893617,6.382978723404255,6.382978723404255,0.0,2.127659574468085,0
14,-1,0.5642857142857143,1659.8801999999998,0.2142857142857143,5.240236854553221,0.0,0.0,0.0,7.142857142857143,14.285714285714286,7.142857142857143,7.142857142857143,14.285714285714286,0.0,7.142857142857143,0.0,0.0,7.142857142857143,7.142857142857143,0.0,14.285714285714286,0.0,7.142857142857143,7.142857142857143,0.0,0
27,0,-1.151851851851852,2899.0894999999996,0.07407407407407407,6.416917610168457,7.407407407407407,0.0,3.7037037037037037,3.7037037037037037,0.0,11.11111111111111,3.7037037037037037,0.0,7.407407407407407,3.7037037037037037,7.407407407407407,14.814814814814815,3.7037037037037037,0.0,0.0,14.814814814814815,11.11111111111111,0.0,3.7037037037037037,3.7037037037037037,0
12,2,-0.7999999999999999,1455.7248,0.08333333333333334,8.860164070129393,0.0,16.666666666666668,0.0,0.0,0.0,0.0,8.333333333333334,0.0,16.666666666666668,0.0,8.333333333333334,8.333333333333334,0.0,8.333333333333334,0.0,0.0,16.666666666666668,8.333333333333334,0.0,8.333333333333334,0
12,4,-0.00833333333333334,1708.1019,0.33333333333333337,11.097152519226071,0.0,0.0,0.0,0.0,8.333333333333334,0.0,0.0,16.666666666666668,16.666666666666668,8.333333333333334,0.0,0.0,0.0,0.0,16.666666666666668,0.0,0.0,8.333333333333334,16.666666666666668,8.333333333333334,1
19,0,0.7473684210526316,2393.9075,0.26315789473684215,5.81402645111084,0.0,15.789473684210526,5.2631578947368425,0.0,5.2631578947368425,0.0,0.0,5.2631578947368425,5.2631578947368425,10.526315789473685,5.2631578947368425,5.2631578947368425,10.526315789473685,0.0,0.0,0.0,0.0,10.526315789473685,10.526315789473685,10.526315789473685,0
12,0,-0.15,1415.5995999999998,0.08333333333333334,6.731635093688964,16.666666666666668,16.666666666666668,0.0,8.333333333333334,0.0,0.0,8.333333333333334,8.333333333333334,0.0,0.0,0.0,16.666666666666668,0.0,0.0,8.333333333333334,0.0,0.0,8.333333333333334,8.333333333333334,0.0,0
17,3,-0.27647058823529413,2174.5902,0.11764705882352942,10.903747367858884,0.0,0.0,5.882352941176471,5.882352941176471,11.764705882352942,0.0,0.0,11.764705882352942,11.764705882352942,11.764705882352942,0.0,5.882352941176471,0.0,5.882352941176471,17.647058823529413,0.0,0.0,11.764705882352942,0.0,0.0,1
36,5,-0.9166666666666666,3936.4399000000003,0.08333333333333334,9.901006126403807,8.333333333333334,5.555555555555555,2.7777777777777777,0.0,8.333333333333334,11.11111111111111,0.0,2.7777777777777777,13.88888888888889,5.555555555555555,0.0,16.666666666666668,5.555555555555555,11.11111111111111,2.7777777777777777,2.7777777777777777,0.0,2.7777777777777777,0.0,0.0,1
19,-2,-1.5052631578947369,2331.4791999999998,0.10526315789473685,5.357666206359863,0.0,0.0,5.2631578947368425,15.789473684210526,5.2631578947368425,5.2631578947368425,10.526315789473685,0.0,0.0,5.2631578947368425,5.2631578947368425,5.2631578947368425,5.2631578947368425,5.2631578947368425,10.526315789473685,10.526315789473685,0.0,5.2631578947368425,0.0,5.2631578947368425,0
16,1,1.3,1629.9802,0.0625,8.59094409942627,6.25,0.0,6.25,0.0,6.25,18.75,0.0,18.75,12.5,12.5,0.0,0.0,0.0,0.0,0.0,6.25,0.0,12.5,0.0,0.0,1
15,-1,-0.09333333333333341,2011.3006,0.4,4.370429801940918,0.0,13.333333333333334,6.666666666666667,6.666666666666667,20.0,0.0,0.0,0.0,0.0,6.666666666666667,6.666666666666667,6.666666666666667,6.666666666666667,0.0,6.666666666666667,0.0,0.0,0.0,0.0,20.0,0
11,2,0.6636363636363636,1253.4904,0.2727272727272727,10.002737236022949,18.181818181818183,0.0,0.0,0.0,18.181818181818183,9.090909090909092,0.0,0.0,18.181818181818183,9.090909090909092,0.0,0.0,0.0,0.0,0.0,9.090909090909092,0.0,9.090909090909092,9.090909090909092,0.0,1
44,-2,-0.17954545454545456,4939.5157,0.13636363636363635,4.8915864944458,9.090909090909092,2.272727272727273,9.090909090909092,4.545454545454546,11.363636363636363,6.818181818181818,2.272727272727273,6.818181818181818,6.818181818181818,4.545454545454546,0.0,6.818181818181818,6.818181818181818,6.818181818181818,2.272727272727273,2.272727272727273,0.0,9.090909090909092,0.0,2.272727272727273,0
35,7,-0.2657142857142857,3796.4871999999996,0.11428571428571428,10.301354789733885,20.0,0.0,0.0,2.857142857142857,8.571428571428571,8.571428571428571,2.857142857142857,0.0,22.857142857142858,5.714285714285714,2.857142857142857,2.857142857142857,0.0,5.714285714285714,0.0,2.857142857142857,2.857142857142857,8.571428571428571,0.0,2.857142857142857,1
19,6,-1.431578947368421,2684.194,0.4210526315789474,10.048380851745605,0.0,10.526315789473685,0.0,0.0,0.0,10.526315789473685,0.0,0.0,31.57894736842105,0.0,0.0,0.0,0.0,0.0,0.0,5.2631578947368425,0.0,0.0,42.10526315789474,0.0,1
14,1,-0.8,1692.9104,0.2142857142857143,8.74786014556885,0.0,0.0,0.0,7.142857142857143,14.285714285714286,0.0,0.0,0.0,7.142857142857143,7.142857142857143,0.0,0.0,21.428571428571427,0.0,7.142857142857143,14.285714285714286,14.285714285714286,0.0,7.142857142857143,0.0,1
13,4,0.8923076923076922,1456.8999999999999,0.07692307692307693,10.477740287780762,23.076923076923077,0.0,0.0,0.0,7.6923076923076925,0.0,0.0,0.0,30.76923076923077,38.46153846153846,0.0,0.0,0.0,0.0,0.0,0.0,0.0,0.0,0.0,0.0,1
26,2,0.8346153846153845,2519.0316,0.0,9.703023719787598,11.538461538461538,0.0,3.8461538461538463,0.0,0.0,19.23076923076923,0.0,7.6923076923076925,11.538461538461538,23.076923076923077,0.0,0.0,3.8461538461538463,3.8461538461538463,0.0,7.6923076923076925,0.0,7.6923076923076925,0.0,0.0,1
33,-2,-0.8242424242424242,3787.0963,0.09090909090909091,5.992444038391112,6.0606060606060606,6.0606060606060606,9.090909090909092,3.0303030303030303,0.0,6.0606060606060606,12.121212121212121,9.090909090909092,3.0303030303030303,0.0,3.0303030303030303,6.0606060606060606,3.0303030303030303,3.0303030303030303,3.0303030303030303,9.090909090909092,6.0606060606060606,3.0303030303030303,3.0303030303030303,6.0606060606060606,0
19,1,0.1842105263157894,2311.7093999999997,0.15789473684210528,9.769039344787597,5.2631578947368425,0.0,0.0,0.0,5.2631578947368425,5.2631578947368425,15.789473684210526,10.526315789473685,0.0,10.526315789473685,5.2631578947368425,5.2631578947368425,10.526315789473685,0.0,5.2631578947368425,5.2631578947368425,0.0,5.2631578947368425,10.526315789473685,0.0,0
26,0,-0.5192307692307693,3179.5362,0.23076923076923078,6.349961280822753,7.6923076923076925,0.0,3.8461538461538463,11.538461538461538,7.6923076923076925,3.8461538461538463,0.0,3.8461538461538463,11.538461538461538,3.8461538461538463,0.0,7.6923076923076925,0.0,0.0,3.8461538461538463,7.6923076923076925,0.0,11.538461538461538,7.6923076923076925,7.6923076923076925,0
23,0,0.1652173913043478,2754.1711999999998,0.17391304347826086,6.901526832580567,4.3478260869565215,8.695652173913043,0.0,4.3478260869565215,8.695652173913043,4.3478260869565215,8.695652173913043,13.043478260869565,0.0,4.3478260869565215,4.3478260869565215,8.695652173913043,4.3478260869565215,0.0,4.3478260869565215,4.3478260869565215,8.695652173913043,0.0,4.3478260869565215,4.3478260869565215,0
20,1,-0.6000000000000001,2404.7669,0.0,8.437573814392092,0.0,0.0,5.0,10.0,0.0,5.0,5.0,10.0,5.0,25.0,0.0,5.0,0.0,5.0,15.0,5.0,5.0,0.0,0.0,0.0,1
37,5,0.14864864864864866,3870.5905999999995,0.05405405405405405,9.788895606994629,18.91891891891892,5.405405405405405,0.0,2.7027027027027026,5.405405405405405,10.81081081081081,2.7027027027027026,5.405405405405405,16.216216216216218,13.513513513513514,0.0,8.108108108108109,0.0,5.405405405405405,0.0,0.0,2.7027027027027026,2.7027027027027026,0.0,0.0,1
14,3,1.157142857142857,1479.8919999999998,0.0,10.302063941955566,28.571428571428573,0.0,0.0,0.0,0.0,0.0,0.0,14.285714285714286,21.428571428571427,28.571428571428573,0.0,7.142857142857143,0.0,0.0,0.0,0.0,0.0,0.0,0.0,0.0,1
25,-2,-0.284,2854.153,0.12,4.316716957092285,4.0,4.0,8.0,8.0,4.0,8.0,0.0,4.0,4.0,8.0,0.0,12.0,4.0,0.0,4.0,0.0,8.0,12.0,4.0,4.0,0
21,2,-1.3238095238095238,2591.9861,0.14285714285714285,9.261995506286617,0.0,4.761904761904762,4.761904761904762,0.0,4.761904761904762,4.761904761904762,4.761904761904762,0.0,9.523809523809524,0.0,9.523809523809524,4.761904761904762,14.285714285714286,14.285714285714286,4.761904761904762,0.0,4.761904761904762,4.761904761904762,4.761904761904762,4.761904761904762,0
24,-3,-0.6208333333333333,2706.9177999999997,0.125,4.626659965515137,8.333333333333334,4.166666666666667,4.166666666666667,8.333333333333334,0.0,12.5,8.333333333333334,0.0,0.0,4.166666666666667,4.166666666666667,4.166666666666667,4.166666666666667,8.333333333333334,0.0,0.0,8.333333333333334,8.333333333333334,4.166666666666667,8.333333333333334,0
12,4,-1.0083333333333333,1608.9345999999998,0.16666666666666669,11.712567710876463,8.333333333333334,8.333333333333334,0.0,0.0,8.333333333333334,0.0,0.0,0.0,8.333333333333334,0.0,8.333333333333334,0.0,0.0,16.666666666666668,25.0,0.0,0.0,8.333333333333334,8.333333333333334,0.0,1
18,3,1.1888888888888889,1845.3838999999998,0.0,9.390158653259277,11.11111111111111,11.11111111111111,0.0,0.0,0.0,11.11111111111111,0.0,16.666666666666668,16.666666666666668,5.555555555555555,5.555555555555555,0.0,5.555555555555555,0.0,0.0,0.0,5.555555555555555,11.11111111111111,0.0,0.0,1
19,6,1.368421052631579,2258.0979,0.0,10.699318122863769,0.0,0.0,0.0,0.0,0.0,0.0,0.0,0.0,31.57894736842105,68.42105263157895,0.0,0.0,0.0,0.0,0.0,0.0,0.0,0.0,0.0,0.0,1
12,-2,-1.0916666666666666,1557.6576,0.25,4.1375036239624015,0.0,0.0,8.333333333333334,16.666666666666668,8.333333333333334,0.0,0.0,0.0,8.333333333333334,0.0,0.0,8.333333333333334,0.0,8.333333333333334,0.0,0.0,8.333333333333334,16.666666666666668,8.333333333333334,8.333333333333334,0
25,-3,-0.35200000000000004,2956.3127999999997,0.08,4.866179466247559,4.0,8.0,8.0,8.0,0.0,4.0,8.0,4.0,0.0,8.0,8.0,4.0,0.0,8.0,4.0,4.0,4.0,8.0,0.0,8.0,0
12,3,0.85,1520.9106,0.16666666666666669,8.97536907196045,0.0,33.333333333333336,0.0,0.0,8.333333333333334,0.0,0.0,0.0,0.0,8.333333333333334,0.0,0.0,0.0,0.0,25.0,0.0,0.0,16.666666666666668,0.0,8.333333333333334,1
25,6,-1.012,3019.5759,0.08,10.948617362976073,4.0,8.0,0.0,4.0,4.0,4.0,0.0,4.0,12.0,0.0,4.0,4.0,8.0,8.0,16.0,4.0,4.0,8.0,4.0,0.0,1
12,-2,-0.38333333333333336,1440.5078999999998,0.33333333333333337,4.0500284194946286,16.666666666666668,0.0,0.0,16.666666666666668,8.333333333333334,8.333333333333334,0.0,8.333333333333334,0.0,0.0,0.0,8.333333333333334,0.0,0.0,0.0,0.0,8.333333333333334,0.0,0.0,25.0,0
9,0,2.2444444444444445,882.1016,0.1111111111111111,5.518122673034666,33.333333333333336,11.11111111111111,0.0,0.0,11.11111111111111,11.11111111111111,0.0,0.0,0.0,11.11111111111111,11.11111111111111,0.0,0.0,0.0,0.0,0.0,0.0,11.11111111111111,0.0,0.0,0
11,-1,-0.21818181818181823,1377.5234,0.18181818181818182,5.076483726501464,0.0,9.090909090909092,9.090909090909092,0.0,9.090909090909092,0.0,9.090909090909092,9.090909090909092,0.0,9.090909090909092,0.0,9.090909090909092,0.0,9.090909090909092,0.0,0.0,18.181818181818183,0.0,9.090909090909092,0.0,0
19,0,0.21052631578947367,2082.3772,0.15789473684210528,5.964706611633301,5.2631578947368425,5.2631578947368425,0.0,5.2631578947368425,5.2631578947368425,10.526315789473685,0.0,5.2631578947368425,5.2631578947368425,10.526315789473685,0.0,5.2631578947368425,10.526315789473685,0.0,0.0,10.526315789473685,5.2631578947368425,5.2631578947368425,5.2631578947368425,5.2631578947368425,0
13,-2,-0.9230769230769231,1673.8455999999999,0.23076923076923078,4.353093910217285,0.0,15.384615384615385,7.6923076923076925,7.6923076923076925,7.6923076923076925,0.0,7.6923076923076925,0.0,0.0,0.0,7.6923076923076925,7.6923076923076925,7.6923076923076925,7.6923076923076925,0.0,0.0,7.6923076923076925,0.0,7.6923076923076925,7.6923076923076925,0
25,-2,-1.1520000000000001,2980.2001999999998,0.16,4.1373899459838865,4.0,0.0,4.0,8.0,4.0,4.0,0.0,0.0,4.0,0.0,8.0,8.0,4.0,12.0,0.0,8.0,16.0,4.0,8.0,4.0,0
44,3,-0.4295454545454546,5032.8065,0.11363636363636365,9.305705070495605,4.545454545454546,4.545454545454546,4.545454545454546,4.545454545454546,9.090909090909092,9.090909090909092,6.818181818181818,2.272727272727273,9.090909090909092,4.545454545454546,4.545454545454546,2.272727272727273,6.818181818181818,0.0,6.818181818181818,4.545454545454546,6.818181818181818,6.818181818181818,2.272727272727273,0.0,0
8,4,-3.85,1191.3153,0.0,11.999967765808105,0.0,0.0,0.0,0.0,0.0,0.0,50.0,0.0,0.0,0.0,0.0,0.0,0.0,0.0,50.0,0.0,0.0,0.0,0.0,0.0,1
45,12,-0.7133333333333334,5029.9222,0.06666666666666667,11.897463035583492,13.333333333333334,2.2222222222222223,0.0,4.444444444444445,6.666666666666667,11.11111111111111,0.0,4.444444444444445,15.555555555555555,8.88888888888889,0.0,4.444444444444445,2.2222222222222223,2.2222222222222223,15.555555555555555,4.444444444444445,2.2222222222222223,2.2222222222222223,0.0,0.0,1
90,-10,-0.018888888888888906,10375.640000000001,0.15555555555555556,4.0500284194946286,4.444444444444445,8.88888888888889,6.666666666666667,8.88888888888889,5.555555555555555,5.555555555555555,0.0,5.555555555555555,2.2222222222222223,6.666666666666667,3.3333333333333335,4.444444444444445,3.3333333333333335,4.444444444444445,2.2222222222222223,6.666666666666667,4.444444444444445,6.666666666666667,2.2222222222222223,7.777777777777778,0
20,2,-1.3599999999999999,2356.6378,0.1,9.692966651916507,5.0,0.0,5.0,5.0,0.0,5.0,0.0,5.0,5.0,5.0,0.0,10.0,20.0,0.0,15.0,0.0,5.0,5.0,0.0,10.0,1
11,2,1.0909090909090908,1180.4381,0.18181818181818182,10.002737236022949,18.181818181818183,0.0,0.0,0.0,18.181818181818183,9.090909090909092,0.0,0.0,18.181818181818183,18.181818181818183,0.0,0.0,0.0,0.0,0.0,9.090909090909092,0.0,9.090909090909092,0.0,0.0,1
16,5,0.13125,1879.3057,0.125,11.999967765808105,25.0,6.25,0.0,0.0,12.5,0.0,0.0,0.0,6.25,0.0,6.25,0.0,6.25,0.0,25.0,0.0,0.0,12.5,0.0,0.0,1
20,0,-0.5549999999999999,2172.331,0.1,6.7802324295043945,5.0,5.0,0.0,5.0,0.0,10.0,5.0,5.0,5.0,0.0,0.0,5.0,0.0,10.0,0.0,15.0,10.0,10.0,0.0,10.0,0
18,1,0.5277777777777778,2227.6263,0.2222222222222222,8.058241844177246,5.555555555555555,11.11111111111111,5.555555555555555,0.0,11.11111111111111,0.0,0.0,11.11111111111111,0.0,5.555555555555555,5.555555555555555,0.0,0.0,0.0,11.11111111111111,5.555555555555555,16.666666666666668,0.0,5.555555555555555,5.555555555555555,0
11,-2,-2.9545454545454546,1347.3073,0.0,5.700518989562989,0.0,0.0,18.181818181818183,9.090909090909092,0.0,0.0,27.272727272727273,0.0,9.090909090909092,0.0,0.0,9.090909090909092,0.0,9.090909090909092,0.0,9.090909090909092,9.090909090909092,0.0,0.0,0.0,0
13,1,-0.18461538461538465,1416.6075999999998,0.0,8.24784336090088,7.6923076923076925,7.6923076923076925,0.0,0.0,0.0,7.6923076923076925,23.076923076923077,0.0,7.6923076923076925,7.6923076923076925,0.0,0.0,0.0,7.6923076923076925,0.0,7.6923076923076925,7.6923076923076925,15.384615384615385,0.0,0.0,0
23,-1,-2.1652173913043478,2901.1338,0.043478260869565216,6.2845964431762695,0.0,4.3478260869565215,4.3478260869565215,17.391304347826086,0.0,0.0,13.043478260869565,8.695652173913043,13.043478260869565,0.0,0.0,4.3478260869565215,4.3478260869565215,13.043478260869565,4.3478260869565215,4.3478260869565215,4.3478260869565215,0.0,4.3478260869565215,0.0,0
26,4,-0.5730769230769232,2985.4334999999996,0.07692307692307693,11.723011589050294,3.8461538461538463,0.0,0.0,3.8461538461538463,7.6923076923076925,15.384615384615385,15.384615384615385,3.8461538461538463,7.6923076923076925,11.538461538461538,3.8461538461538463,3.8461538461538463,0.0,0.0,11.538461538461538,7.6923076923076925,0.0,3.8461538461538463,0.0,0.0,1
29,-1,-1.1689655172413793,3573.9053000000004,0.20689655172413793,6.009097862243652,3.4482758620689653,3.4482758620689653,10.344827586206897,0.0,0.0,10.344827586206897,6.896551724137931,3.4482758620689653,3.4482758620689653,3.4482758620689653,6.896551724137931,3.4482758620689653,3.4482758620689653,10.344827586206897,3.4482758620689653,6.896551724137931,0.0,0.0,10.344827586206897,10.344827586206897,0
12,2,0.19999999999999998,1545.8917999999999,0.25,8.903228950500488,0.0,16.666666666666668,0.0,0.0,8.333333333333334,0.0,0.0,0.0,8.333333333333334,0.0,8.333333333333334,8.333333333333334,8.333333333333334,0.0,8.333333333333334,0.0,0.0,16.666666666666668,8.333333333333334,8.333333333333334,0
12,1,-0.15833333333333335,1457.7171999999998,0.25,8.197493553161618,8.333333333333334,8.333333333333334,0.0,0.0,8.333333333333334,8.333333333333334,0.0,0.0,8.333333333333334,0.0,8.333333333333334,0.0,8.333333333333334,16.666666666666668,0.0,0.0,0.0,8.333333333333334,8.333333333333334,8.333333333333334,0
21,1,-0.5000000000000001,2563.9759,0.14285714285714288,8.258545112609863,4.761904761904762,4.761904761904762,0.0,4.761904761904762,14.285714285714286,0.0,4.761904761904762,4.761904761904762,0.0,4.761904761904762,9.523809523809524,9.523809523809524,14.285714285714286,9.523809523809524,9.523809523809524,4.761904761904762,0.0,0.0,0.0,0.0,0
9,5,-0.47777777777777786,1111.5072,0.0,10.602486610412598,0.0,0.0,0.0,0.0,0.0,0.0,0.0,0.0,55.55555555555556,44.44444444444444,0.0,0.0,0.0,0.0,0.0,0.0,0.0,0.0,0.0,0.0,1
17,0,-0.6470588235294118,2030.2595000000001,0.17647058823529413,6.416519737243653,0.0,0.0,0.0,5.882352941176471,0.0,5.882352941176471,0.0,11.764705882352942,5.882352941176471,5.882352941176471,5.882352941176471,17.647058823529413,5.882352941176471,0.0,0.0,11.764705882352942,5.882352941176471,0.0,5.882352941176471,11.764705882352942,0
13,1,1.6999999999999997,1397.7465,0.07692307692307693,9.750021171569824,0.0,0.0,0.0,0.0,7.6923076923076925,15.384615384615385,0.0,0.0,0.0,46.15384615384615,0.0,0.0,7.6923076923076925,0.0,7.6923076923076925,7.6923076923076925,0.0,7.6923076923076925,0.0,0.0,1
17,7,-0.7999999999999999,2057.5385,0.0,11.999967765808105,0.0,0.0,0.0,0.0,0.0,11.764705882352942,5.882352941176471,0.0,17.647058823529413,23.529411764705884,0.0,0.0,0.0,5.882352941176471,23.529411764705884,0.0,0.0,11.764705882352942,0.0,0.0,1
27,3,0.2518518518518518,2675.1279999999997,0.037037037037037035,9.825642585754395,14.814814814814815,0.0,0.0,3.7037037037037037,0.0,18.51851851851852,0.0,7.407407407407407,14.814814814814815,14.814814814814815,0.0,3.7037037037037037,0.0,0.0,0.0,3.7037037037037037,11.11111111111111,3.7037037037037037,0.0,3.7037037037037037,1
13,1,0.09230769230769226,1618.8546,0.3076923076923077,8.183890724182131,0.0,7.6923076923076925,0.0,0.0,7.6923076923076925,15.384615384615385,7.6923076923076925,0.0,0.0,15.384615384615385,0.0,0.0,0.0,7.6923076923076925,7.6923076923076925,0.0,0.0,7.6923076923076925,0.0,23.076923076923077,0
10,0,-0.030000000000000006,1157.3419,0.1,6.7933053970336905,10.0,0.0,0.0,10.0,0.0,10.0,10.0,10.0,10.0,0.0,10.0,0.0,0.0,0.0,0.0,10.0,0.0,10.0,10.0,0.0,0
37,1,0.12702702702702698,3880.4529999999995,0.08108108108108107,8.064301872253417,10.81081081081081,5.405405405405405,2.7027027027027026,0.0,5.405405405405405,10.81081081081081,5.405405405405405,0.0,5.405405405405405,10.81081081081081,5.405405405405405,2.7027027027027026,5.405405405405405,2.7027027027027026,0.0,8.108108108108109,13.513513513513514,2.7027027027027026,2.7027027027027026,0.0,0
43,2,0.19302325581395346,4778.5634,0.13953488372093023,8.493467903137208,4.651162790697675,9.30232558139535,4.651162790697675,0.0,6.976744186046512,16.27906976744186,6.976744186046512,6.976744186046512,6.976744186046512,4.651162790697675,4.651162790697675,2.3255813953488373,0.0,4.651162790697675,2.3255813953488373,4.651162790697675,0.0,6.976744186046512,2.3255813953488373,4.651162790697675,0
25,-1,0.023999999999999938,2902.4159,0.12,5.380174446105957,0.0,8.0,0.0,8.0,8.0,12.0,4.0,4.0,0.0,12.0,12.0,8.0,8.0,4.0,4.0,0.0,4.0,0.0,0.0,4.0,0
26,1,-0.9153846153846155,3454.8039999999996,0.4230769230769231,8.128770256042483,3.8461538461538463,3.8461538461538463,3.8461538461538463,0.0,11.538461538461538,7.6923076923076925,11.538461538461538,0.0,3.8461538461538463,0.0,3.8461538461538463,3.8461538461538463,3.8461538461538463,0.0,3.8461538461538463,0.0,7.6923076923076925,0.0,7.6923076923076925,23.076923076923077,0
12,3,-2.65,1633.8134,0.16666666666666669,9.997257423400882,0.0,0.0,0.0,8.333333333333334,8.333333333333334,0.0,33.333333333333336,0.0,25.0,0.0,0.0,0.0,0.0,0.0,8.333333333333334,8.333333333333334,0.0,0.0,0.0,8.333333333333334,1
13,1,-0.10000000000000006,1472.7503,0.07692307692307693,8.407853889465336,0.0,0.0,0.0,0.0,0.0,7.6923076923076925,0.0,15.384615384615385,0.0,7.6923076923076925,7.6923076923076925,0.0,23.076923076923077,7.6923076923076925,7.6923076923076925,7.6923076923076925,7.6923076923076925,0.0,0.0,7.6923076923076925,0
23,4,0.05217391304347827,2515.9912,0.13043478260869565,10.176866340637208,8.695652173913043,0.0,0.0,4.3478260869565215,8.695652173913043,17.391304347826086,4.3478260869565215,17.391304347826086,21.73913043478261,0.0,0.0,0.0,0.0,0.0,0.0,4.3478260869565215,4.3478260869565215,4.3478260869565215,4.3478260869565215,0.0,1
26,3,-0.7615384615384616,3182.5917,0.15384615384615385,9.81629467010498,15.384615384615385,0.0,3.8461538461538463,3.8461538461538463,0.0,0.0,3.8461538461538463,7.6923076923076925,3.8461538461538463,11.538461538461538,0.0,3.8461538461538463,3.8461538461538463,3.8461538461538463,15.384615384615385,3.8461538461538463,3.8461538461538463,0.0,0.0,15.384615384615385,1
15,1,0.11333333333333333,1705.0533,0.06666666666666667,8.74786014556885,0.0,0.0,0.0,6.666666666666667,6.666666666666667,13.333333333333334,0.0,0.0,6.666666666666667,6.666666666666667,13.333333333333334,6.666666666666667,6.666666666666667,6.666666666666667,6.666666666666667,0.0,0.0,20.0,0.0,0.0,0
9,1,-0.30000000000000004,1140.2931,0.2222222222222222,8.757208061218265,11.11111111111111,0.0,0.0,0.0,0.0,0.0,11.11111111111111,11.11111111111111,11.11111111111111,0.0,0.0,11.11111111111111,0.0,0.0,0.0,11.11111111111111,0.0,11.11111111111111,22.22222222222222,0.0,0
25,0,1.176,2603.1112999999996,0.04,7.024071693420409,8.0,0.0,0.0,4.0,4.0,12.0,12.0,8.0,4.0,16.0,0.0,0.0,8.0,0.0,0.0,4.0,0.0,20.0,0.0,0.0,1
24,-4,-0.8208333333333333,2862.0892999999996,0.125,4.352809715270996,8.333333333333334,4.166666666666667,8.333333333333334,16.666666666666668,4.166666666666667,4.166666666666667,4.166666666666667,12.5,4.166666666666667,0.0,0.0,0.0,4.166666666666667,4.166666666666667,4.166666666666667,4.166666666666667,8.333333333333334,0.0,8.333333333333334,0.0,0
46,5,0.25434782608695655,4781.7716,0.043478260869565216,9.627982521057131,4.3478260869565215,4.3478260869565215,4.3478260869565215,4.3478260869565215,4.3478260869565215,21.73913043478261,0.0,17.391304347826086,17.391304347826086,2.1739130434782608,4.3478260869565215,2.1739130434782608,0.0,0.0,2.1739130434782608,2.1739130434782608,2.1739130434782608,6.521739130434782,0.0,0.0,1
16,4,1.2625,1754.2135,0.0625,11.999967765808105,18.75,0.0,0.0,0.0,6.25,6.25,0.0,12.5,12.5,12.5,0.0,0.0,0.0,0.0,12.5,0.0,0.0,18.75,0.0,0.0,1
18,2,-0.75,2152.4174,0.16666666666666666,9.504461097717286,11.11111111111111,5.555555555555555,0.0,0.0,0.0,11.11111111111111,5.555555555555555,0.0,0.0,5.555555555555555,5.555555555555555,0.0,0.0,11.11111111111111,11.11111111111111,5.555555555555555,11.11111111111111,0.0,11.11111111111111,5.555555555555555,0
20,7,-0.38500000000000006,2465.0322,0.2,10.778420829772951,5.0,0.0,0.0,0.0,15.0,0.0,5.0,5.0,35.0,15.0,0.0,0.0,0.0,0.0,0.0,15.0,0.0,0.0,5.0,0.0,1
13,1,1.646153846153846,1437.7655,0.23076923076923075,8.750052070617677,0.0,0.0,0.0,0.0,23.076923076923077,15.384615384615385,0.0,7.6923076923076925,7.6923076923076925,23.076923076923077,0.0,0.0,7.6923076923076925,0.0,0.0,7.6923076923076925,0.0,7.6923076923076925,0.0,0.0,1
9,4,-1.911111111111111,1472.7419,0.4444444444444444,11.999967765808105,0.0,0.0,0.0,0.0,0.0,0.0,0.0,0.0,11.11111111111111,11.11111111111111,0.0,0.0,0.0,0.0,33.333333333333336,0.0,0.0,0.0,44.44444444444444,0.0,1
19,6,0.7157894736842106,1987.5628000000002,0.0,10.048380851745605,0.0,10.526315789473685,0.0,0.0,0.0,10.526315789473685,0.0,0.0,31.57894736842105,0.0,0.0,0.0,0.0,0.0,0.0,5.2631578947368425,0.0,42.10526315789474,0.0,0.0,1
8,-1,0.8624999999999999,885.0162,0.0,4.0500284194946286,12.5,0.0,0.0,12.5,0.0,0.0,0.0,0.0,0.0,37.5,0.0,25.0,0.0,0.0,0.0,0.0,0.0,12.5,0.0,0.0,1
18,2,-2.4000000000000004,2253.4602,0.05555555555555555,9.693740272521975,0.0,0.0,11.11111111111111,5.555555555555555,0.0,5.555555555555555,11.11111111111111,0.0,11.11111111111111,0.0,5.555555555555555,5.555555555555555,5.555555555555555,5.555555555555555,16.666666666666668,5.555555555555555,0.0,5.555555555555555,0.0,5.555555555555555,0
6,3,-1.7833333333333332,922.1258,0.5,10.302063941955566,0.0,0.0,0.0,0.0,16.666666666666668,0.0,0.0,0.0,50.0,0.0,0.0,0.0,0.0,0.0,0.0,0.0,0.0,0.0,33.333333333333336,0.0,1
26,6,0.3038461538461539,2789.3997,0.038461538461538464,10.699318122863769,7.6923076923076925,0.0,0.0,0.0,3.8461538461538463,0.0,0.0,7.6923076923076925,23.076923076923077,15.384615384615385,0.0,0.0,3.8461538461538463,0.0,0.0,19.23076923076923,11.538461538461538,7.6923076923076925,0.0,0.0,1
19,2,-1.431578947368421,2235.435,0.15789473684210528,9.198107337951662,5.2631578947368425,5.2631578947368425,5.2631578947368425,5.2631578947368425,10.526315789473685,5.2631578947368425,0.0,0.0,10.526315789473685,0.0,0.0,5.2631578947368425,5.2631578947368425,5.2631578947368425,10.526315789473685,10.526315789473685,10.526315789473685,0.0,0.0,5.2631578947368425,0
15,4,0.7200000000000001,1806.2484,0.06666666666666667,11.999967765808105,6.666666666666667,0.0,0.0,0.0,0.0,0.0,0.0,13.333333333333334,6.666666666666667,6.666666666666667,0.0,0.0,6.666666666666667,0.0,20.0,0.0,6.666666666666667,26.666666666666668,6.666666666666667,0.0,1
14,-2,-0.45000000000000007,1574.7344999999998,0.0,4.195820426940918,0.0,0.0,14.285714285714286,0.0,0.0,7.142857142857143,7.142857142857143,7.142857142857143,0.0,7.142857142857143,14.285714285714286,14.285714285714286,0.0,7.142857142857143,0.0,7.142857142857143,7.142857142857143,7.142857142857143,0.0,0.0,0
13,-1,-0.053846153846153794,1578.7862,0.15384615384615385,4.531340980529785,7.6923076923076925,7.6923076923076925,0.0,15.384615384615385,0.0,0.0,0.0,0.0,7.6923076923076925,0.0,0.0,0.0,0.0,7.6923076923076925,0.0,0.0,15.384615384615385,23.076923076923077,15.384615384615385,0.0,0
11,1,-0.5454545454545456,1709.9071,0.6363636363636364,8.76849002838135,0.0,0.0,0.0,0.0,36.36363636363637,0.0,27.272727272727273,0.0,0.0,0.0,0.0,0.0,0.0,0.0,9.090909090909092,0.0,0.0,0.0,18.181818181818183,9.090909090909092,1
24,1,-0.1333333333333334,3060.4451,0.2916666666666667,8.214577674865723,4.166666666666667,4.166666666666667,4.166666666666667,0.0,12.5,0.0,8.333333333333334,0.0,0.0,12.5,0.0,0.0,4.166666666666667,4.166666666666667,8.333333333333334,12.5,4.166666666666667,4.166666666666667,8.333333333333334,8.333333333333334,0
30,2,-0.23333333333333334,3461.9678999999996,0.1,9.199590110778807,10.0,3.3333333333333335,6.666666666666667,0.0,3.3333333333333335,3.3333333333333335,3.3333333333333335,13.333333333333334,10.0,3.3333333333333335,3.3333333333333335,10.0,0.0,3.3333333333333335,3.3333333333333335,6.666666666666667,6.666666666666667,3.3333333333333335,6.666666666666667,0.0,0
31,-2,-1.525806451612903,3635.9012000000002,0.06451612903225806,5.126615715026855,3.225806451612903,6.451612903225806,9.67741935483871,16.129032258064516,0.0,3.225806451612903,3.225806451612903,6.451612903225806,12.903225806451612,3.225806451612903,0.0,3.225806451612903,0.0,0.0,6.451612903225806,12.903225806451612,6.451612903225806,0.0,0.0,6.451612903225806,0
15,2,0.6666666666666666,1891.2582000000002,0.33333333333333337,8.820838356018069,0.0,13.333333333333334,0.0,0.0,13.333333333333334,6.666666666666667,0.0,20.0,6.666666666666667,0.0,0.0,0.0,0.0,0.0,6.666666666666667,0.0,13.333333333333334,0.0,0.0,20.0,0
46,1,0.8543478260869565,4174.8682,0.043478260869565216,8.067976570129392,15.217391304347826,4.3478260869565215,0.0,0.0,4.3478260869565215,28.26086956521739,2.1739130434782608,2.1739130434782608,2.1739130434782608,13.043478260869565,2.1739130434782608,6.521739130434782,8.695652173913043,0.0,0.0,0.0,2.1739130434782608,8.695652173913043,0.0,0.0,1
12,0,-0.5000000000000001,1414.5666999999999,0.16666666666666669,6.749653053283692,0.0,0.0,0.0,8.333333333333334,16.666666666666668,16.666666666666668,8.333333333333334,16.666666666666668,0.0,0.0,0.0,8.333333333333334,8.333333333333334,8.333333333333334,8.333333333333334,0.0,0.0,0.0,0.0,0.0,0
31,2,-0.03225806451612903,3231.7835,0.03225806451612903,8.787637138366701,9.67741935483871,6.451612903225806,3.225806451612903,6.451612903225806,3.225806451612903,9.67741935483871,0.0,9.67741935483871,16.129032258064516,6.451612903225806,0.0,6.451612903225806,6.451612903225806,0.0,0.0,6.451612903225806,3.225806451612903,6.451612903225806,0.0,0.0,1
12,-1,-1.8916666666666666,1410.4922,0.08333333333333334,5.380288124084472,0.0,16.666666666666668,16.666666666666668,8.333333333333334,0.0,16.666666666666668,8.333333333333334,0.0,8.333333333333334,0.0,0.0,0.0,0.0,8.333333333333334,8.333333333333334,0.0,0.0,0.0,0.0,8.333333333333334,0
18,1,1.5444444444444443,1911.2860999999998,0.16666666666666669,8.750052070617677,11.11111111111111,0.0,0.0,0.0,16.666666666666668,5.555555555555555,0.0,16.666666666666668,5.555555555555555,16.666666666666668,0.0,0.0,5.555555555555555,0.0,0.0,22.22222222222222,0.0,0.0,0.0,0.0,1
30,1,-0.5666666666666667,3410.8583,0.06666666666666667,8.596488380432131,6.666666666666667,0.0,0.0,10.0,3.3333333333333335,10.0,3.3333333333333335,6.666666666666667,6.666666666666667,6.666666666666667,3.3333333333333335,10.0,3.3333333333333335,3.3333333333333335,6.666666666666667,0.0,10.0,6.666666666666667,3.3333333333333335,0.0,0
21,-1,-0.1380952380952381,2359.5919,0.14285714285714285,5.392906379699707,9.523809523809524,9.523809523809524,9.523809523809524,0.0,4.761904761904762,4.761904761904762,4.761904761904762,4.761904761904762,4.761904761904762,4.761904761904762,0.0,0.0,0.0,9.523809523809524,0.0,14.285714285714286,4.761904761904762,4.761904761904762,4.761904761904762,4.761904761904762,0
11,2,1.0545454545454545,1194.4647,0.18181818181818182,10.002737236022949,18.181818181818183,0.0,0.0,0.0,18.181818181818183,9.090909090909092,0.0,0.0,18.181818181818183,27.272727272727273,0.0,0.0,0.0,0.0,0.0,9.090909090909092,0.0,0.0,0.0,0.0,1
27,0,-0.48148148148148145,3169.5530999999996,0.1111111111111111,6.913235664367675,11.11111111111111,3.7037037037037037,7.407407407407407,3.7037037037037037,0.0,3.7037037037037037,7.407407407407407,0.0,3.7037037037037037,3.7037037037037037,3.7037037037037037,3.7037037037037037,3.7037037037037037,3.7037037037037037,7.407407407407407,3.7037037037037037,3.7037037037037037,14.814814814814815,7.407407407407407,3.7037037037037037,0
33,5,-1.0030303030303032,4051.7177,0.15151515151515152,10.289170265197754,6.0606060606060606,0.0,6.0606060606060606,0.0,9.090909090909092,3.0303030303030303,0.0,3.0303030303030303,15.151515151515152,6.0606060606060606,9.090909090909092,6.0606060606060606,3.0303030303030303,12.121212121212121,6.0606060606060606,3.0303030303030303,6.0606060606060606,0.0,3.0303030303030303,3.0303030303030303,1
30,4,-0.85,3503.0415000000003,0.1,9.863485527038574,10.0,3.3333333333333335,6.666666666666667,0.0,3.3333333333333335,3.3333333333333335,0.0,6.666666666666667,13.333333333333334,3.3333333333333335,6.666666666666667,6.666666666666667,3.3333333333333335,6.666666666666667,6.666666666666667,6.666666666666667,6.666666666666667,0.0,3.3333333333333335,3.3333333333333335,0
76,-1,-0.4868421052631579,8585.846000000001,0.013157894736842106,6.10759983062744,2.6315789473684212,2.6315789473684212,5.2631578947368425,9.210526315789474,1.3157894736842106,3.9473684210526314,2.6315789473684212,5.2631578947368425,7.894736842105263,13.157894736842104,3.9473684210526314,3.9473684210526314,6.578947368421052,6.578947368421052,5.2631578947368425,7.894736842105263,5.2631578947368425,6.578947368421052,0.0,0.0,1
21,4,-0.4809523809523809,2483.9743,0.047619047619047616,11.000256538391113,4.761904761904762,0.0,4.761904761904762,0.0,0.0,0.0,0.0,4.761904761904762,9.523809523809524,4.761904761904762,14.285714285714286,4.761904761904762,4.761904761904762,0.0,14.285714285714286,14.285714285714286,4.761904761904762,9.523809523809524,0.0,4.761904761904762,0
44,2,-0.525,4540.8782,0.11363636363636363,8.789248847961428,13.636363636363637,4.545454545454546,2.272727272727273,0.0,0.0,18.181818181818183,4.545454545454546,4.545454545454546,6.818181818181818,0.0,0.0,13.636363636363637,0.0,0.0,0.0,6.818181818181818,9.090909090909092,4.545454545454546,6.818181818181818,4.545454545454546,1
25,2,0.5720000000000001,2454.8619,0.04,9.703023719787598,20.0,0.0,0.0,4.0,0.0,16.0,0.0,8.0,12.0,12.0,0.0,4.0,0.0,0.0,0.0,8.0,4.0,8.0,4.0,0.0,1
10,-2,-0.22000000000000003,1142.2594,0.1,4.0500284194946286,0.0,10.0,20.0,0.0,10.0,0.0,0.0,0.0,0.0,0.0,10.0,0.0,10.0,10.0,0.0,10.0,10.0,10.0,0.0,0.0,0
11,4,0.5818181818181818,1415.8496,0.18181818181818182,10.477740287780762,0.0,0.0,0.0,0.0,9.090909090909092,0.0,0.0,9.090909090909092,36.36363636363637,27.272727272727273,0.0,0.0,0.0,0.0,0.0,0.0,0.0,9.090909090909092,9.090909090909092,0.0,1
13,0,-0.05384615384615388,1517.7941999999998,0.07692307692307693,6.898116493225097,7.6923076923076925,15.384615384615385,7.6923076923076925,0.0,0.0,0.0,15.384615384615385,0.0,7.6923076923076925,7.6923076923076925,7.6923076923076925,0.0,7.6923076923076925,0.0,0.0,0.0,7.6923076923076925,7.6923076923076925,0.0,7.6923076923076925,0
69,30,-1.2376811594202897,7033.7145,0.0,11.462430381774901,33.333333333333336,0.0,0.0,0.0,0.0,0.0,0.0,0.0,43.47826086956522,0.0,0.0,0.0,13.043478260869565,0.0,0.0,4.3478260869565215,2.898550724637681,2.898550724637681,0.0,0.0,1
12,1,0.11666666666666663,1381.6412,0.16666666666666669,8.58978366851807,16.666666666666668,0.0,8.333333333333334,0.0,8.333333333333334,8.333333333333334,0.0,8.333333333333334,8.333333333333334,8.333333333333334,8.333333333333334,0.0,8.333333333333334,0.0,8.333333333333334,0.0,0.0,0.0,0.0,8.333333333333334,0
15,2,-0.30000000000000004,2064.3068,0.4666666666666667,9.98623332977295,0.0,0.0,0.0,0.0,20.0,6.666666666666667,6.666666666666667,0.0,0.0,0.0,0.0,6.666666666666667,0.0,0.0,13.333333333333334,6.666666666666667,0.0,13.333333333333334,13.333333333333334,13.333333333333334,0
15,-3,0.36,1932.2424,0.2,4.0500284194946286,0.0,13.333333333333334,6.666666666666667,13.333333333333334,0.0,0.0,0.0,6.666666666666667,0.0,13.333333333333334,6.666666666666667,0.0,0.0,6.666666666666667,0.0,0.0,6.666666666666667,6.666666666666667,13.333333333333334,6.666666666666667,0
16,-1,-0.7999999999999999,2075.3218,0.1875,4.786434364318848,0.0,0.0,0.0,18.75,0.0,0.0,0.0,6.25,12.5,6.25,0.0,6.25,0.0,6.25,0.0,6.25,6.25,12.5,18.75,0.0,0
12,5,-0.5833333333333334,1476.7737,0.16666666666666669,11.999967765808105,8.333333333333334,0.0,0.0,0.0,16.666666666666668,16.666666666666668,0.0,8.333333333333334,8.333333333333334,8.333333333333334,0.0,0.0,0.0,0.0,33.333333333333336,0.0,0.0,0.0,0.0,0.0,1
37,6,-0.7243243243243244,4493.2629,0.1081081081081081,10.605258750915528,0.0,0.0,5.405405405405405,8.108108108108109,10.81081081081081,5.405405405405405,0.0,8.108108108108109,16.216216216216218,10.81081081081081,0.0,2.7027027027027026,2.7027027027027026,2.7027027027027026,13.513513513513514,5.405405405405405,2.7027027027027026,5.405405405405405,0.0,0.0,1
39,3,-0.7435897435897436,4912.5731,0.23076923076923078,9.026621437072755,2.5641025641025643,7.6923076923076925,5.128205128205129,2.5641025641025643,7.6923076923076925,5.128205128205129,5.128205128205129,5.128205128205129,5.128205128205129,0.0,2.5641025641025643,5.128205128205129,5.128205128205129,2.5641025641025643,10.256410256410257,2.5641025641025643,5.128205128205129,5.128205128205129,7.6923076923076925,7.6923076923076925,0
18,-1,0.3333333333333333,2084.4444,0.05555555555555555,5.323335456848144,5.555555555555555,11.11111111111111,5.555555555555555,5.555555555555555,0.0,5.555555555555555,5.555555555555555,16.666666666666668,0.0,0.0,5.555555555555555,5.555555555555555,5.555555555555555,5.555555555555555,5.555555555555555,0.0,0.0,11.11111111111111,5.555555555555555,0.0,0
17,2,-0.11176470588235296,1889.2012,0.17647058823529413,9.312409782409667,5.882352941176471,5.882352941176471,0.0,0.0,11.764705882352942,5.882352941176471,0.0,0.0,5.882352941176471,0.0,5.882352941176471,0.0,17.647058823529413,0.0,5.882352941176471,11.764705882352942,11.764705882352942,5.882352941176471,0.0,5.882352941176471,0
7,-1,0.08571428571428572,756.8273999999999,0.0,5.076483726501464,0.0,14.285714285714286,14.285714285714286,0.0,0.0,14.285714285714286,14.285714285714286,14.285714285714286,0.0,0.0,0.0,14.285714285714286,0.0,0.0,0.0,0.0,0.0,14.285714285714286,0.0,0.0,0
17,-2,-0.6,2058.3145,0.05882352941176471,4.139095115661621,0.0,0.0,23.529411764705884,0.0,0.0,0.0,0.0,5.882352941176471,5.882352941176471,11.764705882352942,5.882352941176471,5.882352941176471,5.882352941176471,5.882352941176471,5.882352941176471,0.0,5.882352941176471,11.764705882352942,5.882352941176471,0.0,0
9,-2,-1.2555555555555555,1060.1789,0.0,4.522417259216309,11.11111111111111,0.0,0.0,33.333333333333336,0.0,0.0,0.0,11.11111111111111,11.11111111111111,0.0,11.11111111111111,11.11111111111111,11.11111111111111,0.0,0.0,0.0,0.0,0.0,0.0,0.0,0
11,1,-0.43636363636363645,1238.3965,0.09090909090909091,8.023364448547362,9.090909090909092,9.090909090909092,0.0,0.0,9.090909090909092,9.090909090909092,9.090909090909092,0.0,0.0,0.0,9.090909090909092,0.0,0.0,9.090909090909092,9.090909090909092,9.090909090909092,18.181818181818183,0.0,0.0,0.0,0
13,0,0.08461538461538456,1528.7751999999998,0.23076923076923078,6.487341117858887,15.384615384615385,7.6923076923076925,0.0,0.0,7.6923076923076925,7.6923076923076925,7.6923076923076925,0.0,0.0,0.0,15.384615384615385,7.6923076923076925,7.6923076923076925,0.0,0.0,0.0,7.6923076923076925,0.0,7.6923076923076925,7.6923076923076925,0
12,4,-1.0083333333333333,1594.908,0.16666666666666669,11.712567710876463,8.333333333333334,8.333333333333334,0.0,0.0,8.333333333333334,0.0,0.0,0.0,8.333333333333334,0.0,8.333333333333334,8.333333333333334,0.0,8.333333333333334,25.0,0.0,0.0,8.333333333333334,8.333333333333334,0.0,1
7,-2,-1.6428571428571428,881.8832,0.14285714285714288,4.0500284194946286,0.0,0.0,28.571428571428573,0.0,0.0,0.0,0.0,14.285714285714286,0.0,0.0,0.0,0.0,0.0,28.571428571428573,0.0,0.0,14.285714285714286,0.0,0.0,14.285714285714286,0
16,4,-0.275,1974.4431,0.125,9.5014310836792,6.25,18.75,0.0,0.0,6.25,0.0,0.0,6.25,12.5,6.25,6.25,6.25,6.25,6.25,12.5,0.0,0.0,0.0,0.0,6.25,1
20,1,0.24,2517.9635,0.2,8.504169654846194,0.0,0.0,5.0,0.0,10.0,0.0,5.0,0.0,5.0,10.0,10.0,5.0,0.0,10.0,5.0,5.0,0.0,20.0,0.0,10.0,0
44,-5,-0.4681818181818182,5156.5909,0.11363636363636363,4.0500284194946286,6.818181818181818,2.272727272727273,15.909090909090908,2.272727272727273,4.545454545454546,2.272727272727273,0.0,9.090909090909092,0.0,2.272727272727273,2.272727272727273,4.545454545454546,2.272727272727273,11.363636363636363,6.818181818181818,9.090909090909092,2.272727272727273,9.090909090909092,6.818181818181818,0.0,0
20,9,-1.605,2793.285,0.4,11.999967765808105,0.0,0.0,0.0,0.0,20.0,15.0,0.0,0.0,20.0,0.0,0.0,0.0,0.0,0.0,25.0,0.0,0.0,0.0,15.0,5.0,1
45,0,-0.17111111111111116,5246.9796,0.2222222222222222,6.682298851013184,6.666666666666667,8.88888888888889,2.2222222222222223,4.444444444444445,8.88888888888889,11.11111111111111,4.444444444444445,0.0,2.2222222222222223,4.444444444444445,4.444444444444445,2.2222222222222223,8.88888888888889,2.2222222222222223,4.444444444444445,4.444444444444445,2.2222222222222223,4.444444444444445,6.666666666666667,6.666666666666667,0
10,3,-0.9800000000000001,1329.6147,0.2,11.16626262664795,0.0,0.0,0.0,0.0,10.0,0.0,10.0,0.0,20.0,0.0,10.0,0.0,10.0,0.0,10.0,0.0,10.0,10.0,10.0,0.0,0
11,0,0.09999999999999996,1430.5808,0.45454545454545453,5.516076469421385,9.090909090909092,9.090909090909092,0.0,0.0,9.090909090909092,0.0,0.0,0.0,0.0,9.090909090909092,0.0,9.090909090909092,0.0,0.0,0.0,9.090909090909092,9.090909090909092,0.0,9.090909090909092,27.272727272727273,0
4,0,-1.825,592.6428000000001,0.5,5.524318122863768,0.0,0.0,0.0,0.0,0.0,0.0,0.0,0.0,0.0,0.0,0.0,0.0,25.0,25.0,0.0,0.0,0.0,0.0,25.0,25.0,0
21,2,-0.05714285714285726,2676.0856,0.28571428571428575,11.00096569061279,0.0,0.0,0.0,0.0,28.571428571428573,0.0,23.80952380952381,9.523809523809524,4.761904761904762,4.761904761904762,0.0,0.0,14.285714285714286,0.0,4.761904761904762,9.523809523809524,0.0,0.0,0.0,0.0,1
13,2,-0.5692307692307692,1454.6936999999998,0.0,10.018725395202637,0.0,0.0,0.0,0.0,0.0,0.0,7.6923076923076925,0.0,15.384615384615385,0.0,7.6923076923076925,7.6923076923076925,7.6923076923076925,7.6923076923076925,0.0,15.384615384615385,7.6923076923076925,23.076923076923077,0.0,0.0,0
11,2,0.5545454545454546,1401.6970999999999,0.18181818181818182,11.000772285461426,0.0,0.0,0.0,0.0,18.181818181818183,0.0,9.090909090909092,9.090909090909092,9.090909090909092,18.181818181818183,0.0,0.0,0.0,9.090909090909092,9.090909090909092,0.0,9.090909090909092,9.090909090909092,0.0,0.0,1
18,-2,-1.4222222222222223,2017.1118000000001,0.16666666666666669,4.360028266906738,0.0,0.0,22.22222222222222,5.555555555555555,16.666666666666668,22.22222222222222,0.0,0.0,16.666666666666668,5.555555555555555,0.0,5.555555555555555,0.0,5.555555555555555,0.0,0.0,0.0,0.0,0.0,0.0,1
7,1,0.5428571428571428,838.0077,0.14285714285714288,8.728197288513183,0.0,0.0,0.0,0.0,0.0,14.285714285714286,14.285714285714286,0.0,14.285714285714286,14.285714285714286,0.0,0.0,0.0,0.0,0.0,0.0,0.0,28.571428571428573,14.285714285714286,0.0,0
14,1,0.8857142857142858,1567.9125,0.07142857142857144,8.59094409942627,14.285714285714286,0.0,7.142857142857143,0.0,0.0,7.142857142857143,0.0,21.428571428571427,14.285714285714286,21.428571428571427,0.0,7.142857142857143,0.0,0.0,0.0,0.0,0.0,0.0,7.142857142857143,0.0,1
20,-1,-1.56,2414.624,0.2,4.681168556213378,0.0,5.0,15.0,5.0,0.0,15.0,0.0,0.0,15.0,5.0,5.0,5.0,0.0,5.0,0.0,0.0,5.0,0.0,5.0,15.0,0
13,6,-1.5307692307692307,1883.2893000000001,0.38461538461538464,11.21970691680908,0.0,0.0,0.0,0.0,15.384615384615385,0.0,0.0,0.0,30.76923076923077,7.6923076923076925,0.0,0.0,7.6923076923076925,0.0,15.384615384615385,0.0,0.0,0.0,15.384615384615385,7.6923076923076925,1
19,-1,-0.19473684210526318,2351.7007,0.15789473684210528,5.537106895446777,0.0,5.2631578947368425,5.2631578947368425,10.526315789473685,5.2631578947368425,5.2631578947368425,5.2631578947368425,0.0,5.2631578947368425,15.789473684210526,5.2631578947368425,0.0,0.0,0.0,5.2631578947368425,5.2631578947368425,10.526315789473685,5.2631578947368425,10.526315789473685,0.0,0
17,-2,0.29411764705882354,2079.3334,0.17647058823529413,4.353264427185059,5.882352941176471,5.882352941176471,5.882352941176471,5.882352941176471,5.882352941176471,0.0,5.882352941176471,17.647058823529413,0.0,5.882352941176471,0.0,11.764705882352942,0.0,5.882352941176471,0.0,0.0,5.882352941176471,5.882352941176471,5.882352941176471,5.882352941176471,0
21,2,-0.5761904761904763,2347.7966,0.09523809523809523,9.115458869934084,4.761904761904762,4.761904761904762,4.761904761904762,4.761904761904762,4.761904761904762,9.523809523809524,0.0,0.0,14.285714285714286,14.285714285714286,4.761904761904762,0.0,19.047619047619047,0.0,4.761904761904762,4.761904761904762,0.0,0.0,0.0,4.761904761904762,1
18,3,-0.17222222222222222,2290.6654,0.2222222222222222,11.00038547515869,5.555555555555555,0.0,0.0,0.0,5.555555555555555,0.0,0.0,11.11111111111111,5.555555555555555,5.555555555555555,0.0,11.11111111111111,5.555555555555555,5.555555555555555,11.11111111111111,5.555555555555555,0.0,11.11111111111111,11.11111111111111,5.555555555555555,0
18,1,-0.3111111111111111,2076.3976,0.16666666666666666,8.249003791809084,16.666666666666668,5.555555555555555,0.0,11.11111111111111,0.0,11.11111111111111,0.0,11.11111111111111,11.11111111111111,0.0,5.555555555555555,0.0,0.0,0.0,5.555555555555555,5.555555555555555,0.0,0.0,5.555555555555555,11.11111111111111,0
16,1,-1.35,2015.2401,0.125,9.61818332672119,6.25,0.0,0.0,12.5,6.25,6.25,12.5,6.25,0.0,0.0,0.0,0.0,12.5,6.25,18.75,0.0,0.0,6.25,6.25,0.0,0
6,-2,-0.9333333333333332,896.9407,0.5,4.0500284194946286,0.0,0.0,33.333333333333336,0.0,0.0,0.0,0.0,16.666666666666668,0.0,0.0,0.0,0.0,0.0,0.0,0.0,0.0,0.0,0.0,33.333333333333336,16.666666666666668,0
15,4,-0.6066666666666667,1794.1517,0.06666666666666667,11.999967765808105,6.666666666666667,0.0,0.0,0.0,0.0,6.666666666666667,0.0,13.333333333333334,13.333333333333334,13.333333333333334,0.0,0.0,6.666666666666667,13.333333333333334,13.333333333333334,6.666666666666667,0.0,0.0,6.666666666666667,0.0,1
23,3,-0.09130434782608698,2452.8309,0.13043478260869565,10.289686012268067,13.043478260869565,0.0,0.0,4.3478260869565215,13.043478260869565,17.391304347826086,4.3478260869565215,0.0,13.043478260869565,8.695652173913043,4.3478260869565215,4.3478260869565215,0.0,0.0,4.3478260869565215,8.695652173913043,0.0,4.3478260869565215,0.0,0.0,1
13,5,0.4846153846153846,1672.1595,0.0,11.999967765808105,0.0,0.0,0.0,0.0,0.0,0.0,7.6923076923076925,46.15384615384615,15.384615384615385,7.6923076923076925,0.0,0.0,0.0,0.0,23.076923076923077,0.0,0.0,0.0,0.0,0.0,1
44,0,-1.1795454545454545,5227.703399999999,0.13636363636363635,7.086139869689941,2.272727272727273,2.272727272727273,11.363636363636363,2.272727272727273,4.545454545454546,11.363636363636363,9.090909090909092,2.272727272727273,6.818181818181818,6.818181818181818,4.545454545454546,6.818181818181818,0.0,4.545454545454546,6.818181818181818,6.818181818181818,0.0,2.272727272727273,2.272727272727273,6.818181818181818,0
9,3,-0.6111111111111112,1358.5911,0.4444444444444444,10.903489494323729,0.0,0.0,0.0,0.0,11.11111111111111,0.0,0.0,11.11111111111111,0.0,0.0,0.0,0.0,0.0,0.0,33.333333333333336,0.0,0.0,11.11111111111111,11.11111111111111,22.22222222222222,1
23,9,-1.056521739130435,3146.7446,0.3913043478260869,11.482995796203614,0.0,8.695652173913043,0.0,0.0,21.73913043478261,13.043478260869565,0.0,0.0,17.391304347826086,0.0,0.0,0.0,0.0,0.0,21.73913043478261,0.0,0.0,0.0,13.043478260869565,4.3478260869565215,1
13,-1,-0.15384615384615388,1548.7386,0.15384615384615385,4.531340980529785,0.0,15.384615384615385,0.0,15.384615384615385,0.0,7.6923076923076925,0.0,0.0,0.0,15.384615384615385,0.0,7.6923076923076925,0.0,0.0,7.6923076923076925,7.6923076923076925,0.0,7.6923076923076925,0.0,15.384615384615385,0
14,0,-0.15714285714285722,1649.8440999999998,0.14285714285714288,6.762896537780762,7.142857142857143,0.0,0.0,7.142857142857143,0.0,7.142857142857143,7.142857142857143,0.0,0.0,28.571428571428573,0.0,7.142857142857143,0.0,0.0,7.142857142857143,7.142857142857143,7.142857142857143,0.0,0.0,14.285714285714286,0
23,2,0.9695652173913044,2379.8383,0.043478260869565216,11.000707817077636,8.695652173913043,0.0,0.0,0.0,0.0,13.043478260869565,0.0,17.391304347826086,4.3478260869565215,17.391304347826086,0.0,4.3478260869565215,4.3478260869565215,0.0,4.3478260869565215,13.043478260869565,4.3478260869565215,4.3478260869565215,4.3478260869565215,0.0,1
11,1,-0.40000000000000013,1538.7485,0.36363636363636365,8.75482273101807,0.0,0.0,0.0,0.0,18.181818181818183,0.0,9.090909090909092,0.0,0.0,18.181818181818183,0.0,0.0,0.0,18.181818181818183,9.090909090909092,0.0,9.090909090909092,0.0,9.090909090909092,9.090909090909092,1
15,-4,-0.3333333333333333,1723.8317000000002,0.06666666666666667,4.0500284194946286,0.0,0.0,13.333333333333334,20.0,0.0,6.666666666666667,0.0,0.0,0.0,13.333333333333334,0.0,0.0,0.0,0.0,6.666666666666667,6.666666666666667,6.666666666666667,20.0,0.0,6.666666666666667,0
45,5,-1.037777777777778,5019.5678,0.06666666666666667,8.799563789367678,4.444444444444445,22.22222222222222,0.0,2.2222222222222223,0.0,13.333333333333334,0.0,0.0,0.0,2.2222222222222223,0.0,8.88888888888889,0.0,15.555555555555555,13.333333333333334,6.666666666666667,4.444444444444445,0.0,0.0,6.666666666666667,1
7,0,-1.5,690.6600999999999,0.0,5.525000190734862,14.285714285714286,0.0,0.0,0.0,0.0,14.285714285714286,0.0,0.0,0.0,0.0,0.0,42.857142857142854,0.0,0.0,0.0,0.0,28.571428571428573,0.0,0.0,0.0,0
10,2,-1.9100000000000001,1009.0342,0.1,9.994291877746583,0.0,0.0,0.0,0.0,0.0,40.0,0.0,0.0,10.0,0.0,0.0,20.0,0.0,0.0,10.0,10.0,0.0,0.0,0.0,10.0,1
18,1,-1.2833333333333334,2222.5273,0.0,8.596230506896976,5.555555555555555,0.0,11.11111111111111,5.555555555555555,0.0,0.0,5.555555555555555,16.666666666666668,11.11111111111111,0.0,5.555555555555555,5.555555555555555,0.0,16.666666666666668,11.11111111111111,0.0,0.0,5.555555555555555,0.0,0.0,0
24,1,-0.36250000000000004,2765.196,0.0,8.750567817687987,4.166666666666667,0.0,4.166666666666667,8.333333333333334,0.0,8.333333333333334,4.166666666666667,12.5,4.166666666666667,16.666666666666668,4.166666666666667,4.166666666666667,0.0,4.166666666666667,12.5,4.166666666666667,8.333333333333334,0.0,0.0,0.0,0
14,6,-0.42142857142857143,1840.3043999999998,0.2142857142857143,11.21970691680908,0.0,0.0,0.0,0.0,14.285714285714286,0.0,0.0,0.0,28.571428571428573,28.571428571428573,0.0,0.0,0.0,0.0,14.285714285714286,7.142857142857143,0.0,0.0,0.0,7.142857142857143,1
54,3,-0.612962962962963,5948.669599999999,0.1111111111111111,8.490824699401855,3.7037037037037037,14.814814814814815,5.555555555555555,1.8518518518518519,5.555555555555555,11.11111111111111,5.555555555555555,0.0,9.25925925925926,1.8518518518518519,0.0,0.0,3.7037037037037037,7.407407407407407,3.7037037037037037,12.962962962962964,1.8518518518518519,5.555555555555555,1.8518518518518519,3.7037037037037037,1
32,2,0.15937499999999996,3417.0715,0.0625,8.82206325531006,3.125,6.25,6.25,0.0,6.25,12.5,3.125,12.5,12.5,9.375,3.125,3.125,9.375,0.0,0.0,3.125,9.375,0.0,0.0,0.0,1
12,4,0.525,1494.8319999999999,0.08333333333333334,11.999967765808105,16.666666666666668,0.0,0.0,0.0,0.0,0.0,0.0,16.666666666666668,0.0,0.0,0.0,0.0,0.0,0.0,33.333333333333336,0.0,0.0,25.0,8.333333333333334,0.0,1
21,6,0.42857142857142855,2063.616,0.0,10.699318122863769,28.571428571428573,0.0,0.0,0.0,0.0,14.285714285714286,0.0,0.0,28.571428571428573,28.571428571428573,0.0,0.0,0.0,0.0,0.0,0.0,0.0,0.0,0.0,0.0,1
13,-1,-1.146153846153846,1480.6052,0.0,5.452928352355956,7.6923076923076925,7.6923076923076925,7.6923076923076925,7.6923076923076925,0.0,7.6923076923076925,7.6923076923076925,0.0,0.0,7.6923076923076925,0.0,0.0,7.6923076923076925,23.076923076923077,7.6923076923076925,0.0,0.0,7.6923076923076925,0.0,0.0,0
12,-2,-0.08333333333333341,1589.7704999999999,0.25,5.152022743225095,0.0,8.333333333333334,8.333333333333334,8.333333333333334,8.333333333333334,0.0,16.666666666666668,16.666666666666668,0.0,8.333333333333334,0.0,8.333333333333334,0.0,0.0,0.0,0.0,0.0,0.0,8.333333333333334,8.333333333333334,0
16,1,1.21875,1539.8577,0.0,8.59094409942627,12.5,0.0,6.25,0.0,0.0,18.75,0.0,12.5,12.5,12.5,0.0,0.0,0.0,0.0,0.0,6.25,0.0,18.75,0.0,0.0,1
33,4,-0.030303030303030325,3363.9693,0.0,9.59536151885986,12.121212121212121,6.0606060606060606,3.0303030303030303,0.0,0.0,12.121212121212121,0.0,3.0303030303030303,15.151515151515152,18.181818181818183,3.0303030303030303,6.0606060606060606,0.0,6.0606060606060606,0.0,9.090909090909092,6.0606060606060606,0.0,0.0,0.0,1
8,-2,-0.9125000000000001,903.9118000000001,0.25,4.0500284194946286,0.0,12.5,12.5,12.5,12.5,25.0,0.0,0.0,0.0,0.0,0.0,12.5,0.0,0.0,0.0,0.0,0.0,0.0,0.0,12.5,0
23,2,-0.4739130434782609,2913.3125999999997,0.21739130434782608,9.99435634613037,0.0,0.0,0.0,0.0,13.043478260869565,0.0,4.3478260869565215,8.695652173913043,4.3478260869565215,0.0,4.3478260869565215,8.695652173913043,4.3478260869565215,17.391304347826086,4.3478260869565215,4.3478260869565215,8.695652173913043,8.695652173913043,4.3478260869565215,4.3478260869565215,0
39,4,-0.6153846153846154,4618.2373,0.15384615384615385,9.57892208099365,10.256410256410257,2.5641025641025643,10.256410256410257,0.0,2.5641025641025643,5.128205128205129,2.5641025641025643,10.256410256410257,12.820512820512821,2.5641025641025643,0.0,2.5641025641025643,0.0,2.5641025641025643,7.6923076923076925,5.128205128205129,5.128205128205129,5.128205128205129,5.128205128205129,7.6923076923076925,0
23,2,0.09130434782608696,2765.2104,0.21739130434782608,9.112880134582518,4.3478260869565215,4.3478260869565215,0.0,0.0,0.0,4.3478260869565215,0.0,0.0,8.695652173913043,8.695652173913043,4.3478260869565215,0.0,0.0,8.695652173913043,0.0,13.043478260869565,8.695652173913043,13.043478260869565,13.043478260869565,8.695652173913043,0
18,0,-0.33333333333333337,2127.3862,0.2222222222222222,6.97445125579834,0.0,16.666666666666668,0.0,5.555555555555555,11.11111111111111,16.666666666666668,11.11111111111111,5.555555555555555,0.0,0.0,0.0,5.555555555555555,5.555555555555555,0.0,5.555555555555555,0.0,5.555555555555555,0.0,5.555555555555555,5.555555555555555,0
26,3,-0.01153846153846155,3013.5995,0.07692307692307693,9.30203037261963,7.6923076923076925,7.6923076923076925,0.0,3.8461538461538463,0.0,3.8461538461538463,0.0,11.538461538461538,11.538461538461538,11.538461538461538,3.8461538461538463,3.8461538461538463,0.0,7.6923076923076925,3.8461538461538463,3.8461538461538463,11.538461538461538,0.0,3.8461538461538463,3.8461538461538463,1
15,-1,-1.5133333333333332,1727.8287999999998,0.06666666666666667,5.453780937194824,6.666666666666667,0.0,6.666666666666667,13.333333333333334,6.666666666666667,0.0,6.666666666666667,0.0,6.666666666666667,6.666666666666667,0.0,6.666666666666667,13.333333333333334,0.0,6.666666666666667,13.333333333333334,6.666666666666667,0.0,0.0,0.0,0
18,0,-0.8611111111111112,2191.4087,0.1111111111111111,6.912610435485839,11.11111111111111,5.555555555555555,5.555555555555555,5.555555555555555,5.555555555555555,0.0,11.11111111111111,5.555555555555555,0.0,0.0,5.555555555555555,11.11111111111111,0.0,5.555555555555555,11.11111111111111,5.555555555555555,0.0,5.555555555555555,0.0,5.555555555555555,0
13,2,-1.2615384615384615,1634.9024,0.07692307692307693,9.99442081451416,0.0,0.0,0.0,0.0,0.0,0.0,15.384615384615385,7.6923076923076925,7.6923076923076925,0.0,7.6923076923076925,0.0,15.384615384615385,15.384615384615385,7.6923076923076925,0.0,7.6923076923076925,7.6923076923076925,0.0,7.6923076923076925,0
37,6,-0.5864864864864866,4216.9136,0.1081081081081081,10.563418769836424,5.405405405405405,2.7027027027027026,0.0,0.0,2.7027027027027026,8.108108108108109,5.405405405405405,0.0,8.108108108108109,8.108108108108109,5.405405405405405,2.7027027027027026,10.81081081081081,2.7027027027027026,8.108108108108109,8.108108108108109,8.108108108108109,5.405405405405405,2.7027027027027026,5.405405405405405,0
24,4,1.3,2585.2203999999997,0.125,9.70128307342529,16.666666666666668,8.333333333333334,0.0,0.0,12.5,0.0,0.0,16.666666666666668,16.666666666666668,4.166666666666667,0.0,0.0,4.166666666666667,0.0,0.0,12.5,0.0,8.333333333333334,0.0,0.0,1
19,6,-0.9368421052631579,2277.7813,0.052631578947368425,10.46665172576904,0.0,10.526315789473685,0.0,0.0,0.0,5.2631578947368425,0.0,10.526315789473685,15.789473684210526,0.0,5.2631578947368425,5.2631578947368425,10.526315789473685,5.2631578947368425,15.789473684210526,5.2631578947368425,0.0,5.2631578947368425,0.0,5.2631578947368425,1
14,4,-2.6214285714285714,1847.0503999999999,0.14285714285714288,10.446859931945799,0.0,0.0,0.0,7.142857142857143,7.142857142857143,7.142857142857143,28.571428571428573,0.0,21.428571428571427,0.0,0.0,0.0,0.0,0.0,14.285714285714286,7.142857142857143,0.0,0.0,0.0,7.142857142857143,1
15,3,-1.1400000000000001,1833.1215000000002,0.13333333333333333,9.787026023864744,6.666666666666667,6.666666666666667,6.666666666666667,0.0,0.0,6.666666666666667,0.0,6.666666666666667,20.0,6.666666666666667,0.0,6.666666666666667,0.0,6.666666666666667,6.666666666666667,6.666666666666667,0.0,0.0,13.333333333333334,0.0,0
44,-4,0.034090909090909054,5358.2374,0.20454545454545453,4.2620946884155275,2.272727272727273,9.090909090909092,9.090909090909092,6.818181818181818,11.363636363636363,2.272727272727273,0.0,4.545454545454546,4.545454545454546,4.545454545454546,9.090909090909092,2.272727272727273,9.090909090909092,2.272727272727273,2.272727272727273,4.545454545454546,2.272727272727273,4.545454545454546,6.818181818181818,2.272727272727273,0
15,4,-0.26,1754.1209,0.13333333333333333,10.176866340637208,0.0,0.0,0.0,0.0,6.666666666666667,6.666666666666667,0.0,6.666666666666667,26.666666666666668,13.333333333333334,0.0,0.0,0.0,6.666666666666667,0.0,6.666666666666667,13.333333333333334,6.666666666666667,0.0,6.666666666666667,1
14,0,-1.0642857142857143,1703.8917,0.14285714285714288,5.959761619567872,7.142857142857143,0.0,14.285714285714286,0.0,0.0,0.0,0.0,14.285714285714286,7.142857142857143,0.0,0.0,0.0,14.285714285714286,7.142857142857143,7.142857142857143,0.0,14.285714285714286,0.0,7.142857142857143,7.142857142857143,0
72,5,-0.8111111111111111,7794.606199999999,0.08333333333333334,10.277179145812983,6.944444444444445,0.0,2.7777777777777777,1.3888888888888888,1.3888888888888888,11.11111111111111,1.3888888888888888,6.944444444444445,5.555555555555555,2.7777777777777777,1.3888888888888888,6.944444444444445,11.11111111111111,5.555555555555555,5.555555555555555,9.722222222222221,9.722222222222221,2.7777777777777777,4.166666666666667,2.7777777777777777,1
9,-5,-2.3666666666666667,978.8678,0.0,4.0500284194946286,22.22222222222222,0.0,66.66666666666667,0.0,0.0,0.0,0.0,0.0,11.11111111111111,0.0,0.0,0.0,0.0,0.0,0.0,0.0,0.0,0.0,0.0,0.0,1
12,-1,0.3666666666666667,1370.5738999999999,0.08333333333333334,4.0500284194946286,8.333333333333334,16.666666666666668,0.0,8.333333333333334,0.0,0.0,0.0,8.333333333333334,0.0,0.0,8.333333333333334,8.333333333333334,0.0,8.333333333333334,0.0,16.666666666666668,0.0,8.333333333333334,8.333333333333334,0.0,0
17,5,-0.38823529411764707,2003.4032000000002,0.05882352941176471,11.999967765808105,5.882352941176471,0.0,0.0,0.0,5.882352941176471,11.764705882352942,5.882352941176471,0.0,5.882352941176471,17.647058823529413,0.0,0.0,5.882352941176471,5.882352941176471,23.529411764705884,0.0,0.0,11.764705882352942,0.0,0.0,1
26,3,0.45769230769230773,2831.4293,0.038461538461538464,10.860618019104006,7.6923076923076925,3.8461538461538463,0.0,0.0,0.0,7.6923076923076925,3.8461538461538463,15.384615384615385,3.8461538461538463,3.8461538461538463,0.0,3.8461538461538463,19.23076923076923,3.8461538461538463,7.6923076923076925,0.0,0.0,15.384615384615385,3.8461538461538463,0.0,1
12,1,1.125,1410.7452999999998,0.16666666666666669,8.04515476226807,8.333333333333334,16.666666666666668,0.0,0.0,0.0,0.0,0.0,16.666666666666668,0.0,8.333333333333334,0.0,0.0,16.666666666666668,0.0,8.333333333333334,0.0,0.0,8.333333333333334,0.0,16.666666666666668,1
20,6,-1.04,2304.7405,0.05,10.46665172576904,0.0,10.0,0.0,0.0,0.0,10.0,0.0,10.0,15.0,0.0,0.0,5.0,10.0,5.0,15.0,5.0,5.0,5.0,0.0,5.0,1
50,3,-0.30400000000000005,5499.2548,0.1,8.505394554138185,6.0,16.0,0.0,4.0,4.0,10.0,4.0,4.0,6.0,4.0,0.0,10.0,4.0,4.0,4.0,8.0,2.0,4.0,2.0,4.0,1
11,-1,-0.9090909090909091,1377.4572,0.18181818181818182,4.0500284194946286,0.0,0.0,9.090909090909092,0.0,0.0,0.0,0.0,0.0,0.0,9.090909090909092,0.0,9.090909090909092,0.0,18.181818181818183,0.0,9.090909090909092,18.181818181818183,9.090909090909092,18.181818181818183,0.0,0
11,-2,-0.7454545454545456,1458.616,0.2727272727272727,4.536456489562989,0.0,18.181818181818183,18.181818181818183,9.090909090909092,9.090909090909092,0.0,9.090909090909092,0.0,9.090909090909092,9.090909090909092,0.0,0.0,0.0,0.0,0.0,0.0,0.0,0.0,9.090909090909092,9.090909090909092,0
66,13,-1.106060606060606,6642.5948,0.0,10.719109916687014,27.272727272727273,0.0,4.545454545454546,4.545454545454546,0.0,9.090909090909092,0.0,0.0,21.21212121212121,1.5151515151515151,0.0,1.5151515151515151,10.606060606060606,1.5151515151515151,7.575757575757576,4.545454545454546,1.5151515151515151,4.545454545454546,0.0,0.0,1
45,2,-0.2488888888888889,5366.171899999999,0.1111111111111111,10.61260814666748,8.88888888888889,0.0,0.0,6.666666666666667,2.2222222222222223,4.444444444444445,4.444444444444445,4.444444444444445,0.0,8.88888888888889,6.666666666666667,6.666666666666667,4.444444444444445,4.444444444444445,11.11111111111111,4.444444444444445,4.444444444444445,8.88888888888889,6.666666666666667,2.2222222222222223,0
9,1,-1.6111111111111112,1135.2353,0.1111111111111111,9.17954044342041,11.11111111111111,0.0,0.0,0.0,0.0,0.0,22.22222222222222,11.11111111111111,0.0,0.0,0.0,11.11111111111111,11.11111111111111,11.11111111111111,11.11111111111111,0.0,0.0,0.0,0.0,11.11111111111111,0
15,-1,0.94,1690.9553999999998,0.26666666666666666,4.0500284194946286,6.666666666666667,13.333333333333334,0.0,6.666666666666667,13.333333333333334,13.333333333333334,0.0,6.666666666666667,0.0,6.666666666666667,6.666666666666667,0.0,0.0,0.0,0.0,13.333333333333334,0.0,0.0,0.0,13.333333333333334,0
17,2,0.3,1856.2128000000002,0.05882352941176471,9.703023719787598,5.882352941176471,0.0,0.0,5.882352941176471,0.0,11.764705882352942,0.0,17.647058823529413,17.647058823529413,11.764705882352942,0.0,5.882352941176471,0.0,0.0,0.0,11.764705882352942,0.0,5.882352941176471,5.882352941176471,0.0,1
18,5,-0.7666666666666667,2163.6356,0.05555555555555555,10.321404457092282,0.0,11.11111111111111,0.0,0.0,0.0,5.555555555555555,0.0,11.11111111111111,11.11111111111111,0.0,5.555555555555555,5.555555555555555,11.11111111111111,5.555555555555555,16.666666666666668,0.0,5.555555555555555,5.555555555555555,0.0,5.555555555555555,1
15,2,-1.1666666666666667,1916.2597,0.06666666666666667,8.862549400329591,0.0,13.333333333333334,6.666666666666667,0.0,0.0,0.0,26.666666666666668,0.0,20.0,6.666666666666667,6.666666666666667,6.666666666666667,0.0,0.0,0.0,0.0,0.0,6.666666666666667,6.666666666666667,0.0,0
43,2,-0.7372093023255815,5265.1675,0.11627906976744186,8.478833580017092,0.0,9.30232558139535,4.651162790697675,4.651162790697675,6.976744186046512,0.0,4.651162790697675,2.3255813953488373,11.627906976744185,4.651162790697675,9.30232558139535,6.976744186046512,6.976744186046512,9.30232558139535,2.3255813953488373,4.651162790697675,2.3255813953488373,4.651162790697675,2.3255813953488373,2.3255813953488373,0
41,0,-0.40975609756097564,5099.7662,0.1951219512195122,7.077557182312011,7.317073170731708,4.878048780487805,4.878048780487805,4.878048780487805,4.878048780487805,2.4390243902439024,9.75609756097561,7.317073170731708,2.4390243902439024,0.0,4.878048780487805,2.4390243902439024,2.4390243902439024,2.4390243902439024,7.317073170731708,2.4390243902439024,7.317073170731708,7.317073170731708,7.317073170731708,7.317073170731708,0
12,4,1.2333333333333332,1435.9653,0.0,10.477740287780762,0.0,0.0,0.0,0.0,0.0,0.0,0.0,0.0,33.333333333333336,66.66666666666667,0.0,0.0,0.0,0.0,0.0,0.0,0.0,0.0,0.0,0.0,1
32,2,-0.5593750000000001,3921.4399000000003,0.21875,8.945455741882327,3.125,3.125,6.25,3.125,9.375,6.25,6.25,0.0,12.5,9.375,0.0,3.125,0.0,6.25,3.125,3.125,3.125,9.375,3.125,9.375,0
6,1,-2.783333333333333,693.712,0.0,10.180927848815916,0.0,0.0,0.0,0.0,0.0,16.666666666666668,16.666666666666668,0.0,0.0,0.0,0.0,33.333333333333336,16.666666666666668,0.0,16.666666666666668,0.0,0.0,0.0,0.0,0.0,0
12,-3,-0.5833333333333334,1524.5813,0.33333333333333337,4.0500284194946286,8.333333333333334,0.0,16.666666666666668,8.333333333333334,0.0,0.0,0.0,0.0,0.0,8.333333333333334,0.0,0.0,0.0,0.0,0.0,8.333333333333334,8.333333333333334,8.333333333333334,8.333333333333334,25.0,0
20,3,-2.06,2569.8235,0.1,10.69448299407959,5.0,5.0,10.0,0.0,0.0,5.0,15.0,5.0,5.0,0.0,0.0,5.0,5.0,5.0,20.0,0.0,5.0,0.0,10.0,0.0,0
13,0,-0.5923076923076923,1405.5765999999999,0.07692307692307693,5.828008842468263,15.384615384615385,7.6923076923076925,7.6923076923076925,0.0,0.0,7.6923076923076925,0.0,0.0,7.6923076923076925,0.0,15.384615384615385,15.384615384615385,0.0,0.0,0.0,7.6923076923076925,7.6923076923076925,0.0,0.0,7.6923076923076925,0
21,-2,-0.9666666666666667,2413.5117,0.19047619047619047,4.1373899459838865,4.761904761904762,0.0,4.761904761904762,9.523809523809524,4.761904761904762,14.285714285714286,0.0,4.761904761904762,0.0,0.0,0.0,14.285714285714286,4.761904761904762,0.0,4.761904761904762,4.761904761904762,9.523809523809524,4.761904761904762,9.523809523809524,4.761904761904762,0
19,2,-0.23157894736842108,2569.9537,0.3684210526315789,9.703023719787598,5.2631578947368425,0.0,0.0,0.0,5.2631578947368425,0.0,0.0,10.526315789473685,10.526315789473685,10.526315789473685,0.0,15.789473684210526,0.0,0.0,0.0,5.2631578947368425,5.2631578947368425,0.0,26.31578947368421,5.2631578947368425,1
7,-1,-2.0285714285714285,806.8414999999999,0.0,4.207074546813964,14.285714285714286,0.0,28.571428571428573,0.0,0.0,0.0,0.0,0.0,14.285714285714286,0.0,14.285714285714286,28.571428571428573,0.0,0.0,0.0,0.0,0.0,0.0,0.0,0.0,0
29,1,-0.6620689655172414,3289.7246999999998,0.13793103448275862,8.181183052062988,10.344827586206897,3.4482758620689653,0.0,6.896551724137931,6.896551724137931,13.793103448275861,10.344827586206897,0.0,10.344827586206897,0.0,6.896551724137931,3.4482758620689653,3.4482758620689653,6.896551724137931,0.0,0.0,3.4482758620689653,6.896551724137931,3.4482758620689653,3.4482758620689653,0
14,1,0.1928571428571428,1589.8617,0.07142857142857144,8.23965587615967,14.285714285714286,7.142857142857143,0.0,0.0,0.0,7.142857142857143,14.285714285714286,0.0,7.142857142857143,28.571428571428573,0.0,14.285714285714286,0.0,0.0,0.0,0.0,0.0,0.0,7.142857142857143,0.0,1
46,1,-0.5478260869565217,5208.851299999999,0.08695652173913043,7.734388542175293,6.521739130434782,17.391304347826086,6.521739130434782,2.1739130434782608,4.3478260869565215,4.3478260869565215,8.695652173913043,2.1739130434782608,8.695652173913043,4.3478260869565215,0.0,8.695652173913043,0.0,2.1739130434782608,2.1739130434782608,4.3478260869565215,10.869565217391305,2.1739130434782608,2.1739130434782608,2.1739130434782608,1
4,0,2.8,606.7105,1.0,5.525000190734862,0.0,0.0,0.0,0.0,100.0,0.0,0.0,0.0,0.0,0.0,0.0,0.0,0.0,0.0,0.0,0.0,0.0,0.0,0.0,0.0,1
9,3,0.16666666666666663,1103.3608,0.1111111111111111,11.000514411926268,22.22222222222222,0.0,0.0,0.0,0.0,0.0,0.0,11.11111111111111,11.11111111111111,22.22222222222222,0.0,0.0,0.0,0.0,22.22222222222222,0.0,0.0,0.0,0.0,11.11111111111111,1
13,2,1.5384615384615385,1392.7267,0.15384615384615385,10.002737236022949,15.384615384615385,0.0,0.0,0.0,15.384615384615385,7.6923076923076925,0.0,0.0,15.384615384615385,23.076923076923077,0.0,0.0,0.0,0.0,0.0,7.6923076923076925,0.0,15.384615384615385,0.0,0.0,1
27,7,-0.9111111111111112,3010.5013,0.07407407407407407,11.999967765808105,11.11111111111111,0.0,0.0,0.0,0.0,14.814814814814815,0.0,3.7037037037037037,11.11111111111111,11.11111111111111,0.0,0.0,7.407407407407407,7.407407407407407,14.814814814814815,3.7037037037037037,7.407407407407407,0.0,3.7037037037037037,3.7037037037037037,1
23,5,-0.12608695652173915,2443.8887,0.13043478260869565,11.33375148773193,8.695652173913043,0.0,0.0,0.0,13.043478260869565,21.73913043478261,4.3478260869565215,4.3478260869565215,17.391304347826086,8.695652173913043,0.0,0.0,4.3478260869565215,4.3478260869565215,4.3478260869565215,4.3478260869565215,0.0,4.3478260869565215,0.0,0.0,1
18,9,-1.1222222222222222,2311.8604,0.2222222222222222,11.999967765808105,0.0,0.0,0.0,0.0,22.22222222222222,5.555555555555555,0.0,5.555555555555555,33.333333333333336,5.555555555555555,0.0,0.0,5.555555555555555,0.0,16.666666666666668,5.555555555555555,0.0,0.0,0.0,0.0,1
21,-1,-0.5714285714285714,2542.8492,0.09523809523809523,6.007449531555174,0.0,4.761904761904762,4.761904761904762,9.523809523809524,0.0,9.523809523809524,9.523809523809524,0.0,0.0,9.523809523809524,4.761904761904762,4.761904761904762,0.0,4.761904761904762,9.523809523809524,0.0,4.761904761904762,14.285714285714286,4.761904761904762,4.761904761904762,0
6,1,-0.016666666666666646,602.6809,0.0,8.795051002502444,33.333333333333336,0.0,0.0,0.0,0.0,0.0,0.0,16.666666666666668,16.666666666666668,0.0,0.0,16.666666666666668,0.0,0.0,0.0,16.666666666666668,0.0,0.0,0.0,0.0,0
26,3,-0.03846153846153848,2924.5047999999997,0.038461538461538464,9.30203037261963,7.6923076923076925,7.6923076923076925,0.0,3.8461538461538463,0.0,3.8461538461538463,0.0,11.538461538461538,11.538461538461538,11.538461538461538,3.8461538461538463,3.8461538461538463,3.8461538461538463,7.6923076923076925,3.8461538461538463,3.8461538461538463,11.538461538461538,0.0,0.0,3.8461538461538463,1
16,0,1.6375,1558.8592,0.0625,5.835682106018066,12.5,0.0,6.25,0.0,6.25,18.75,0.0,12.5,6.25,12.5,0.0,0.0,0.0,0.0,0.0,6.25,0.0,18.75,0.0,0.0,1
18,5,-0.7111111111111111,2020.4256,0.05555555555555555,10.060887718200682,0.0,11.11111111111111,0.0,0.0,0.0,11.11111111111111,0.0,11.11111111111111,16.666666666666668,0.0,0.0,5.555555555555555,11.11111111111111,0.0,11.11111111111111,5.555555555555555,5.555555555555555,5.555555555555555,0.0,5.555555555555555,1
36,-1,-0.20555555555555557,4138.6409,0.16666666666666669,6.277321052551269,8.333333333333334,8.333333333333334,2.7777777777777777,5.555555555555555,8.333333333333334,5.555555555555555,8.333333333333334,0.0,2.7777777777777777,2.7777777777777777,2.7777777777777777,0.0,5.555555555555555,5.555555555555555,2.7777777777777777,2.7777777777777777,11.11111111111111,8.333333333333334,0.0,8.333333333333334,0
19,5,0.2736842105263158,2219.7136,0.10526315789473685,10.565030479431151,10.526315789473685,0.0,0.0,0.0,0.0,5.2631578947368425,0.0,15.789473684210526,15.789473684210526,10.526315789473685,0.0,5.2631578947368425,0.0,0.0,10.526315789473685,0.0,5.2631578947368425,10.526315789473685,0.0,10.526315789473685,1
9,-1,2.4222222222222225,1000.2558999999999,0.1111111111111111,4.0500284194946286,11.11111111111111,33.333333333333336,0.0,11.11111111111111,11.11111111111111,0.0,0.0,22.22222222222222,0.0,0.0,0.0,0.0,0.0,0.0,0.0,0.0,0.0,11.11111111111111,0.0,0.0,0
18,-3,-0.038888888888888924,2074.4049999999997,0.0,4.626603126525879,5.555555555555555,16.666666666666668,5.555555555555555,11.11111111111111,0.0,0.0,11.11111111111111,5.555555555555555,0.0,5.555555555555555,11.11111111111111,0.0,5.555555555555555,11.11111111111111,0.0,5.555555555555555,0.0,5.555555555555555,0.0,0.0,0
30,2,-0.5800000000000001,3570.1552999999994,0.13333333333333333,9.191402626037597,10.0,3.3333333333333335,6.666666666666667,3.3333333333333335,6.666666666666667,3.3333333333333335,3.3333333333333335,0.0,3.3333333333333335,0.0,10.0,0.0,13.333333333333334,3.3333333333333335,13.333333333333334,0.0,3.3333333333333335,10.0,0.0,6.666666666666667,0
19,3,1.3263157894736841,1958.5414999999998,0.0,9.390158653259277,10.526315789473685,10.526315789473685,0.0,0.0,0.0,10.526315789473685,0.0,15.789473684210526,15.789473684210526,10.526315789473685,5.2631578947368425,0.0,5.2631578947368425,0.0,0.0,0.0,5.2631578947368425,10.526315789473685,0.0,0.0,1
93,17,-0.4053763440860215,10844.677599999999,0.07526881720430106,11.768913078308106,6.451612903225806,8.602150537634408,2.150537634408602,0.0,4.301075268817204,5.376344086021505,0.0,6.451612903225806,0.0,6.451612903225806,0.0,11.827956989247312,9.67741935483871,3.225806451612903,20.43010752688172,0.0,3.225806451612903,8.602150537634408,2.150537634408602,1.075268817204301,1
13,1,1.723076923076923,1403.7493,0.15384615384615385,8.750052070617677,0.0,0.0,0.0,0.0,15.384615384615385,15.384615384615385,0.0,7.6923076923076925,7.6923076923076925,30.76923076923077,0.0,0.0,7.6923076923076925,0.0,0.0,7.6923076923076925,0.0,7.6923076923076925,0.0,0.0,1
21,-1,-0.6285714285714287,2508.7401,0.14285714285714285,4.531340980529785,0.0,4.761904761904762,0.0,9.523809523809524,9.523809523809524,4.761904761904762,0.0,9.523809523809524,0.0,0.0,4.761904761904762,19.047619047619047,0.0,9.523809523809524,4.761904761904762,4.761904761904762,9.523809523809524,4.761904761904762,0.0,4.761904761904762,0
15,-4,-1.7866666666666666,1767.7185,0.2,4.0500284194946286,13.333333333333334,0.0,26.666666666666668,0.0,0.0,6.666666666666667,0.0,0.0,0.0,0.0,0.0,6.666666666666667,6.666666666666667,13.333333333333334,0.0,6.666666666666667,0.0,0.0,13.333333333333334,6.666666666666667,0
14,1,0.3,1558.7780999999998,0.14285714285714288,8.750052070617677,7.142857142857143,0.0,0.0,0.0,0.0,14.285714285714286,0.0,14.285714285714286,7.142857142857143,0.0,0.0,7.142857142857143,0.0,7.142857142857143,0.0,7.142857142857143,7.142857142857143,14.285714285714286,14.285714285714286,0.0,0
12,1,1.3083333333333333,1368.712,0.08333333333333334,8.081643867492676,8.333333333333334,16.666666666666668,0.0,0.0,8.333333333333334,0.0,8.333333333333334,16.666666666666668,0.0,8.333333333333334,0.0,0.0,16.666666666666668,0.0,8.333333333333334,0.0,0.0,8.333333333333334,0.0,0.0,1
13,1,1.3923076923076922,1313.5871,0.07692307692307693,9.750021171569824,15.384615384615385,0.0,0.0,0.0,7.6923076923076925,15.384615384615385,0.0,0.0,0.0,30.76923076923077,0.0,0.0,7.6923076923076925,0.0,7.6923076923076925,7.6923076923076925,0.0,7.6923076923076925,0.0,0.0,1
26,6,0.19615384615384615,2904.4935,0.11538461538461539,10.699318122863769,15.384615384615385,0.0,0.0,0.0,7.6923076923076925,0.0,3.8461538461538463,3.8461538461538463,23.076923076923077,11.538461538461538,0.0,0.0,0.0,0.0,0.0,11.538461538461538,11.538461538461538,7.6923076923076925,3.8461538461538463,0.0,1
48,10,-0.2041666666666667,5221.2661,0.04166666666666667,11.263738822937015,18.75,0.0,2.0833333333333335,2.0833333333333335,4.166666666666667,6.25,0.0,4.166666666666667,18.75,14.583333333333334,2.0833333333333335,4.166666666666667,2.0833333333333335,6.25,6.25,4.166666666666667,0.0,4.166666666666667,0.0,0.0,1
26,4,0.49230769230769234,2790.3527,0.038461538461538464,11.999967765808105,11.538461538461538,0.0,0.0,0.0,0.0,11.538461538461538,0.0,11.538461538461538,7.6923076923076925,15.384615384615385,0.0,0.0,3.8461538461538463,7.6923076923076925,7.6923076923076925,3.8461538461538463,7.6923076923076925,7.6923076923076925,3.8461538461538463,0.0,1
21,6,-0.6523809523809524,2447.8462,0.047619047619047616,11.999967765808105,9.523809523809524,0.0,0.0,0.0,0.0,9.523809523809524,4.761904761904762,0.0,4.761904761904762,14.285714285714286,0.0,0.0,0.0,4.761904761904762,23.80952380952381,9.523809523809524,4.761904761904762,9.523809523809524,4.761904761904762,0.0,1
13,0,-1.0615384615384615,1563.6705,0.23076923076923078,5.663801002502441,15.384615384615385,0.0,0.0,7.6923076923076925,7.6923076923076925,7.6923076923076925,0.0,0.0,0.0,0.0,0.0,7.6923076923076925,7.6923076923076925,7.6923076923076925,7.6923076923076925,0.0,15.384615384615385,0.0,15.384615384615385,0.0,0
25,0,-0.74,3020.3619,0.12,7.120641136169434,12.0,0.0,0.0,16.0,8.0,4.0,12.0,12.0,8.0,4.0,0.0,0.0,0.0,4.0,8.0,8.0,0.0,0.0,4.0,0.0,0
44,1,-0.054545454545454564,5414.1348,0.2727272727272727,7.926790809631349,4.545454545454546,6.818181818181818,4.545454545454546,2.272727272727273,13.636363636363637,2.272727272727273,2.272727272727273,4.545454545454546,4.545454545454546,0.0,2.272727272727273,2.272727272727273,2.272727272727273,6.818181818181818,4.545454545454546,6.818181818181818,6.818181818181818,9.090909090909092,4.545454545454546,9.090909090909092,0
16,3,-0.48125,2144.5408,0.3125,10.289686012268067,6.25,0.0,6.25,0.0,18.75,0.0,0.0,6.25,18.75,0.0,6.25,6.25,0.0,6.25,6.25,0.0,0.0,6.25,12.5,0.0,0
15,8,-1.2133333333333334,1925.4952000000003,0.13333333333333333,10.845339012145995,0.0,0.0,0.0,0.0,0.0,6.666666666666667,0.0,0.0,53.333333333333336,26.666666666666668,0.0,0.0,0.0,0.0,0.0,0.0,0.0,0.0,13.333333333333334,0.0,1
31,4,0.3032258064516129,3338.9546,0.06451612903225806,8.961895179748538,9.67741935483871,19.35483870967742,0.0,3.225806451612903,0.0,16.129032258064516,0.0,6.451612903225806,0.0,9.67741935483871,0.0,3.225806451612903,0.0,0.0,16.129032258064516,3.225806451612903,3.225806451612903,3.225806451612903,0.0,6.451612903225806,1
27,9,-0.3851851851851852,3186.9482999999996,0.037037037037037035,11.999967765808105,0.0,0.0,3.7037037037037037,0.0,3.7037037037037037,7.407407407407407,0.0,14.814814814814815,22.22222222222222,11.11111111111111,3.7037037037037037,0.0,0.0,0.0,14.814814814814815,7.407407407407407,7.407407407407407,3.7037037037037037,0.0,0.0,1
17,3,0.9235294117647058,1872.3031,0.17647058823529413,9.390416526794432,23.529411764705884,11.764705882352942,0.0,0.0,11.764705882352942,5.882352941176471,0.0,17.647058823529413,11.764705882352942,0.0,0.0,0.0,5.882352941176471,0.0,5.882352941176471,0.0,0.0,0.0,0.0,5.882352941176471,1
25,8,-1.056,3080.6423,0.12,10.223283576965333,0.0,16.0,0.0,0.0,0.0,8.0,0.0,8.0,8.0,0.0,0.0,4.0,4.0,4.0,24.0,4.0,4.0,4.0,0.0,12.0,1
40,6,-0.2675,4570.3186,0.125,9.100889015197755,2.5,20.0,0.0,0.0,5.0,10.0,10.0,0.0,5.0,7.5,0.0,2.5,2.5,0.0,10.0,7.5,7.5,2.5,0.0,7.5,1
25,-2,-0.14000000000000004,3080.4943999999996,0.2,5.212669944763182,4.0,4.0,8.0,4.0,4.0,4.0,8.0,4.0,0.0,12.0,4.0,4.0,8.0,4.0,4.0,0.0,0.0,8.0,4.0,12.0,0
15,2,-0.94,1865.1466,0.13333333333333333,9.309379768371581,6.666666666666667,6.666666666666667,0.0,6.666666666666667,0.0,6.666666666666667,6.666666666666667,0.0,0.0,6.666666666666667,6.666666666666667,6.666666666666667,6.666666666666667,0.0,20.0,0.0,0.0,6.666666666666667,0.0,13.333333333333334,0
15,-2,-0.86,2078.3272,0.33333333333333337,4.3166601181030275,6.666666666666667,6.666666666666667,13.333333333333334,13.333333333333334,6.666666666666667,0.0,0.0,6.666666666666667,6.666666666666667,0.0,6.666666666666667,0.0,0.0,0.0,6.666666666666667,0.0,0.0,0.0,20.0,6.666666666666667,0
37,-1,-0.44594594594594594,4324.7631,0.18918918918918917,5.428146553039549,8.108108108108109,10.81081081081081,8.108108108108109,2.7027027027027026,5.405405405405405,2.7027027027027026,2.7027027027027026,2.7027027027027026,2.7027027027027026,2.7027027027027026,0.0,2.7027027027027026,5.405405405405405,5.405405405405405,5.405405405405405,10.81081081081081,2.7027027027027026,5.405405405405405,2.7027027027027026,10.81081081081081,0
44,-6,-0.17500000000000002,5544.1259,0.25,4.314159202575684,2.272727272727273,2.272727272727273,11.363636363636363,4.545454545454546,4.545454545454546,4.545454545454546,6.818181818181818,11.363636363636363,0.0,4.545454545454546,4.545454545454546,2.272727272727273,0.0,2.272727272727273,2.272727272727273,6.818181818181818,4.545454545454546,4.545454545454546,11.363636363636363,9.090909090909092,0
28,6,-0.9107142857142857,2984.441,0.0,10.561097908020017,17.857142857142858,3.5714285714285716,0.0,7.142857142857143,0.0,10.714285714285714,0.0,3.5714285714285716,17.857142857142858,7.142857142857143,0.0,7.142857142857143,0.0,3.5714285714285716,10.714285714285714,7.142857142857143,0.0,3.5714285714285716,0.0,0.0,1
12,4,0.5666666666666668,1365.6734,0.0,11.999967765808105,16.666666666666668,0.0,0.0,0.0,0.0,8.333333333333334,0.0,16.666666666666668,0.0,0.0,0.0,0.0,0.0,0.0,33.333333333333336,0.0,0.0,25.0,0.0,0.0,1
21,-2,-1.7714285714285716,2762.9399,0.1904761904761905,4.8289499282836905,0.0,0.0,14.285714285714286,9.523809523809524,4.761904761904762,0.0,4.761904761904762,4.761904761904762,9.523809523809524,4.761904761904762,0.0,9.523809523809524,0.0,4.761904761904762,4.761904761904762,0.0,14.285714285714286,0.0,14.285714285714286,0.0,0
12,6,-2.5749999999999997,1635.9187,0.16666666666666669,11.219771385192868,8.333333333333334,0.0,0.0,0.0,8.333333333333334,0.0,25.0,0.0,33.333333333333336,0.0,0.0,0.0,0.0,0.0,16.666666666666668,0.0,0.0,0.0,0.0,8.333333333333334,1
12,-1,-0.35000000000000003,1618.8084,0.33333333333333337,4.207813453674317,8.333333333333334,0.0,16.666666666666668,0.0,0.0,0.0,0.0,8.333333333333334,0.0,0.0,8.333333333333334,0.0,0.0,0.0,8.333333333333334,0.0,8.333333333333334,8.333333333333334,16.666666666666668,16.666666666666668,0
20,10,-2.0,2487.0929,0.0,11.999967765808105,0.0,0.0,0.0,5.0,0.0,5.0,0.0,5.0,35.0,15.0,0.0,5.0,10.0,0.0,20.0,0.0,0.0,0.0,0.0,0.0,1
18,3,-1.4444444444444444,2108.408,0.05555555555555555,11.711342811584473,0.0,0.0,0.0,0.0,0.0,5.555555555555555,5.555555555555555,5.555555555555555,0.0,5.555555555555555,0.0,11.11111111111111,33.333333333333336,5.555555555555555,16.666666666666668,0.0,0.0,5.555555555555555,0.0,5.555555555555555,1
21,4,-0.9380952380952381,2526.9824,0.09523809523809523,10.306834602355956,4.761904761904762,4.761904761904762,4.761904761904762,0.0,4.761904761904762,9.523809523809524,4.761904761904762,4.761904761904762,14.285714285714286,4.761904761904762,4.761904761904762,0.0,4.761904761904762,14.285714285714286,9.523809523809524,0.0,0.0,4.761904761904762,4.761904761904762,0.0,0
23,9,0.13478260869565215,2495.2307,0.043478260869565216,10.903296089172361,30.434782608695652,0.0,0.0,0.0,4.3478260869565215,0.0,0.0,0.0,39.130434782608695,26.08695652173913,0.0,0.0,0.0,0.0,0.0,0.0,0.0,0.0,0.0,0.0,1
23,9,-0.7652173913043478,2585.1477999999997,0.08695652173913043,11.333687019348144,13.043478260869565,0.0,0.0,0.0,4.3478260869565215,13.043478260869565,4.3478260869565215,8.695652173913043,30.434782608695652,4.3478260869565215,0.0,0.0,0.0,0.0,8.695652173913043,4.3478260869565215,0.0,4.3478260869565215,0.0,4.3478260869565215,1
13,-1,0.36923076923076914,1491.6875,0.0,5.968799018859863,0.0,0.0,7.6923076923076925,0.0,0.0,0.0,15.384615384615385,23.076923076923077,0.0,15.384615384615385,0.0,0.0,0.0,7.6923076923076925,0.0,7.6923076923076925,23.076923076923077,0.0,0.0,0.0,0
22,7,1.3499999999999999,2612.5854,0.0,10.778420829772951,0.0,0.0,0.0,0.0,0.0,0.0,0.0,0.0,31.818181818181817,68.18181818181819,0.0,0.0,0.0,0.0,0.0,0.0,0.0,0.0,0.0,0.0,1
23,-5,-0.5260869565217392,2611.7491,0.13043478260869565,4.223728370666504,21.73913043478261,4.3478260869565215,17.391304347826086,8.695652173913043,4.3478260869565215,0.0,8.695652173913043,0.0,4.3478260869565215,8.695652173913043,0.0,0.0,0.0,4.3478260869565215,0.0,4.3478260869565215,0.0,4.3478260869565215,0.0,8.695652173913043,0
10,1,-0.19000000000000009,1306.5332,0.30000000000000004,8.231146049499515,0.0,10.0,0.0,0.0,20.0,0.0,10.0,0.0,10.0,10.0,0.0,0.0,10.0,10.0,0.0,0.0,10.0,0.0,10.0,0.0,0
16,2,-1.15,1760.9446,0.0625,10.002737236022949,0.0,0.0,0.0,0.0,6.25,12.5,0.0,6.25,12.5,0.0,0.0,6.25,6.25,25.0,0.0,6.25,12.5,6.25,0.0,0.0,0
4,0,1.2999999999999998,428.52299999999997,0.0,5.525000190734862,0.0,0.0,0.0,0.0,0.0,0.0,0.0,0.0,0.0,50.0,0.0,0.0,25.0,0.0,0.0,25.0,0.0,0.0,0.0,0.0,0
15,5,0.026666666666666675,1789.2543999999998,0.13333333333333333,10.602486610412598,0.0,0.0,0.0,0.0,6.666666666666667,6.666666666666667,0.0,0.0,33.333333333333336,20.0,0.0,0.0,0.0,0.0,0.0,0.0,13.333333333333334,13.333333333333334,6.666666666666667,0.0,1
8,0,0.4,956.0973000000001,0.25,5.525000190734862,12.5,0.0,0.0,0.0,0.0,12.5,0.0,12.5,0.0,0.0,0.0,0.0,12.5,12.5,0.0,0.0,0.0,12.5,25.0,0.0,0
15,2,-1.4333333333333333,2017.3189000000002,0.06666666666666667,11.522901725769042,0.0,0.0,0.0,13.333333333333334,6.666666666666667,0.0,0.0,13.333333333333334,0.0,6.666666666666667,6.666666666666667,6.666666666666667,0.0,20.0,26.666666666666668,0.0,0.0,0.0,0.0,0.0,0
17,-4,-0.7764705882352941,2063.1389,0.17647058823529413,4.588577842712403,11.764705882352942,0.0,5.882352941176471,17.647058823529413,5.882352941176471,0.0,11.764705882352942,5.882352941176471,0.0,0.0,0.0,0.0,0.0,5.882352941176471,0.0,5.882352941176471,11.764705882352942,5.882352941176471,5.882352941176471,5.882352941176471,0
44,2,-0.2772727272727273,4901.5441,0.11363636363636365,8.318629646301272,4.545454545454546,13.636363636363637,2.272727272727273,4.545454545454546,2.272727272727273,11.363636363636363,2.272727272727273,2.272727272727273,6.818181818181818,6.818181818181818,0.0,11.363636363636363,0.0,0.0,4.545454545454546,6.818181818181818,4.545454545454546,6.818181818181818,4.545454545454546,4.545454545454546,1
18,1,-0.7055555555555556,2133.3893,0.1111111111111111,8.2064546585083,0.0,5.555555555555555,0.0,11.11111111111111,0.0,11.11111111111111,5.555555555555555,0.0,5.555555555555555,11.11111111111111,0.0,5.555555555555555,0.0,0.0,11.11111111111111,11.11111111111111,0.0,11.11111111111111,5.555555555555555,5.555555555555555,0
16,1,0.325,1775.0838,0.0625,8.081643867492676,18.75,12.5,0.0,0.0,0.0,0.0,6.25,6.25,0.0,0.0,6.25,6.25,6.25,0.0,6.25,0.0,18.75,6.25,6.25,0.0,1
25,-5,0.16399999999999995,2965.3378,0.12,4.616542625427246,8.0,8.0,16.0,8.0,8.0,0.0,12.0,8.0,4.0,12.0,4.0,0.0,0.0,0.0,0.0,4.0,0.0,4.0,0.0,4.0,0
12,5,0.39166666666666666,1506.8874999999998,0.0,11.999967765808105,8.333333333333334,0.0,0.0,0.0,0.0,0.0,0.0,16.666666666666668,0.0,8.333333333333334,0.0,0.0,0.0,0.0,41.666666666666664,0.0,0.0,25.0,0.0,0.0,1
16,4,1.3375000000000001,1698.1867,0.0625,10.477740287780762,18.75,0.0,0.0,0.0,6.25,6.25,0.0,12.5,25.0,12.5,0.0,0.0,0.0,0.0,0.0,0.0,0.0,18.75,0.0,0.0,1
36,-2,-0.9361111111111112,4151.4642,0.16666666666666666,4.225945091247559,8.333333333333334,0.0,8.333333333333334,2.7777777777777777,5.555555555555555,5.555555555555555,0.0,0.0,0.0,2.7777777777777777,5.555555555555555,11.11111111111111,11.11111111111111,2.7777777777777777,5.555555555555555,5.555555555555555,11.11111111111111,2.7777777777777777,5.555555555555555,5.555555555555555,0
23,5,-0.4173913043478262,2696.2117,0.08695652173913043,9.87599239349365,8.695652173913043,17.391304347826086,4.3478260869565215,0.0,4.3478260869565215,4.3478260869565215,0.0,0.0,0.0,8.695652173913043,0.0,0.0,13.043478260869565,0.0,26.08695652173913,4.3478260869565215,0.0,4.3478260869565215,0.0,4.3478260869565215,0
28,7,-0.4321428571428572,3536.2366,0.14285714285714285,11.999967765808105,0.0,0.0,0.0,0.0,10.714285714285714,10.714285714285714,14.285714285714286,3.5714285714285716,10.714285714285714,25.0,0.0,0.0,0.0,7.142857142857143,14.285714285714286,0.0,0.0,0.0,3.5714285714285716,0.0,1
13,0,-0.4692307692307693,1643.8592999999998,0.23076923076923078,6.751244544982911,7.6923076923076925,0.0,7.6923076923076925,0.0,7.6923076923076925,0.0,7.6923076923076925,7.6923076923076925,7.6923076923076925,7.6923076923076925,7.6923076923076925,7.6923076923076925,0.0,7.6923076923076925,0.0,0.0,7.6923076923076925,0.0,0.0,15.384615384615385,0
52,8,-0.8096153846153846,5803.7074999999995,0.07692307692307693,9.351090812683104,1.9230769230769231,15.384615384615385,5.769230769230769,1.9230769230769231,3.8461538461538463,9.615384615384615,0.0,5.769230769230769,11.538461538461538,0.0,1.9230769230769231,1.9230769230769231,5.769230769230769,0.0,11.538461538461538,11.538461538461538,7.6923076923076925,0.0,0.0,3.8461538461538463,1
15,3,-0.6666666666666666,1537.7161,0.06666666666666667,10.301290321350095,6.666666666666667,0.0,0.0,0.0,6.666666666666667,13.333333333333334,0.0,0.0,20.0,6.666666666666667,0.0,13.333333333333334,0.0,0.0,0.0,20.0,6.666666666666667,6.666666666666667,0.0,0.0,1
22,-1,-0.1318181818181818,2598.929,0.18181818181818182,4.684408378601074,0.0,9.090909090909092,13.636363636363637,4.545454545454546,13.636363636363637,9.090909090909092,0.0,0.0,4.545454545454546,0.0,4.545454545454546,0.0,0.0,0.0,9.090909090909092,4.545454545454546,9.090909090909092,13.636363636363637,4.545454545454546,0.0,0
36,4,0.30277777777777776,4017.7740999999996,0.16666666666666666,8.94049167633057,5.555555555555555,16.666666666666668,2.7777777777777777,0.0,11.11111111111111,13.88888888888889,5.555555555555555,0.0,8.333333333333334,5.555555555555555,0.0,0.0,5.555555555555555,0.0,5.555555555555555,2.7777777777777777,2.7777777777777777,8.333333333333334,5.555555555555555,0.0,1
9,3,-0.6000000000000001,1374.6999,0.33333333333333337,11.999967765808105,0.0,0.0,0.0,0.0,0.0,0.0,0.0,11.11111111111111,11.11111111111111,11.11111111111111,11.11111111111111,0.0,0.0,0.0,22.22222222222222,0.0,0.0,0.0,33.333333333333336,0.0,1
36,-5,0.2583333333333333,4186.7369,0.1388888888888889,4.0500284194946286,2.7777777777777777,11.11111111111111,8.333333333333334,5.555555555555555,2.7777777777777777,2.7777777777777777,2.7777777777777777,2.7777777777777777,0.0,13.88888888888889,2.7777777777777777,2.7777777777777777,2.7777777777777777,2.7777777777777777,0.0,2.7777777777777777,16.666666666666668,5.555555555555555,5.555555555555555,5.555555555555555,0
14,7,-0.9714285714285715,1855.3191,0.2142857142857143,11.263738822937015,0.0,0.0,0.0,0.0,14.285714285714286,0.0,0.0,0.0,35.714285714285715,21.428571428571427,0.0,0.0,0.0,0.0,14.285714285714286,7.142857142857143,0.0,0.0,0.0,7.142857142857143,1
36,-2,-0.25000000000000006,4287.8537,0.1388888888888889,5.780718803405762,2.7777777777777777,2.7777777777777777,5.555555555555555,5.555555555555555,8.333333333333334,2.7777777777777777,8.333333333333334,11.11111111111111,2.7777777777777777,2.7777777777777777,5.555555555555555,8.333333333333334,8.333333333333334,2.7777777777777777,2.7777777777777777,5.555555555555555,2.7777777777777777,5.555555555555555,2.7777777777777777,2.7777777777777777,0
17,5,-0.07058823529411769,2019.4456,0.05882352941176471,11.999967765808105,5.882352941176471,0.0,0.0,0.0,5.882352941176471,11.764705882352942,5.882352941176471,0.0,5.882352941176471,23.529411764705884,0.0,0.0,0.0,5.882352941176471,23.529411764705884,0.0,0.0,11.764705882352942,0.0,0.0,1
15,2,-0.36666666666666664,1795.0915999999997,0.13333333333333333,10.002801704406739,13.333333333333334,0.0,0.0,0.0,6.666666666666667,0.0,6.666666666666667,13.333333333333334,13.333333333333334,6.666666666666667,0.0,6.666666666666667,6.666666666666667,13.333333333333334,0.0,0.0,6.666666666666667,0.0,6.666666666666667,0.0,0
44,6,-0.3340909090909091,5061.8061,0.1590909090909091,9.337036705017091,0.0,13.636363636363637,0.0,0.0,4.545454545454546,11.363636363636363,0.0,2.272727272727273,0.0,6.818181818181818,0.0,2.272727272727273,6.818181818181818,6.818181818181818,13.636363636363637,9.090909090909092,6.818181818181818,4.545454545454546,0.0,11.363636363636363,1
37,4,0.32972972972972975,3749.4458999999997,0.027027027027027025,9.5143892288208,10.81081081081081,5.405405405405405,5.405405405405405,0.0,2.7027027027027026,13.513513513513514,0.0,2.7027027027027026,16.216216216216218,13.513513513513514,0.0,0.0,0.0,5.405405405405405,0.0,5.405405405405405,8.108108108108109,10.81081081081081,0.0,0.0,1
26,0,-0.16153846153846155,3041.5017,0.11538461538461538,6.229633140563965,3.8461538461538463,0.0,0.0,11.538461538461538,11.538461538461538,3.8461538461538463,0.0,7.6923076923076925,3.8461538461538463,0.0,7.6923076923076925,3.8461538461538463,7.6923076923076925,7.6923076923076925,7.6923076923076925,7.6923076923076925,3.8461538461538463,11.538461538461538,0.0,0.0,0
24,2,-1.4708333333333332,2858.0688999999998,0.08333333333333334,9.1218412399292,4.166666666666667,4.166666666666667,0.0,4.166666666666667,0.0,0.0,12.5,0.0,8.333333333333334,0.0,0.0,8.333333333333334,0.0,16.666666666666668,4.166666666666667,16.666666666666668,0.0,12.5,0.0,8.333333333333334,0
16,1,1.3375,1600.939,0.0625,8.750052070617677,0.0,0.0,0.0,0.0,6.25,18.75,0.0,6.25,6.25,31.25,0.0,0.0,6.25,0.0,0.0,18.75,0.0,6.25,0.0,0.0,1
38,1,0.7973684210526316,3547.0339999999997,0.07894736842105264,8.090798377990723,15.789473684210526,5.2631578947368425,0.0,0.0,2.6315789473684212,28.94736842105263,5.2631578947368425,10.526315789473685,0.0,2.6315789473684212,0.0,0.0,5.2631578947368425,0.0,2.6315789473684212,7.894736842105263,0.0,7.894736842105263,5.2631578947368425,0.0,1
24,4,-1.1458333333333333,2933.4138,0.08333333333333334,11.000063133239745,4.166666666666667,0.0,0.0,8.333333333333334,4.166666666666667,0.0,0.0,8.333333333333334,12.5,0.0,8.333333333333334,12.5,8.333333333333334,0.0,12.5,8.333333333333334,4.166666666666667,4.166666666666667,4.166666666666667,0.0,0
24,4,1.25,2545.2427,0.08333333333333334,9.70128307342529,12.5,8.333333333333334,0.0,0.0,8.333333333333334,8.333333333333334,0.0,20.833333333333332,16.666666666666668,8.333333333333334,0.0,0.0,8.333333333333334,0.0,0.0,0.0,4.166666666666667,4.166666666666667,0.0,0.0,1
15,0,-1.0266666666666666,1796.9801000000002,0.13333333333333333,6.0556489944458,6.666666666666667,13.333333333333334,6.666666666666667,6.666666666666667,0.0,6.666666666666667,0.0,0.0,6.666666666666667,6.666666666666667,0.0,13.333333333333334,0.0,0.0,6.666666666666667,0.0,13.333333333333334,0.0,13.333333333333334,0.0,0
50,2,-0.44800000000000006,5982.9351,0.2,8.560128211975101,6.0,6.0,0.0,8.0,6.0,10.0,0.0,0.0,8.0,2.0,14.0,8.0,0.0,2.0,4.0,8.0,0.0,4.0,6.0,8.0,0
21,2,-0.2571428571428572,2482.9248,0.047619047619047616,9.311120414733885,4.761904761904762,4.761904761904762,0.0,4.761904761904762,0.0,4.761904761904762,4.761904761904762,14.285714285714286,4.761904761904762,9.523809523809524,4.761904761904762,14.285714285714286,4.761904761904762,4.761904761904762,9.523809523809524,0.0,0.0,4.761904761904762,0.0,4.761904761904762,0
34,4,-0.6823529411764706,3946.6404,0.08823529411764706,9.872382164001465,2.9411764705882355,0.0,0.0,14.705882352941176,8.823529411764707,14.705882352941176,0.0,8.823529411764707,20.58823529411765,11.764705882352942,0.0,0.0,0.0,8.823529411764707,5.882352941176471,0.0,0.0,2.9411764705882355,0.0,0.0,1
8,-2,-1.5875,946.9567,0.125,4.240382194519043,12.5,0.0,0.0,25.0,0.0,0.0,0.0,0.0,0.0,0.0,0.0,0.0,12.5,12.5,0.0,12.5,12.5,0.0,12.5,0.0,0
26,7,-0.29230769230769227,2907.4545,0.11538461538461539,10.778420829772951,15.384615384615385,0.0,0.0,0.0,7.6923076923076925,0.0,3.8461538461538463,3.8461538461538463,26.923076923076923,7.6923076923076925,0.0,0.0,0.0,0.0,0.0,15.384615384615385,11.538461538461538,3.8461538461538463,3.8461538461538463,0.0,1
14,6,0.17142857142857143,1800.3318,0.0,11.999967765808105,0.0,0.0,0.0,0.0,0.0,0.0,7.142857142857143,42.857142857142854,21.428571428571427,7.142857142857143,0.0,0.0,0.0,0.0,21.428571428571427,0.0,0.0,0.0,0.0,0.0,1
37,3,-0.9864864864864865,4393.0642,0.1081081081081081,9.304480171203611,2.7027027027027026,5.405405405405405,5.405405405405405,5.405405405405405,5.405405405405405,8.108108108108109,2.7027027027027026,0.0,8.108108108108109,5.405405405405405,5.405405405405405,0.0,10.81081081081081,8.108108108108109,10.81081081081081,2.7027027027027026,2.7027027027027026,5.405405405405405,2.7027027027027026,2.7027027027027026,0
20,1,-1.145,2509.7315,0.25,8.030971717834472,5.0,10.0,0.0,5.0,0.0,5.0,5.0,0.0,5.0,0.0,0.0,10.0,0.0,5.0,5.0,5.0,10.0,5.0,10.0,15.0,0
44,4,-0.5181818181818182,4836.5458,0.06818181818181818,9.779354286193847,13.636363636363637,0.0,2.272727272727273,6.818181818181818,0.0,4.545454545454546,0.0,4.545454545454546,18.181818181818183,9.090909090909092,0.0,9.090909090909092,4.545454545454546,0.0,0.0,6.818181818181818,6.818181818181818,6.818181818181818,6.818181818181818,0.0,1
12,0,-0.20000000000000004,1388.6105,0.16666666666666669,5.752981376647949,0.0,0.0,0.0,8.333333333333334,16.666666666666668,16.666666666666668,0.0,0.0,8.333333333333334,0.0,16.666666666666668,0.0,0.0,16.666666666666668,0.0,8.333333333333334,0.0,8.333333333333334,0.0,0.0,0
11,-1,-0.7727272727272727,1146.2315999999998,0.0,4.207813453674317,18.181818181818183,0.0,18.181818181818183,0.0,0.0,9.090909090909092,0.0,0.0,0.0,9.090909090909092,9.090909090909092,9.090909090909092,9.090909090909092,0.0,9.090909090909092,9.090909090909092,0.0,0.0,0.0,0.0,0
26,-4,-0.4153846153846154,2776.9166999999998,0.11538461538461539,4.0500284194946286,7.6923076923076925,7.6923076923076925,11.538461538461538,3.8461538461538463,3.8461538461538463,7.6923076923076925,3.8461538461538463,3.8461538461538463,0.0,3.8461538461538463,0.0,3.8461538461538463,7.6923076923076925,3.8461538461538463,0.0,15.384615384615385,3.8461538461538463,3.8461538461538463,0.0,7.6923076923076925,0
14,2,-0.9500000000000001,1561.7706999999998,0.07142857142857144,8.707825279235841,0.0,21.428571428571427,0.0,0.0,0.0,21.428571428571427,7.142857142857143,0.0,0.0,0.0,0.0,0.0,7.142857142857143,7.142857142857143,14.285714285714286,0.0,14.285714285714286,0.0,7.142857142857143,0.0,0
4,1,1.0,447.5528,0.0,8.249712944030762,25.0,25.0,0.0,0.0,0.0,0.0,0.0,0.0,0.0,0.0,0.0,0.0,0.0,0.0,25.0,0.0,0.0,25.0,0.0,0.0,0
12,1,-0.35000000000000003,1299.4960999999998,0.0,8.22224941253662,0.0,8.333333333333334,0.0,0.0,0.0,0.0,0.0,8.333333333333334,8.333333333333334,8.333333333333334,0.0,16.666666666666668,16.666666666666668,8.333333333333334,0.0,16.666666666666668,0.0,8.333333333333334,0.0,0.0,0
19,5,-0.8578947368421053,2148.5548,0.052631578947368425,10.060887718200682,0.0,10.526315789473685,0.0,0.0,0.0,10.526315789473685,0.0,10.526315789473685,15.789473684210526,0.0,0.0,5.2631578947368425,10.526315789473685,5.2631578947368425,10.526315789473685,5.2631578947368425,5.2631578947368425,5.2631578947368425,0.0,5.2631578947368425,1
16,4,0.70625,1785.2873,0.0625,10.47786922454834,25.0,0.0,0.0,0.0,0.0,0.0,0.0,0.0,25.0,25.0,6.25,0.0,0.0,0.0,0.0,0.0,6.25,6.25,6.25,0.0,1
28,4,-1.1464285714285716,3383.9936,0.07142857142857144,9.378876686096191,0.0,10.714285714285714,7.142857142857143,0.0,0.0,7.142857142857143,7.142857142857143,3.5714285714285716,10.714285714285714,3.5714285714285716,10.714285714285714,3.5714285714285716,7.142857142857143,3.5714285714285716,10.714285714285714,0.0,7.142857142857143,0.0,0.0,7.142857142857143,0
9,0,0.39999999999999997,918.9694999999999,0.2222222222222222,5.518122673034666,11.11111111111111,11.11111111111111,0.0,0.0,22.22222222222222,11.11111111111111,0.0,0.0,0.0,0.0,0.0,11.11111111111111,0.0,0.0,0.0,33.333333333333336,0.0,0.0,0.0,0.0,0
9,1,-0.8444444444444446,1153.3167,0.1111111111111111,9.762914848327636,11.11111111111111,0.0,0.0,0.0,11.11111111111111,0.0,22.22222222222222,0.0,0.0,11.11111111111111,11.11111111111111,11.11111111111111,0.0,11.11111111111111,11.11111111111111,0.0,0.0,0.0,0.0,0.0,0
16,3,0.84375,1758.1956,0.0625,10.00138339996338,6.25,0.0,6.25,0.0,6.25,6.25,0.0,12.5,25.0,12.5,0.0,0.0,0.0,0.0,0.0,6.25,0.0,18.75,0.0,0.0,1
25,1,0.7,2841.4125,0.12,8.500108146667483,8.0,0.0,0.0,0.0,4.0,4.0,0.0,8.0,4.0,12.0,12.0,0.0,4.0,8.0,0.0,12.0,12.0,4.0,8.0,0.0,0
9,4,-1.2666666666666666,1385.663,0.33333333333333337,11.999967765808105,0.0,0.0,0.0,0.0,0.0,0.0,0.0,11.11111111111111,11.11111111111111,0.0,0.0,0.0,0.0,0.0,33.333333333333336,0.0,0.0,11.11111111111111,33.333333333333336,0.0,1
37,7,-0.9297297297297297,4372.0967,0.08108108108108109,9.49872341156006,5.405405405405405,16.216216216216218,2.7027027027027026,5.405405405405405,0.0,8.108108108108109,0.0,5.405405405405405,8.108108108108109,5.405405405405405,0.0,2.7027027027027026,2.7027027027027026,2.7027027027027026,18.91891891891892,2.7027027027027026,5.405405405405405,0.0,0.0,8.108108108108109,1
10,0,0.15,1314.5734,0.30000000000000004,5.9935808181762695,0.0,10.0,0.0,10.0,0.0,10.0,0.0,0.0,10.0,10.0,10.0,0.0,0.0,0.0,0.0,0.0,0.0,10.0,20.0,10.0,0
10,2,-1.75,1278.4818,0.2,9.994291877746583,0.0,0.0,10.0,0.0,10.0,10.0,0.0,0.0,20.0,0.0,10.0,10.0,10.0,0.0,10.0,0.0,0.0,0.0,10.0,0.0,0
18,9,-1.6,2283.8506,0.05555555555555555,11.772716712951663,0.0,0.0,0.0,5.555555555555555,5.555555555555555,5.555555555555555,0.0,11.11111111111111,38.888888888888886,11.11111111111111,0.0,5.555555555555555,0.0,0.0,16.666666666666668,0.0,0.0,0.0,0.0,0.0,1
7,0,0.9285714285714285,803.9913999999999,0.14285714285714288,6.731919288635253,0.0,14.285714285714286,0.0,0.0,14.285714285714286,14.285714285714286,14.285714285714286,14.285714285714286,0.0,0.0,14.285714285714286,0.0,14.285714285714286,0.0,0.0,0.0,0.0,0.0,0.0,0.0,0
19,6,-1.6842105263157894,2792.1728,0.42105263157894735,11.999967765808105,0.0,0.0,0.0,0.0,10.526315789473685,5.2631578947368425,0.0,0.0,0.0,0.0,0.0,0.0,10.526315789473685,0.0,31.57894736842105,10.526315789473685,0.0,0.0,31.57894736842105,0.0,1
25,-1,-0.4800000000000001,2801.1004,0.08,6.021602439880371,4.0,12.0,0.0,8.0,8.0,4.0,8.0,4.0,0.0,4.0,0.0,12.0,12.0,4.0,4.0,8.0,4.0,4.0,0.0,0.0,0
24,1,0.2833333333333333,2935.613,0.16666666666666669,8.126965141296388,4.166666666666667,4.166666666666667,0.0,8.333333333333334,4.166666666666667,4.166666666666667,0.0,0.0,12.5,8.333333333333334,16.666666666666668,0.0,4.166666666666667,4.166666666666667,0.0,4.166666666666667,0.0,12.5,8.333333333333334,4.166666666666667,0
11,4,0.11818181818181815,1502.9285,0.2727272727272727,10.477740287780762,0.0,0.0,0.0,0.0,9.090909090909092,0.0,0.0,9.090909090909092,36.36363636363637,27.272727272727273,0.0,0.0,0.0,0.0,0.0,0.0,0.0,0.0,18.181818181818183,0.0,1
46,0,0.41956521739130437,4274.6726,0.08695652173913043,7.0749425888061515,13.043478260869565,4.3478260869565215,0.0,0.0,2.1739130434782608,32.608695652173914,8.695652173913043,8.695652173913043,0.0,2.1739130434782608,0.0,4.3478260869565215,2.1739130434782608,0.0,0.0,8.695652173913043,0.0,6.521739130434782,4.3478260869565215,2.1739130434782608,1
31,2,0.045161290322580656,3151.6557000000003,0.03225806451612903,8.787637138366701,9.67741935483871,6.451612903225806,3.225806451612903,6.451612903225806,3.225806451612903,16.129032258064516,0.0,9.67741935483871,16.129032258064516,6.451612903225806,0.0,6.451612903225806,0.0,0.0,0.0,6.451612903225806,3.225806451612903,6.451612903225806,0.0,0.0,1
5,0,0.68,594.6586,0.4,5.4943639755249025,20.0,0.0,0.0,0.0,0.0,20.0,0.0,0.0,0.0,0.0,0.0,0.0,0.0,0.0,0.0,0.0,0.0,20.0,20.0,20.0,0
19,-1,-0.6,2300.5247,0.15789473684210528,5.940095329284667,0.0,5.2631578947368425,5.2631578947368425,5.2631578947368425,0.0,0.0,10.526315789473685,5.2631578947368425,5.2631578947368425,5.2631578947368425,5.2631578947368425,0.0,0.0,5.2631578947368425,0.0,26.31578947368421,0.0,5.2631578947368425,5.2631578947368425,10.526315789473685,0
20,-2,-0.64,2368.5359,0.15000000000000002,4.651100730895997,5.0,5.0,5.0,10.0,10.0,0.0,5.0,5.0,0.0,0.0,0.0,5.0,5.0,5.0,5.0,10.0,15.0,5.0,5.0,0.0,0
19,-2,-0.5526315789473685,2101.3378,0.052631578947368425,4.3166601181030275,0.0,10.526315789473685,10.526315789473685,10.526315789473685,5.2631578947368425,5.2631578947368425,0.0,10.526315789473685,5.2631578947368425,0.0,5.2631578947368425,0.0,10.526315789473685,0.0,5.2631578947368425,21.05263157894737,0.0,0.0,0.0,0.0,0
30,9,0.21333333333333335,3322.2091,0.06666666666666667,10.903296089172361,6.666666666666667,0.0,0.0,0.0,3.3333333333333335,10.0,0.0,10.0,30.0,16.666666666666668,0.0,0.0,3.3333333333333335,0.0,0.0,0.0,10.0,6.666666666666667,3.3333333333333335,0.0,1
30,2,-0.8366666666666667,3568.0468,0.16666666666666669,9.306156349182128,6.666666666666667,0.0,6.666666666666667,6.666666666666667,6.666666666666667,10.0,3.3333333333333335,6.666666666666667,10.0,0.0,6.666666666666667,0.0,3.3333333333333335,0.0,10.0,3.3333333333333335,6.666666666666667,3.3333333333333335,0.0,10.0,0
44,3,-0.45,4610.1142,0.09090909090909091,8.847528266906739,9.090909090909092,9.090909090909092,2.272727272727273,0.0,0.0,18.181818181818183,6.818181818181818,4.545454545454546,9.090909090909092,2.272727272727273,0.0,9.090909090909092,0.0,2.272727272727273,0.0,4.545454545454546,9.090909090909092,4.545454545454546,4.545454545454546,4.545454545454546,1
15,3,0.10000000000000005,1227.4135999999999,0.0,10.302063941955566,26.666666666666668,0.0,0.0,0.0,0.0,40.0,0.0,0.0,20.0,0.0,0.0,0.0,0.0,0.0,0.0,0.0,0.0,13.333333333333334,0.0,0.0,1
23,5,0.8869565217391305,2458.1225,0.0,9.90429401397705,0.0,8.695652173913043,0.0,0.0,0.0,8.695652173913043,0.0,8.695652173913043,21.73913043478261,13.043478260869565,0.0,0.0,0.0,4.3478260869565215,0.0,4.3478260869565215,8.695652173913043,21.73913043478261,0.0,0.0,1
21,0,-0.7333333333333334,2570.8163,0.23809523809523808,6.464832878112793,4.761904761904762,9.523809523809524,4.761904761904762,4.761904761904762,4.761904761904762,9.523809523809524,4.761904761904762,4.761904761904762,4.761904761904762,0.0,0.0,4.761904761904762,0.0,0.0,4.761904761904762,9.523809523809524,9.523809523809524,0.0,19.047619047619047,0.0,0
15,3,-0.09333333333333332,1716.0563000000002,0.06666666666666667,9.790184974670407,13.333333333333334,6.666666666666667,0.0,0.0,0.0,0.0,0.0,6.666666666666667,20.0,13.333333333333334,0.0,20.0,0.0,0.0,0.0,0.0,6.666666666666667,6.666666666666667,6.666666666666667,0.0,0
37,5,0.08918918918918918,3872.5634,0.05405405405405405,9.788895606994629,16.216216216216218,5.405405405405405,0.0,2.7027027027027026,5.405405405405405,10.81081081081081,2.7027027027027026,5.405405405405405,16.216216216216218,10.81081081081081,0.0,8.108108108108109,0.0,5.405405405405405,0.0,2.7027027027027026,2.7027027027027026,5.405405405405405,0.0,0.0,1
55,3,-1.1927272727272726,6721.3883000000005,0.18181818181818182,9.303899955749511,5.454545454545454,1.8181818181818181,7.2727272727272725,1.8181818181818181,7.2727272727272725,3.6363636363636362,5.454545454545454,5.454545454545454,7.2727272727272725,0.0,1.8181818181818181,9.090909090909092,5.454545454545454,7.2727272727272725,7.2727272727272725,3.6363636363636362,5.454545454545454,3.6363636363636362,3.6363636363636362,7.2727272727272725,0
7,5,-3.3857142857142857,1143.3502,0.28571428571428575,11.999967765808105,0.0,0.0,0.0,0.0,0.0,0.0,0.0,0.0,14.285714285714286,0.0,0.0,0.0,0.0,0.0,57.142857142857146,0.0,0.0,0.0,28.571428571428573,0.0,1
12,1,-0.7000000000000001,1629.9023,0.25,8.197106742858885,0.0,8.333333333333334,8.333333333333334,0.0,0.0,0.0,0.0,8.333333333333334,0.0,8.333333333333334,8.333333333333334,8.333333333333334,8.333333333333334,0.0,16.666666666666668,0.0,0.0,0.0,8.333333333333334,16.666666666666668,0
26,4,0.38846153846153847,2905.4847,0.07692307692307693,11.999967765808105,7.6923076923076925,0.0,0.0,0.0,0.0,11.538461538461538,0.0,11.538461538461538,7.6923076923076925,15.384615384615385,0.0,0.0,3.8461538461538463,7.6923076923076925,7.6923076923076925,3.8461538461538463,7.6923076923076925,7.6923076923076925,7.6923076923076925,0.0,1
20,2,1.3900000000000001,1945.4348999999997,0.0,10.002737236022949,5.0,0.0,0.0,0.0,0.0,25.0,0.0,15.0,10.0,25.0,0.0,5.0,5.0,0.0,0.0,0.0,0.0,10.0,0.0,0.0,1
40,3,-0.31250000000000006,4900.6933,0.125,8.868480491638184,5.0,10.0,0.0,5.0,2.5,0.0,10.0,0.0,2.5,10.0,5.0,7.5,2.5,2.5,10.0,2.5,5.0,10.0,0.0,10.0,0
7,-5,-1.9857142857142858,735.6080999999999,0.0,4.0500284194946286,28.571428571428573,0.0,71.42857142857143,0.0,0.0,0.0,0.0,0.0,0.0,0.0,0.0,0.0,0.0,0.0,0.0,0.0,0.0,0.0,0.0,0.0,1
9,-2,-0.48888888888888893,1055.1821,0.1111111111111111,4.0500284194946286,11.11111111111111,0.0,11.11111111111111,11.11111111111111,11.11111111111111,0.0,0.0,0.0,0.0,0.0,22.22222222222222,11.11111111111111,11.11111111111111,0.0,0.0,0.0,11.11111111111111,0.0,0.0,0.0,0
29,6,-0.2620689655172414,3415.1301000000003,0.10344827586206896,11.07529773712158,6.896551724137931,3.4482758620689653,3.4482758620689653,0.0,6.896551724137931,3.4482758620689653,0.0,13.793103448275861,13.793103448275861,3.4482758620689653,3.4482758620689653,3.4482758620689653,10.344827586206897,3.4482758620689653,10.344827586206897,3.4482758620689653,3.4482758620689653,3.4482758620689653,3.4482758620689653,0.0,0
26,6,0.28846153846153844,2932.5465999999997,0.11538461538461539,10.699318122863769,11.538461538461538,0.0,0.0,0.0,7.6923076923076925,0.0,3.8461538461538463,3.8461538461538463,23.076923076923077,11.538461538461538,0.0,0.0,0.0,0.0,0.0,11.538461538461538,11.538461538461538,11.538461538461538,3.8461538461538463,0.0,1
40,7,-0.40750000000000003,4655.4814,0.025,11.999967765808105,5.0,0.0,2.5,2.5,2.5,5.0,5.0,10.0,7.5,15.0,2.5,0.0,2.5,7.5,15.0,10.0,5.0,2.5,0.0,0.0,1
11,2,-2.272727272727273,1419.5105999999998,0.09090909090909091,11.69902935028076,18.181818181818183,0.0,0.0,9.090909090909092,0.0,0.0,18.181818181818183,0.0,0.0,0.0,0.0,9.090909090909092,0.0,0.0,27.272727272727273,9.090909090909092,0.0,0.0,9.090909090909092,0.0,0
44,3,-0.41818181818181815,4802.373299999999,0.11363636363636365,8.650319480895995,6.818181818181818,13.636363636363637,2.272727272727273,2.272727272727273,2.272727272727273,13.636363636363637,2.272727272727273,2.272727272727273,6.818181818181818,2.272727272727273,0.0,11.363636363636363,0.0,2.272727272727273,4.545454545454546,6.818181818181818,4.545454545454546,6.818181818181818,4.545454545454546,4.545454545454546,1
8,0,-0.17500000000000002,928.0443,0.0,5.972209358215332,12.5,0.0,0.0,12.5,0.0,0.0,0.0,0.0,0.0,25.0,0.0,25.0,0.0,0.0,12.5,0.0,0.0,12.5,0.0,0.0,1
13,-2,-1.1615384615384614,1574.7131,0.07692307692307693,4.426586723327637,0.0,0.0,7.6923076923076925,15.384615384615385,0.0,7.6923076923076925,0.0,7.6923076923076925,0.0,0.0,7.6923076923076925,0.0,7.6923076923076925,15.384615384615385,7.6923076923076925,7.6923076923076925,0.0,7.6923076923076925,7.6923076923076925,0.0,0
15,0,-0.16666666666666666,1610.7880999999998,0.13333333333333333,5.870979118347167,20.0,6.666666666666667,6.666666666666667,0.0,6.666666666666667,6.666666666666667,0.0,0.0,6.666666666666667,6.666666666666667,0.0,13.333333333333334,6.666666666666667,6.666666666666667,0.0,0.0,0.0,6.666666666666667,0.0,6.666666666666667,1
71,6,-0.44929577464788734,7420.466899999999,0.04225352112676056,9.120938682556151,4.225352112676056,11.267605633802816,4.225352112676056,2.816901408450704,2.816901408450704,16.901408450704224,1.408450704225352,1.408450704225352,5.633802816901408,2.816901408450704,2.816901408450704,1.408450704225352,7.042253521126761,2.816901408450704,9.859154929577464,11.267605633802816,2.816901408450704,7.042253521126761,1.408450704225352,0.0,1
3,1,-2.9,423.46340000000004,0.33333333333333337,8.590879631042483,0.0,0.0,0.0,0.0,0.0,0.0,0.0,0.0,33.333333333333336,0.0,0.0,33.333333333333336,0.0,0.0,0.0,0.0,0.0,0.0,0.0,33.333333333333336,0
27,4,-0.040740740740740744,2874.3349,0.07407407407407407,9.10301647186279,14.814814814814815,18.51851851851852,3.7037037037037037,0.0,3.7037037037037037,14.814814814814815,3.7037037037037037,0.0,3.7037037037037037,3.7037037037037037,0.0,3.7037037037037037,0.0,0.0,14.814814814814815,3.7037037037037037,0.0,7.407407407407407,0.0,3.7037037037037037,1
21,4,0.17142857142857143,2290.7682999999997,0.09523809523809523,10.477740287780762,9.523809523809524,0.0,0.0,0.0,4.761904761904762,14.285714285714286,0.0,14.285714285714286,19.047619047619047,4.761904761904762,4.761904761904762,4.761904761904762,0.0,4.761904761904762,0.0,4.761904761904762,4.761904761904762,4.761904761904762,4.761904761904762,0.0,1
16,2,-0.525,1784.0259999999998,0.0625,8.899618721008302,0.0,12.5,6.25,0.0,0.0,6.25,0.0,0.0,6.25,6.25,0.0,6.25,6.25,0.0,12.5,18.75,0.0,12.5,0.0,6.25,1
12,1,-0.03333333333333335,1441.6749,0.16666666666666669,8.512357139587401,16.666666666666668,0.0,0.0,8.333333333333334,8.333333333333334,0.0,16.666666666666668,0.0,16.666666666666668,8.333333333333334,0.0,0.0,0.0,0.0,0.0,0.0,0.0,16.666666666666668,0.0,8.333333333333334,0
9,0,-1.0444444444444445,958.0040000000001,0.1111111111111111,5.524318122863768,0.0,0.0,0.0,0.0,0.0,22.22222222222222,0.0,0.0,0.0,0.0,11.11111111111111,11.11111111111111,0.0,11.11111111111111,0.0,11.11111111111111,22.22222222222222,0.0,0.0,11.11111111111111,0
15,3,-1.4533333333333334,1830.1210999999998,0.0,10.903489494323729,13.333333333333334,0.0,0.0,13.333333333333334,0.0,0.0,0.0,6.666666666666667,13.333333333333334,0.0,6.666666666666667,6.666666666666667,0.0,6.666666666666667,20.0,0.0,6.666666666666667,6.666666666666667,0.0,0.0,0
36,-2,-0.5222222222222223,4443.9534,0.1388888888888889,6.159436988830565,0.0,5.555555555555555,5.555555555555555,5.555555555555555,5.555555555555555,0.0,13.88888888888889,8.333333333333334,2.7777777777777777,2.7777777777777777,2.7777777777777777,2.7777777777777777,2.7777777777777777,8.333333333333334,2.7777777777777777,5.555555555555555,8.333333333333334,8.333333333333334,2.7777777777777777,5.555555555555555,0
11,-1,-0.07272727272727272,1248.4461,0.0,4.370429801940918,0.0,0.0,9.090909090909092,9.090909090909092,0.0,9.090909090909092,0.0,27.272727272727273,9.090909090909092,0.0,9.090909090909092,0.0,0.0,9.090909090909092,0.0,0.0,18.181818181818183,0.0,0.0,0.0,0
20,-2,0.825,2470.9701999999997,0.15000000000000002,5.219092750549315,5.0,0.0,0.0,10.0,5.0,0.0,10.0,10.0,0.0,15.0,15.0,0.0,5.0,0.0,0.0,10.0,0.0,5.0,10.0,0.0,0
21,-2,-0.14761904761904762,2435.7491999999997,0.14285714285714285,4.252602577209472,4.761904761904762,9.523809523809524,0.0,14.285714285714286,4.761904761904762,4.761904761904762,0.0,9.523809523809524,4.761904761904762,0.0,4.761904761904762,9.523809523809524,4.761904761904762,0.0,0.0,4.761904761904762,9.523809523809524,4.761904761904762,4.761904761904762,4.761904761904762,0
21,-2,0.8428571428571429,2275.6675,0.09523809523809523,4.507184410095214,23.80952380952381,4.761904761904762,0.0,9.523809523809524,4.761904761904762,4.761904761904762,4.761904761904762,9.523809523809524,0.0,4.761904761904762,9.523809523809524,0.0,4.761904761904762,4.761904761904762,0.0,4.761904761904762,0.0,4.761904761904762,4.761904761904762,0.0,0
11,1,0.10909090909090903,1288.5643,0.09090909090909091,8.23965587615967,9.090909090909092,9.090909090909092,0.0,0.0,9.090909090909092,9.090909090909092,18.181818181818183,9.090909090909092,9.090909090909092,0.0,18.181818181818183,9.090909090909092,0.0,0.0,0.0,0.0,0.0,0.0,0.0,0.0,0
36,-4,-0.22500000000000003,4452.1011,0.16666666666666666,5.27019100189209,8.333333333333334,2.7777777777777777,5.555555555555555,11.11111111111111,11.11111111111111,0.0,11.11111111111111,2.7777777777777777,2.7777777777777777,5.555555555555555,11.11111111111111,2.7777777777777777,5.555555555555555,2.7777777777777777,2.7777777777777777,0.0,2.7777777777777777,5.555555555555555,2.7777777777777777,2.7777777777777777,0
20,2,0.075,2346.8098999999997,0.1,9.527734184265139,0.0,0.0,5.0,0.0,0.0,5.0,5.0,5.0,15.0,15.0,0.0,5.0,10.0,5.0,0.0,0.0,0.0,20.0,5.0,5.0,0
44,2,-0.375,4573.0094,0.11363636363636363,8.492178535461427,13.636363636363637,9.090909090909092,2.272727272727273,0.0,0.0,18.181818181818183,4.545454545454546,4.545454545454546,6.818181818181818,0.0,0.0,13.636363636363637,0.0,0.0,0.0,2.272727272727273,9.090909090909092,4.545454545454546,6.818181818181818,4.545454545454546,1
29,-1,0.05172413793103447,3598.0906000000004,0.24137931034482757,5.380856513977051,6.896551724137931,0.0,6.896551724137931,3.4482758620689653,3.4482758620689653,3.4482758620689653,3.4482758620689653,6.896551724137931,3.4482758620689653,6.896551724137931,3.4482758620689653,3.4482758620689653,3.4482758620689653,0.0,3.4482758620689653,3.4482758620689653,6.896551724137931,10.344827586206897,13.793103448275861,6.896551724137931,0
6,3,-2.0833333333333335,1006.166,0.5,11.999967765808105,0.0,0.0,0.0,0.0,16.666666666666668,0.0,0.0,0.0,0.0,0.0,0.0,0.0,0.0,0.0,50.0,0.0,0.0,0.0,33.333333333333336,0.0,1
10,-1,-0.06000000000000003,1227.4548,0.1,5.240236854553221,0.0,0.0,0.0,10.0,0.0,10.0,10.0,10.0,0.0,0.0,20.0,0.0,10.0,10.0,0.0,0.0,0.0,10.0,10.0,0.0,0
112,-11,-0.6062500000000001,13628.137499999999,0.1517857142857143,5.021236228942871,1.7857142857142858,4.464285714285714,8.928571428571429,8.035714285714286,3.5714285714285716,5.357142857142857,8.035714285714286,5.357142857142857,2.6785714285714284,3.5714285714285716,5.357142857142857,3.5714285714285716,3.5714285714285716,3.5714285714285716,4.464285714285714,6.25,1.7857142857142858,8.035714285714286,8.035714285714286,3.5714285714285716,0
24,4,1.0666666666666667,2547.2155,0.08333333333333334,9.59536151885986,12.5,8.333333333333334,0.0,0.0,4.166666666666667,8.333333333333334,0.0,16.666666666666668,16.666666666666668,8.333333333333334,0.0,0.0,8.333333333333334,0.0,0.0,0.0,4.166666666666667,8.333333333333334,0.0,4.166666666666667,1
49,3,-0.8489795918367348,5613.2366999999995,0.12244897959183673,8.514097785949708,6.122448979591836,16.3265306122449,2.0408163265306123,4.081632653061225,4.081632653061225,10.204081632653061,6.122448979591836,0.0,6.122448979591836,4.081632653061225,0.0,12.244897959183673,0.0,2.0408163265306123,6.122448979591836,4.081632653061225,8.16326530612245,0.0,6.122448979591836,2.0408163265306123,1
11,1,-1.6181818181818182,1228.3124,0.0,8.598357963562016,9.090909090909092,0.0,9.090909090909092,0.0,0.0,0.0,9.090909090909092,0.0,18.181818181818183,0.0,0.0,0.0,0.0,18.181818181818183,0.0,18.181818181818183,9.090909090909092,9.090909090909092,0.0,0.0,0
26,6,-0.25000000000000006,3062.6105,0.15384615384615385,11.999967765808105,3.8461538461538463,0.0,0.0,0.0,11.538461538461538,0.0,3.8461538461538463,3.8461538461538463,15.384615384615385,7.6923076923076925,0.0,0.0,7.6923076923076925,0.0,7.6923076923076925,15.384615384615385,11.538461538461538,7.6923076923076925,3.8461538461538463,0.0,1
26,-3,-1.080769230769231,2754.8266999999996,0.11538461538461539,4.30830478668213,7.6923076923076925,0.0,7.6923076923076925,7.6923076923076925,3.8461538461538463,15.384615384615385,3.8461538461538463,0.0,3.8461538461538463,7.6923076923076925,0.0,7.6923076923076925,7.6923076923076925,3.8461538461538463,0.0,11.538461538461538,3.8461538461538463,0.0,0.0,7.6923076923076925,0
13,5,-1.4769230769230768,1880.2888,0.3076923076923077,11.999967765808105,0.0,0.0,0.0,0.0,0.0,0.0,0.0,7.6923076923076925,23.076923076923077,7.6923076923076925,0.0,0.0,15.384615384615385,0.0,15.384615384615385,0.0,0.0,0.0,30.76923076923077,0.0,1
15,-1,-0.38,1707.837,0.13333333333333333,4.0500284194946286,0.0,0.0,6.666666666666667,0.0,0.0,13.333333333333334,0.0,6.666666666666667,0.0,13.333333333333334,0.0,13.333333333333334,0.0,13.333333333333334,0.0,6.666666666666667,6.666666666666667,6.666666666666667,6.666666666666667,6.666666666666667,1
38,7,-0.5815789473684211,4291.1364,0.052631578947368425,10.46130084991455,2.6315789473684212,0.0,0.0,7.894736842105263,5.2631578947368425,13.157894736842104,0.0,10.526315789473685,21.05263157894737,13.157894736842104,0.0,2.6315789473684212,5.2631578947368425,7.894736842105263,5.2631578947368425,2.6315789473684212,0.0,2.6315789473684212,0.0,0.0,1
35,7,-0.13142857142857142,3799.5307999999995,0.11428571428571428,10.301354789733885,20.0,0.0,0.0,2.857142857142857,8.571428571428571,8.571428571428571,0.0,0.0,22.857142857142858,5.714285714285714,2.857142857142857,2.857142857142857,0.0,8.571428571428571,0.0,0.0,2.857142857142857,11.428571428571429,0.0,2.857142857142857,1
13,1,1.6999999999999997,1376.6842,0.15384615384615385,8.750052070617677,15.384615384615385,0.0,0.0,0.0,15.384615384615385,15.384615384615385,0.0,23.076923076923077,7.6923076923076925,15.384615384615385,0.0,7.6923076923076925,0.0,0.0,0.0,0.0,0.0,0.0,0.0,0.0,1
17,1,-1.6352941176470588,1881.0567999999998,0.0,8.577985954284667,5.882352941176471,0.0,5.882352941176471,0.0,0.0,5.882352941176471,11.764705882352942,0.0,11.764705882352942,5.882352941176471,0.0,11.764705882352942,17.647058823529413,11.764705882352942,0.0,0.0,5.882352941176471,5.882352941176471,0.0,0.0,0
20,7,-0.6100000000000001,2452.9785,0.2,10.778420829772951,5.0,0.0,0.0,0.0,15.0,0.0,5.0,5.0,35.0,10.0,0.0,0.0,0.0,0.0,0.0,15.0,5.0,0.0,5.0,0.0,1
13,6,-1.3923076923076925,1995.4207,0.46153846153846156,11.999967765808105,0.0,0.0,0.0,0.0,15.384615384615385,0.0,0.0,7.6923076923076925,30.76923076923077,0.0,0.0,0.0,0.0,0.0,15.384615384615385,0.0,0.0,0.0,30.76923076923077,0.0,1
31,2,-0.04838709677419355,3360.9421,0.06451612903225806,8.787637138366701,9.67741935483871,6.451612903225806,3.225806451612903,6.451612903225806,3.225806451612903,6.451612903225806,0.0,9.67741935483871,16.129032258064516,6.451612903225806,0.0,6.451612903225806,6.451612903225806,0.0,0.0,6.451612903225806,3.225806451612903,6.451612903225806,3.225806451612903,0.0,1
16,6,-0.15000000000000002,2077.6076,0.0625,11.744350624084472,0.0,0.0,0.0,0.0,0.0,0.0,6.25,37.5,18.75,6.25,0.0,6.25,0.0,0.0,18.75,0.0,0.0,0.0,0.0,6.25,1
21,-2,0.9285714285714286,2516.0074,0.14285714285714285,4.0500284194946286,4.761904761904762,9.523809523809524,14.285714285714286,0.0,4.761904761904762,0.0,0.0,14.285714285714286,0.0,0.0,14.285714285714286,0.0,0.0,4.761904761904762,4.761904761904762,4.761904761904762,0.0,14.285714285714286,0.0,9.523809523809524,0
14,2,-0.5,1584.837,0.14285714285714288,9.70070285797119,7.142857142857143,0.0,0.0,0.0,0.0,14.285714285714286,0.0,0.0,7.142857142857143,14.285714285714286,7.142857142857143,7.142857142857143,7.142857142857143,0.0,7.142857142857143,0.0,14.285714285714286,0.0,0.0,14.285714285714286,1
8,3,-0.18749999999999997,1156.425,0.25,11.999967765808105,0.0,0.0,0.0,0.0,0.0,0.0,0.0,25.0,12.5,0.0,0.0,0.0,0.0,0.0,25.0,0.0,0.0,12.5,25.0,0.0,1
23,8,-0.36521739130434777,2541.1715,0.08695652173913043,10.845339012145995,8.695652173913043,0.0,0.0,0.0,4.3478260869565215,13.043478260869565,0.0,13.043478260869565,34.78260869565217,4.3478260869565215,0.0,0.0,4.3478260869565215,0.0,0.0,0.0,8.695652173913043,4.3478260869565215,4.3478260869565215,0.0,1
14,1,0.2785714285714285,1656.9013,0.2142857142857143,8.206196784973145,14.285714285714286,7.142857142857143,0.0,0.0,7.142857142857143,0.0,7.142857142857143,14.285714285714286,0.0,0.0,0.0,0.0,7.142857142857143,0.0,7.142857142857143,0.0,21.428571428571427,0.0,0.0,14.285714285714286,0
11,5,0.18181818181818177,1405.8548,0.18181818181818182,10.602486610412598,0.0,0.0,0.0,0.0,18.181818181818183,0.0,0.0,9.090909090909092,45.45454545454545,27.272727272727273,0.0,0.0,0.0,0.0,0.0,0.0,0.0,0.0,0.0,0.0,1
39,5,-0.6923076923076923,4259.8306,0.07692307692307693,10.288847923278805,10.256410256410257,0.0,5.128205128205129,0.0,0.0,15.384615384615385,2.5641025641025643,7.6923076923076925,12.820512820512821,0.0,5.128205128205129,7.6923076923076925,0.0,5.128205128205129,5.128205128205129,7.6923076923076925,0.0,7.6923076923076925,5.128205128205129,2.5641025641025643,1
20,8,-0.8950000000000001,2510.0729,0.2,10.845339012145995,0.0,0.0,0.0,0.0,15.0,0.0,5.0,5.0,40.0,10.0,0.0,0.0,0.0,0.0,0.0,15.0,5.0,0.0,5.0,0.0,1
15,-1,-0.30666666666666675,1747.9919999999997,0.06666666666666667,5.3206071853637695,0.0,0.0,6.666666666666667,6.666666666666667,6.666666666666667,13.333333333333334,6.666666666666667,6.666666666666667,0.0,13.333333333333334,13.333333333333334,6.666666666666667,0.0,6.666666666666667,6.666666666666667,6.666666666666667,0.0,0.0,0.0,0.0,0
75,3,-0.64,8356.6887,0.05333333333333333,8.577985954284667,5.333333333333333,8.0,2.6666666666666665,8.0,1.3333333333333333,12.0,4.0,5.333333333333333,13.333333333333334,4.0,8.0,6.666666666666667,1.3333333333333333,4.0,1.3333333333333333,2.6666666666666665,5.333333333333333,2.6666666666666665,1.3333333333333333,2.6666666666666665,1
26,6,0.09615384615384616,2920.4928999999997,0.11538461538461539,10.699318122863769,11.538461538461538,0.0,0.0,0.0,7.6923076923076925,0.0,3.8461538461538463,3.8461538461538463,23.076923076923077,11.538461538461538,0.0,0.0,0.0,0.0,0.0,15.384615384615385,11.538461538461538,7.6923076923076925,3.8461538461538463,0.0,1
41,2,-0.7146341463414634,4633.2272,0.0975609756097561,9.111268424987792,2.4390243902439024,2.4390243902439024,2.4390243902439024,4.878048780487805,0.0,12.195121951219512,0.0,2.4390243902439024,7.317073170731708,7.317073170731708,2.4390243902439024,2.4390243902439024,7.317073170731708,9.75609756097561,4.878048780487805,7.317073170731708,7.317073170731708,7.317073170731708,7.317073170731708,2.4390243902439024,0
17,6,-1.6470588235294117,2537.8903999999998,0.4705882352941177,11.999967765808105,0.0,0.0,0.0,0.0,11.764705882352942,17.647058823529413,0.0,0.0,0.0,0.0,0.0,0.0,0.0,0.0,35.294117647058826,0.0,0.0,0.0,35.294117647058826,0.0,1
31,5,-0.5580645161290323,3338.8573,0.03225806451612903,10.564708137512206,12.903225806451612,0.0,0.0,6.451612903225806,0.0,9.67741935483871,0.0,12.903225806451612,16.129032258064516,6.451612903225806,0.0,3.225806451612903,3.225806451612903,3.225806451612903,6.451612903225806,12.903225806451612,3.225806451612903,0.0,3.225806451612903,0.0,1
11,4,-2.127272727272727,1514.7356,0.18181818181818182,11.999967765808105,0.0,0.0,0.0,0.0,9.090909090909092,0.0,0.0,0.0,9.090909090909092,0.0,0.0,9.090909090909092,9.090909090909092,18.181818181818183,27.272727272727273,0.0,0.0,9.090909090909092,9.090909090909092,0.0,1
10,-2,0.9399999999999998,1013.1453999999999,0.1,4.0500284194946286,10.0,20.0,20.0,0.0,10.0,20.0,0.0,0.0,0.0,20.0,0.0,0.0,0.0,0.0,0.0,0.0,0.0,0.0,0.0,0.0,1
21,0,1.3,2146.5319,0.09523809523809523,6.920852088928222,23.80952380952381,0.0,0.0,4.761904761904762,9.523809523809524,9.523809523809524,9.523809523809524,4.761904761904762,4.761904761904762,9.523809523809524,0.0,0.0,4.761904761904762,0.0,0.0,0.0,0.0,19.047619047619047,0.0,0.0,1
37,3,-1.464864864864865,4659.1713,0.16216216216216217,9.819711494445798,2.7027027027027026,0.0,0.0,2.7027027027027026,0.0,5.405405405405405,10.81081081081081,0.0,5.405405405405405,8.108108108108109,8.108108108108109,13.513513513513514,2.7027027027027026,8.108108108108109,5.405405405405405,5.405405405405405,5.405405405405405,0.0,8.108108108108109,8.108108108108109,0
13,2,1.2,1342.6680999999999,0.07692307692307693,10.002737236022949,15.384615384615385,0.0,0.0,0.0,7.6923076923076925,7.6923076923076925,0.0,0.0,15.384615384615385,23.076923076923077,0.0,0.0,7.6923076923076925,0.0,0.0,7.6923076923076925,0.0,15.384615384615385,0.0,0.0,1
36,13,-0.46111111111111114,4157.1683,0.05555555555555555,11.999967765808105,0.0,2.7777777777777777,0.0,0.0,2.7777777777777777,13.88888888888889,0.0,11.11111111111111,19.444444444444443,11.11111111111111,0.0,0.0,8.333333333333334,0.0,16.666666666666668,2.7777777777777777,2.7777777777777777,5.555555555555555,2.7777777777777777,0.0,1
13,2,1.9,1522.9612,0.07692307692307693,11.999967765808105,0.0,0.0,0.0,0.0,7.6923076923076925,7.6923076923076925,0.0,23.076923076923077,0.0,30.76923076923077,0.0,0.0,7.6923076923076925,0.0,15.384615384615385,0.0,0.0,7.6923076923076925,0.0,0.0,1
33,-1,-1.2393939393939393,3840.1621999999998,0.12121212121212122,6.468186378479003,9.090909090909092,9.090909090909092,3.0303030303030303,6.0606060606060606,0.0,6.0606060606060606,12.121212121212121,0.0,3.0303030303030303,0.0,6.0606060606060606,6.0606060606060606,6.0606060606060606,6.0606060606060606,3.0303030303030303,9.090909090909092,3.0303030303030303,0.0,3.0303030303030303,9.090909090909092,0
28,-1,-0.1571428571428572,3309.7756,0.10714285714285715,6.264248085021973,0.0,0.0,7.142857142857143,3.5714285714285716,7.142857142857143,10.714285714285714,10.714285714285714,7.142857142857143,3.5714285714285716,10.714285714285714,7.142857142857143,3.5714285714285716,0.0,7.142857142857143,3.5714285714285716,3.5714285714285716,3.5714285714285716,7.142857142857143,3.5714285714285716,0.0,0
10,0,-1.05,1303.3785,0.30000000000000004,5.552794456481934,0.0,0.0,10.0,0.0,20.0,0.0,0.0,10.0,0.0,0.0,0.0,20.0,0.0,10.0,10.0,10.0,0.0,0.0,0.0,10.0,1
8,0,1.0625,1008.1933000000001,0.25,6.741127204895021,0.0,0.0,0.0,0.0,25.0,0.0,12.5,0.0,0.0,0.0,12.5,0.0,0.0,12.5,0.0,0.0,12.5,25.0,0.0,0.0,0
25,1,-0.64,2943.2756999999997,0.2,10.18002529144287,0.0,0.0,0.0,0.0,8.0,12.0,0.0,0.0,0.0,8.0,8.0,8.0,8.0,12.0,4.0,16.0,4.0,0.0,12.0,0.0,0
34,5,-0.023529411764705924,4145.9463,0.14705882352941177,11.00883083343506,5.882352941176471,2.9411764705882355,0.0,0.0,11.764705882352942,0.0,11.764705882352942,2.9411764705882355,5.882352941176471,5.882352941176471,8.823529411764707,2.9411764705882355,5.882352941176471,2.9411764705882355,8.823529411764707,2.9411764705882355,8.823529411764707,8.823529411764707,0.0,2.9411764705882355,0
26,4,0.4076923076923077,2776.3260999999998,0.038461538461538464,11.999967765808105,7.6923076923076925,0.0,0.0,0.0,0.0,15.384615384615385,0.0,11.538461538461538,7.6923076923076925,15.384615384615385,0.0,0.0,3.8461538461538463,7.6923076923076925,7.6923076923076925,3.8461538461538463,7.6923076923076925,7.6923076923076925,3.8461538461538463,0.0,1
26,3,0.34615384615384615,2785.3376999999996,0.038461538461538464,11.999967765808105,7.6923076923076925,0.0,0.0,0.0,0.0,11.538461538461538,3.8461538461538463,15.384615384615385,3.8461538461538463,3.8461538461538463,0.0,3.8461538461538463,19.23076923076923,3.8461538461538463,7.6923076923076925,0.0,0.0,15.384615384615385,3.8461538461538463,0.0,1
43,4,-0.4116279069767442,4642.3318,0.06976744186046512,8.731291770935059,6.976744186046512,18.6046511627907,4.651162790697675,0.0,2.3255813953488373,11.627906976744185,2.3255813953488373,2.3255813953488373,9.30232558139535,6.976744186046512,0.0,9.30232558139535,2.3255813953488373,2.3255813953488373,4.651162790697675,4.651162790697675,6.976744186046512,0.0,2.3255813953488373,2.3255813953488373,1
15,1,0.7333333333333333,1748.0981000000002,0.13333333333333333,7.957929039001465,6.666666666666667,20.0,0.0,6.666666666666667,13.333333333333334,0.0,0.0,6.666666666666667,6.666666666666667,0.0,0.0,0.0,0.0,6.666666666666667,6.666666666666667,0.0,13.333333333333334,13.333333333333334,0.0,0.0,0
14,0,-0.33571428571428574,1458.5398999999998,0.07142857142857144,7.0631200790405275,50.0,0.0,0.0,0.0,7.142857142857143,0.0,21.428571428571427,0.0,0.0,0.0,0.0,0.0,0.0,21.428571428571427,0.0,0.0,0.0,0.0,0.0,0.0,1
21,1,0.6523809523809524,2304.7484,0.09523809523809523,8.59094409942627,4.761904761904762,0.0,4.761904761904762,0.0,4.761904761904762,14.285714285714286,0.0,14.285714285714286,9.523809523809524,14.285714285714286,4.761904761904762,4.761904761904762,0.0,4.761904761904762,0.0,4.761904761904762,4.761904761904762,4.761904761904762,4.761904761904762,0.0,1
26,-4,-0.6961538461538462,3181.5289,0.23076923076923078,4.228389167785645,11.538461538461538,3.8461538461538463,15.384615384615385,7.6923076923076925,3.8461538461538463,3.8461538461538463,3.8461538461538463,3.8461538461538463,7.6923076923076925,0.0,7.6923076923076925,0.0,7.6923076923076925,0.0,0.0,0.0,0.0,3.8461538461538463,7.6923076923076925,11.538461538461538,0
30,3,0.21333333333333335,3083.6283000000003,0.0,9.306994438171387,20.0,6.666666666666667,3.3333333333333335,3.3333333333333335,0.0,6.666666666666667,3.3333333333333335,3.3333333333333335,13.333333333333334,13.333333333333334,0.0,3.3333333333333335,0.0,0.0,3.3333333333333335,3.3333333333333335,10.0,6.666666666666667,0.0,0.0,1
11,3,0.09999999999999996,1423.744,0.36363636363636365,10.302063941955566,9.090909090909092,0.0,0.0,0.0,18.181818181818183,9.090909090909092,0.0,0.0,27.272727272727273,18.181818181818183,0.0,0.0,0.0,0.0,0.0,0.0,0.0,0.0,18.181818181818183,0.0,1
15,3,0.7133333333333333,1645.038,0.06666666666666667,10.302063941955566,6.666666666666667,0.0,0.0,0.0,6.666666666666667,6.666666666666667,0.0,0.0,20.0,33.333333333333336,0.0,6.666666666666667,0.0,0.0,0.0,6.666666666666667,6.666666666666667,6.666666666666667,0.0,0.0,1
25,2,-1.092,3022.3559999999998,0.2,9.046993446350097,8.0,4.0,4.0,4.0,4.0,8.0,8.0,4.0,12.0,0.0,0.0,4.0,4.0,4.0,4.0,4.0,4.0,4.0,8.0,8.0,0
118,5,-0.4957627118644068,13091.9329,0.0847457627118644,8.753726768493653,3.389830508474576,8.474576271186441,4.237288135593221,3.389830508474576,2.542372881355932,13.559322033898304,0.0,5.932203389830509,5.084745762711864,6.779661016949152,1.694915254237288,5.084745762711864,7.627118644067797,8.474576271186441,6.779661016949152,4.237288135593221,3.389830508474576,3.389830508474576,4.237288135593221,1.694915254237288,1
6,-2,-0.39999999999999997,680.7033,0.16666666666666669,4.2404390335083,16.666666666666668,0.0,0.0,33.333333333333336,0.0,16.666666666666668,0.0,16.666666666666668,0.0,0.0,0.0,0.0,0.0,0.0,0.0,0.0,0.0,0.0,0.0,16.666666666666668,0
14,-2,-0.5285714285714286,1594.7872,0.07142857142857144,4.353093910217285,7.142857142857143,7.142857142857143,7.142857142857143,7.142857142857143,0.0,0.0,7.142857142857143,0.0,0.0,0.0,14.285714285714286,7.142857142857143,14.285714285714286,0.0,0.0,7.142857142857143,7.142857142857143,7.142857142857143,0.0,7.142857142857143,0
19,3,-0.5210526315789474,2346.7522,0.10526315789473685,10.903553962707516,5.2631578947368425,0.0,0.0,5.2631578947368425,5.2631578947368425,0.0,5.2631578947368425,5.2631578947368425,5.2631578947368425,10.526315789473685,5.2631578947368425,0.0,5.2631578947368425,5.2631578947368425,15.789473684210526,5.2631578947368425,10.526315789473685,5.2631578947368425,0.0,5.2631578947368425,0
12,5,-1.4833333333333334,1652.0023999999999,0.16666666666666669,11.724107551574708,0.0,8.333333333333334,0.0,0.0,8.333333333333334,0.0,0.0,0.0,16.666666666666668,0.0,8.333333333333334,8.333333333333334,0.0,8.333333333333334,25.0,0.0,0.0,8.333333333333334,8.333333333333334,0.0,1
20,7,-0.7100000000000001,2410.8988,0.2,10.778420829772951,10.0,0.0,0.0,0.0,15.0,0.0,5.0,5.0,35.0,5.0,0.0,0.0,0.0,0.0,0.0,15.0,5.0,0.0,5.0,0.0,1
9,0,0.28888888888888886,1083.28,0.1111111111111111,6.847700309753418,0.0,0.0,0.0,11.11111111111111,11.11111111111111,0.0,11.11111111111111,22.22222222222222,11.11111111111111,11.11111111111111,0.0,0.0,11.11111111111111,0.0,0.0,11.11111111111111,0.0,0.0,0.0,0.0,1
45,1,-0.5599999999999999,5418.188499999999,0.17777777777777778,7.894556617736816,4.444444444444445,6.666666666666667,6.666666666666667,4.444444444444445,2.2222222222222223,6.666666666666667,0.0,6.666666666666667,6.666666666666667,6.666666666666667,4.444444444444445,4.444444444444445,4.444444444444445,4.444444444444445,6.666666666666667,2.2222222222222223,4.444444444444445,2.2222222222222223,2.2222222222222223,13.333333333333334,0
14,4,-0.4000000000000001,1758.2072999999998,0.0,10.477804756164549,0.0,0.0,0.0,0.0,0.0,0.0,28.571428571428573,0.0,28.571428571428573,42.857142857142854,0.0,0.0,0.0,0.0,0.0,0.0,0.0,0.0,0.0,0.0,1
6,0,-0.2833333333333334,766.8652999999999,0.16666666666666669,5.82937297821045,0.0,16.666666666666668,16.666666666666668,0.0,16.666666666666668,0.0,0.0,16.666666666666668,0.0,0.0,0.0,16.666666666666668,0.0,0.0,16.666666666666668,0.0,0.0,0.0,0.0,0.0,0
17,1,1.1588235294117646,1934.3243000000002,0.23529411764705885,8.757208061218265,5.882352941176471,0.0,0.0,0.0,23.529411764705884,5.882352941176471,5.882352941176471,0.0,5.882352941176471,29.41176470588235,0.0,0.0,11.764705882352942,0.0,0.0,11.764705882352942,0.0,0.0,0.0,0.0,1
17,-2,-1.3941176470588235,1982.1772999999998,0.0,4.407431983947753,5.882352941176471,5.882352941176471,5.882352941176471,17.647058823529413,0.0,0.0,0.0,0.0,5.882352941176471,0.0,11.764705882352942,11.764705882352942,5.882352941176471,5.882352941176471,5.882352941176471,5.882352941176471,5.882352941176471,5.882352941176471,0.0,0.0,0
15,4,-0.7933333333333333,1598.8869,0.06666666666666667,10.477289009094235,0.0,0.0,0.0,0.0,0.0,20.0,0.0,6.666666666666667,26.666666666666668,6.666666666666667,0.0,6.666666666666667,6.666666666666667,0.0,0.0,13.333333333333334,0.0,6.666666666666667,6.666666666666667,0.0,1
19,8,-1.2263157894736842,2368.9517,0.052631578947368425,11.301130485534667,0.0,0.0,0.0,5.2631578947368425,5.2631578947368425,5.2631578947368425,0.0,15.789473684210526,36.8421052631579,10.526315789473685,0.0,5.2631578947368425,0.0,5.2631578947368425,10.526315789473685,0.0,0.0,0.0,0.0,0.0,1
29,3,0.1517241379310345,3011.5820000000003,0.034482758620689655,9.243170738220215,13.793103448275861,6.896551724137931,6.896551724137931,0.0,3.4482758620689653,10.344827586206897,0.0,3.4482758620689653,17.24137931034483,10.344827586206897,3.4482758620689653,6.896551724137931,0.0,0.0,0.0,0.0,10.344827586206897,6.896551724137931,0.0,0.0,1
14,-3,-0.45000000000000007,1782.0214999999998,0.2142857142857143,4.0500284194946286,7.142857142857143,7.142857142857143,0.0,21.428571428571427,7.142857142857143,0.0,0.0,7.142857142857143,0.0,0.0,14.285714285714286,0.0,7.142857142857143,14.285714285714286,0.0,0.0,0.0,0.0,0.0,14.285714285714286,0
37,-3,-0.2918918918918919,4406.7954,0.2162162162162162,4.177575111389159,5.405405405405405,2.7027027027027026,5.405405405405405,8.108108108108109,10.81081081081081,5.405405405405405,0.0,2.7027027027027026,0.0,5.405405405405405,0.0,8.108108108108109,2.7027027027027026,8.108108108108109,5.405405405405405,5.405405405405405,2.7027027027027026,10.81081081081081,2.7027027027027026,8.108108108108109,0
13,0,-0.776923076923077,1741.9642,0.3076923076923077,6.00136775970459,7.6923076923076925,0.0,0.0,7.6923076923076925,7.6923076923076925,0.0,0.0,0.0,0.0,7.6923076923076925,7.6923076923076925,7.6923076923076925,7.6923076923076925,7.6923076923076925,7.6923076923076925,0.0,7.6923076923076925,0.0,15.384615384615385,7.6923076923076925,0
9,-2,-2.0555555555555554,1435.498,0.5555555555555556,4.0500284194946286,0.0,0.0,11.11111111111111,11.11111111111111,0.0,0.0,0.0,0.0,0.0,0.0,0.0,11.11111111111111,0.0,11.11111111111111,0.0,0.0,0.0,0.0,55.55555555555556,0.0,1
17,6,-1.6470588235294117,2537.8903999999998,0.4705882352941177,11.999967765808105,0.0,0.0,0.0,0.0,11.764705882352942,17.647058823529413,0.0,0.0,0.0,0.0,0.0,0.0,0.0,0.0,35.294117647058826,0.0,0.0,0.0,35.294117647058826,0.0,1
12,-3,-0.5416666666666666,1494.6234,0.16666666666666669,4.414195823669434,0.0,8.333333333333334,8.333333333333334,16.666666666666668,8.333333333333334,0.0,8.333333333333334,16.666666666666668,0.0,0.0,0.0,0.0,8.333333333333334,8.333333333333334,0.0,0.0,8.333333333333334,0.0,0.0,8.333333333333334,0
46,-3,-0.908695652173913,5596.4397,0.10869565217391304,5.137074089050292,2.1739130434782608,6.521739130434782,10.869565217391305,10.869565217391305,0.0,4.3478260869565215,4.3478260869565215,0.0,15.217391304347826,4.3478260869565215,10.869565217391305,0.0,2.1739130434782608,4.3478260869565215,0.0,4.3478260869565215,0.0,8.695652173913043,6.521739130434782,4.3478260869565215,0
9,-3,-0.5444444444444445,1018.0344,0.1111111111111111,4.0500284194946286,11.11111111111111,0.0,22.22222222222222,11.11111111111111,0.0,11.11111111111111,11.11111111111111,11.11111111111111,0.0,0.0,0.0,0.0,0.0,0.0,0.0,0.0,0.0,11.11111111111111,0.0,11.11111111111111,0
10,3,-1.27,1306.4754,0.2,11.999967765808105,0.0,0.0,0.0,0.0,10.0,10.0,0.0,0.0,0.0,0.0,0.0,0.0,0.0,10.0,30.0,0.0,20.0,10.0,10.0,0.0,0
19,-1,0.026315789473684154,2249.5887,0.15789473684210528,5.987612724304199,0.0,10.526315789473685,5.2631578947368425,0.0,10.526315789473685,0.0,10.526315789473685,5.2631578947368425,0.0,5.2631578947368425,5.2631578947368425,5.2631578947368425,15.789473684210526,5.2631578947368425,0.0,5.2631578947368425,5.2631578947368425,5.2631578947368425,0.0,5.2631578947368425,0
22,2,-0.30454545454545456,2544.9447,0.09090909090909091,9.69683475494385,4.545454545454546,0.0,4.545454545454546,4.545454545454546,4.545454545454546,9.090909090909092,0.0,18.181818181818183,13.636363636363637,9.090909090909092,0.0,9.090909090909092,0.0,4.545454545454546,4.545454545454546,4.545454545454546,4.545454545454546,0.0,4.545454545454546,0.0,1
13,-1,-0.7230769230769231,1648.8145,0.3076923076923077,5.239838981628417,15.384615384615385,7.6923076923076925,0.0,7.6923076923076925,0.0,0.0,7.6923076923076925,0.0,0.0,0.0,7.6923076923076925,0.0,7.6923076923076925,7.6923076923076925,0.0,7.6923076923076925,0.0,0.0,7.6923076923076925,23.076923076923077,0
26,5,0.27307692307692305,2847.4471,0.038461538461538464,11.999967765808105,7.6923076923076925,0.0,0.0,0.0,0.0,11.538461538461538,0.0,11.538461538461538,11.538461538461538,15.384615384615385,0.0,0.0,3.8461538461538463,7.6923076923076925,7.6923076923076925,3.8461538461538463,7.6923076923076925,7.6923076923076925,3.8461538461538463,0.0,1
12,2,-0.9250000000000002,1604.8763999999999,0.16666666666666669,10.737290000915529,0.0,0.0,0.0,8.333333333333334,8.333333333333334,0.0,8.333333333333334,0.0,0.0,8.333333333333334,8.333333333333334,0.0,8.333333333333334,0.0,25.0,0.0,8.333333333333334,8.333333333333334,0.0,8.333333333333334,0
12,-1,-0.18333333333333335,1538.7006,0.33333333333333337,4.0500284194946286,8.333333333333334,16.666666666666668,8.333333333333334,0.0,0.0,0.0,0.0,0.0,0.0,8.333333333333334,0.0,8.333333333333334,0.0,0.0,0.0,0.0,16.666666666666668,0.0,16.666666666666668,16.666666666666668,0
18,1,-0.7333333333333333,2141.4062,0.22222222222222224,8.49804515838623,5.555555555555555,0.0,0.0,5.555555555555555,0.0,16.666666666666668,0.0,0.0,11.11111111111111,5.555555555555555,5.555555555555555,11.11111111111111,0.0,0.0,0.0,0.0,11.11111111111111,5.555555555555555,16.666666666666668,5.555555555555555,0
18,3,0.5944444444444444,1912.3455,0.05555555555555555,9.790184974670407,16.666666666666668,5.555555555555555,0.0,0.0,0.0,11.11111111111111,0.0,0.0,16.666666666666668,27.77777777777778,0.0,11.11111111111111,0.0,0.0,0.0,0.0,0.0,5.555555555555555,5.555555555555555,0.0,1
25,-2,-0.29200000000000004,2906.2987,0.12,4.3530370712280275,0.0,12.0,4.0,4.0,4.0,8.0,4.0,0.0,0.0,4.0,12.0,12.0,4.0,4.0,0.0,4.0,12.0,4.0,8.0,0.0,0
16,0,-0.78125,1736.9218,0.0,5.80675106048584,0.0,12.5,0.0,12.5,0.0,0.0,0.0,0.0,6.25,0.0,0.0,6.25,12.5,0.0,6.25,18.75,12.5,12.5,0.0,0.0,0
39,-5,-0.34871794871794876,4686.2001,0.15384615384615385,4.985825538635253,7.6923076923076925,2.5641025641025643,5.128205128205129,12.820512820512821,10.256410256410257,2.5641025641025643,10.256410256410257,5.128205128205129,2.5641025641025643,7.6923076923076925,2.5641025641025643,5.128205128205129,5.128205128205129,2.5641025641025643,2.5641025641025643,0.0,5.128205128205129,5.128205128205129,2.5641025641025643,2.5641025641025643,0
21,2,1.2523809523809524,2023.4624,0.047619047619047616,8.9037446975708,4.761904761904762,9.523809523809524,0.0,0.0,4.761904761904762,23.80952380952381,0.0,9.523809523809524,9.523809523809524,14.285714285714286,0.0,0.0,0.0,0.0,0.0,9.523809523809524,4.761904761904762,9.523809523809524,0.0,0.0,1
22,6,-1.6090909090909091,2444.8161,0.0,10.56103343963623,9.090909090909092,4.545454545454546,0.0,9.090909090909092,0.0,13.636363636363637,0.0,4.545454545454546,22.727272727272727,4.545454545454546,0.0,4.545454545454546,0.0,4.545454545454546,13.636363636363637,9.090909090909092,0.0,0.0,0.0,0.0,1
11,5,-0.8363636363636363,1271.5955,0.0,11.33375148773193,0.0,0.0,0.0,0.0,0.0,9.090909090909092,0.0,18.181818181818183,36.36363636363637,9.090909090909092,0.0,0.0,0.0,0.0,9.090909090909092,9.090909090909092,9.090909090909092,0.0,0.0,0.0,1
11,3,-0.33636363636363636,1386.6842,0.09090909090909091,11.16626262664795,0.0,0.0,0.0,0.0,9.090909090909092,0.0,0.0,9.090909090909092,18.181818181818183,18.181818181818183,0.0,9.090909090909092,0.0,18.181818181818183,9.090909090909092,0.0,0.0,9.090909090909092,0.0,0.0,1
21,6,-0.9666666666666667,2371.8065,0.047619047619047616,11.744350624084472,9.523809523809524,0.0,0.0,0.0,0.0,9.523809523809524,0.0,9.523809523809524,14.285714285714286,0.0,4.761904761904762,4.761904761904762,9.523809523809524,4.761904761904762,14.285714285714286,4.761904761904762,4.761904761904762,4.761904761904762,0.0,4.761904761904762,1
37,4,0.5243243243243243,3795.5819,0.05405405405405405,9.5143892288208,10.81081081081081,5.405405405405405,2.7027027027027026,2.7027027027027026,5.405405405405405,16.216216216216218,0.0,5.405405405405405,16.216216216216218,10.81081081081081,2.7027027027027026,2.7027027027027026,0.0,2.7027027027027026,0.0,2.7027027027027026,2.7027027027027026,10.81081081081081,0.0,0.0,1
14,-4,-0.9285714285714286,1504.4875,0.14285714285714288,4.0500284194946286,0.0,7.142857142857143,14.285714285714286,14.285714285714286,0.0,21.428571428571427,0.0,0.0,0.0,0.0,0.0,0.0,0.0,0.0,0.0,14.285714285714286,7.142857142857143,7.142857142857143,7.142857142857143,7.142857142857143,0
7,4,-2.4285714285714284,1162.3517,0.4285714285714286,11.999967765808105,0.0,0.0,0.0,0.0,14.285714285714286,0.0,0.0,0.0,0.0,0.0,0.0,0.0,0.0,0.0,57.142857142857146,0.0,0.0,0.0,28.571428571428573,0.0,1
12,4,0.2333333333333333,1443.8597,0.16666666666666669,10.477740287780762,0.0,0.0,0.0,0.0,16.666666666666668,0.0,0.0,0.0,33.333333333333336,16.666666666666668,0.0,0.0,16.666666666666668,0.0,0.0,0.0,0.0,16.666666666666668,0.0,0.0,1
26,-1,-0.4423076923076924,3118.589,0.11538461538461539,5.986191749572753,3.8461538461538463,3.8461538461538463,11.538461538461538,0.0,3.8461538461538463,3.8461538461538463,7.6923076923076925,3.8461538461538463,7.6923076923076925,7.6923076923076925,11.538461538461538,3.8461538461538463,3.8461538461538463,7.6923076923076925,0.0,7.6923076923076925,0.0,3.8461538461538463,7.6923076923076925,0.0,0
14,6,-1.9142857142857144,2366.7365,0.5714285714285714,11.999967765808105,0.0,0.0,0.0,0.0,14.285714285714286,0.0,0.0,0.0,0.0,0.0,0.0,0.0,0.0,0.0,42.857142857142854,0.0,0.0,0.0,42.857142857142854,0.0,1
16,-2,-0.18125000000000002,1936.17,0.1875,4.0500284194946286,6.25,12.5,0.0,12.5,0.0,0.0,0.0,12.5,0.0,0.0,0.0,0.0,12.5,6.25,0.0,12.5,6.25,0.0,18.75,0.0,0
3,0,0.10000000000000002,277.2744,0.0,5.1849893569946275,33.333333333333336,0.0,0.0,0.0,0.0,0.0,0.0,0.0,0.0,0.0,0.0,0.0,0.0,0.0,0.0,33.333333333333336,33.333333333333336,0.0,0.0,0.0,0
28,-1,-0.8714285714285716,3484.9186,0.14285714285714285,6.047464179992676,0.0,0.0,3.5714285714285716,14.285714285714286,3.5714285714285716,7.142857142857143,7.142857142857143,3.5714285714285716,3.5714285714285716,14.285714285714286,0.0,0.0,10.714285714285714,0.0,10.714285714285714,3.5714285714285716,3.5714285714285716,3.5714285714285716,10.714285714285714,0.0,0
14,1,1.2142857142857142,1475.8368999999998,0.07142857142857144,8.59094409942627,14.285714285714286,0.0,7.142857142857143,0.0,7.142857142857143,14.285714285714286,0.0,14.285714285714286,14.285714285714286,14.285714285714286,7.142857142857143,0.0,0.0,0.0,0.0,0.0,0.0,7.142857142857143,0.0,0.0,1
13,4,-0.43846153846153846,1719.0849999999998,0.15384615384615385,11.723011589050294,0.0,0.0,7.6923076923076925,0.0,15.384615384615385,0.0,0.0,15.384615384615385,15.384615384615385,7.6923076923076925,0.0,0.0,0.0,7.6923076923076925,23.076923076923077,0.0,0.0,7.6923076923076925,0.0,0.0,1
25,-1,-0.16,2942.3523,0.16,5.426100349426269,8.0,4.0,4.0,8.0,4.0,12.0,4.0,8.0,4.0,0.0,8.0,4.0,0.0,4.0,4.0,0.0,4.0,8.0,8.0,4.0,0
16,4,0.41875,1875.3137000000002,0.125,11.712567710876463,25.0,6.25,0.0,0.0,6.25,0.0,0.0,0.0,6.25,6.25,6.25,0.0,6.25,0.0,18.75,0.0,0.0,12.5,6.25,0.0,1
12,0,-0.1416666666666667,1357.5086999999999,0.25,5.834943199157714,0.0,0.0,8.333333333333334,0.0,16.666666666666668,16.666666666666668,0.0,0.0,8.333333333333334,8.333333333333334,0.0,8.333333333333334,8.333333333333334,0.0,0.0,0.0,8.333333333333334,8.333333333333334,0.0,8.333333333333334,0
23,1,-1.2478260869565216,2897.2574,0.08695652173913043,8.755080604553225,4.3478260869565215,0.0,8.695652173913043,4.3478260869565215,0.0,4.3478260869565215,8.695652173913043,8.695652173913043,0.0,0.0,8.695652173913043,0.0,4.3478260869565215,8.695652173913043,17.391304347826086,0.0,8.695652173913043,4.3478260869565215,4.3478260869565215,4.3478260869565215,0
11,1,-0.31818181818181823,1319.4905999999999,0.18181818181818182,8.230888175964356,0.0,9.090909090909092,0.0,0.0,0.0,18.181818181818183,9.090909090909092,18.181818181818183,0.0,0.0,0.0,0.0,0.0,9.090909090909092,9.090909090909092,9.090909090909092,0.0,0.0,9.090909090909092,9.090909090909092,0
46,4,-0.19347826086956524,4798.3803,0.043478260869565216,8.940040397644044,6.521739130434782,13.043478260869565,2.1739130434782608,0.0,0.0,8.695652173913043,2.1739130434782608,6.521739130434782,4.3478260869565215,4.3478260869565215,0.0,6.521739130434782,2.1739130434782608,0.0,6.521739130434782,19.565217391304348,10.869565217391305,2.1739130434782608,2.1739130434782608,2.1739130434782608,1
19,7,-0.3263157894736843,2261.8681,0.0,11.999967765808105,10.526315789473685,0.0,0.0,0.0,0.0,5.2631578947368425,0.0,5.2631578947368425,15.789473684210526,26.31578947368421,5.2631578947368425,0.0,5.2631578947368425,5.2631578947368425,21.05263157894737,0.0,0.0,0.0,0.0,0.0,1
13,3,-0.9615384615384616,1863.1703,0.4615384615384615,11.16626262664795,0.0,0.0,0.0,0.0,7.6923076923076925,7.6923076923076925,0.0,0.0,15.384615384615385,0.0,0.0,0.0,7.6923076923076925,0.0,7.6923076923076925,0.0,7.6923076923076925,7.6923076923076925,38.46153846153846,0.0,1
10,-1,0.45999999999999996,1168.3645999999999,0.1,5.24182834625244,20.0,0.0,0.0,10.0,0.0,0.0,10.0,20.0,0.0,0.0,10.0,0.0,10.0,0.0,0.0,0.0,10.0,0.0,10.0,0.0,0
11,-1,0.6,1197.3592999999998,0.18181818181818182,4.0500284194946286,18.181818181818183,0.0,9.090909090909092,0.0,0.0,18.181818181818183,0.0,9.090909090909092,0.0,9.090909090909092,9.090909090909092,0.0,0.0,0.0,0.0,0.0,9.090909090909092,0.0,9.090909090909092,9.090909090909092,0
16,-1,-1.06875,1991.2069000000001,0.1875,4.556577491760254,6.25,0.0,12.5,6.25,6.25,6.25,0.0,0.0,6.25,6.25,12.5,6.25,0.0,6.25,6.25,6.25,0.0,0.0,6.25,6.25,0
26,-1,-0.15000000000000002,3130.6096,0.19230769230769232,4.781205177307128,7.6923076923076925,3.8461538461538463,7.6923076923076925,3.8461538461538463,0.0,3.8461538461538463,0.0,11.538461538461538,7.6923076923076925,7.6923076923076925,7.6923076923076925,3.8461538461538463,3.8461538461538463,3.8461538461538463,0.0,3.8461538461538463,3.8461538461538463,0.0,3.8461538461538463,15.384615384615385,0
16,2,1.6125,1571.9441000000002,0.0625,10.002737236022949,12.5,0.0,0.0,0.0,6.25,18.75,0.0,12.5,12.5,12.5,0.0,0.0,0.0,0.0,0.0,6.25,0.0,18.75,0.0,0.0,1
25,0,1.188,2585.0944999999997,0.0,7.024071693420409,8.0,0.0,0.0,4.0,0.0,8.0,12.0,4.0,4.0,20.0,0.0,0.0,8.0,0.0,0.0,8.0,0.0,24.0,0.0,0.0,1
8,0,-3.075,990.9745,0.0,6.136530876159667,0.0,0.0,25.0,0.0,0.0,0.0,0.0,0.0,0.0,0.0,0.0,0.0,0.0,25.0,25.0,25.0,0.0,0.0,0.0,0.0,0
15,7,-0.6533333333333334,1968.4767000000002,0.2,11.263738822937015,0.0,0.0,0.0,0.0,13.333333333333334,0.0,0.0,0.0,33.333333333333336,26.666666666666668,0.0,0.0,0.0,0.0,13.333333333333334,6.666666666666667,0.0,0.0,0.0,6.666666666666667,1
15,-2,-0.9533333333333334,1814.929,0.13333333333333333,4.225945091247559,0.0,6.666666666666667,20.0,6.666666666666667,13.333333333333334,6.666666666666667,0.0,6.666666666666667,0.0,0.0,0.0,6.666666666666667,0.0,6.666666666666667,13.333333333333334,0.0,6.666666666666667,6.666666666666667,0.0,0.0,0
32,1,-0.7312500000000001,3666.1287,0.09375,8.043220710754394,3.125,6.25,0.0,9.375,3.125,6.25,3.125,9.375,6.25,0.0,3.125,9.375,9.375,0.0,6.25,9.375,6.25,3.125,3.125,3.125,0
6,1,0.16666666666666666,636.7849,0.0,8.058370780944824,0.0,33.333333333333336,0.0,0.0,0.0,16.666666666666668,0.0,0.0,16.666666666666668,16.666666666666668,0.0,16.666666666666668,0.0,0.0,0.0,0.0,0.0,0.0,0.0,0.0,0
44,3,-0.43409090909090914,4610.1142,0.09090909090909091,8.847528266906739,9.090909090909092,9.090909090909092,2.272727272727273,0.0,0.0,18.181818181818183,6.818181818181818,6.818181818181818,9.090909090909092,0.0,0.0,9.090909090909092,0.0,2.272727272727273,0.0,4.545454545454546,9.090909090909092,4.545454545454546,4.545454545454546,4.545454545454546,1
32,4,-0.11250000000000002,3588.1760000000004,0.0625,8.961637306213383,6.25,18.75,0.0,6.25,0.0,9.375,0.0,3.125,0.0,9.375,0.0,0.0,0.0,0.0,18.75,9.375,9.375,3.125,0.0,6.25,1
15,1,0.2,1742.9904000000001,0.2,8.197493553161618,6.666666666666667,6.666666666666667,0.0,0.0,6.666666666666667,0.0,0.0,6.666666666666667,6.666666666666667,0.0,0.0,6.666666666666667,6.666666666666667,6.666666666666667,0.0,13.333333333333334,6.666666666666667,13.333333333333334,6.666666666666667,6.666666666666667,0
13,1,1.676923076923077,1397.7232999999999,0.15384615384615385,8.750052070617677,15.384615384615385,0.0,0.0,0.0,15.384615384615385,7.6923076923076925,0.0,15.384615384615385,7.6923076923076925,15.384615384615385,7.6923076923076925,0.0,0.0,0.0,0.0,15.384615384615385,0.0,0.0,0.0,0.0,1
26,7,0.09615384615384617,2931.6000999999997,0.07692307692307693,10.778420829772951,3.8461538461538463,0.0,0.0,0.0,3.8461538461538463,0.0,0.0,7.6923076923076925,26.923076923076923,11.538461538461538,0.0,0.0,3.8461538461538463,0.0,0.0,15.384615384615385,11.538461538461538,11.538461538461538,3.8461538461538463,0.0,1
71,-5,-0.4887323943661972,8755.9131,0.15492957746478872,4.924780464172362,4.225352112676056,5.633802816901408,8.450704225352112,8.450704225352112,5.633802816901408,2.816901408450704,4.225352112676056,8.450704225352112,4.225352112676056,4.225352112676056,5.633802816901408,4.225352112676056,2.816901408450704,5.633802816901408,5.633802816901408,2.816901408450704,2.816901408450704,4.225352112676056,7.042253521126761,2.816901408450704,0
10,5,-0.57,1200.5588,0.1,10.602486610412598,0.0,0.0,0.0,0.0,10.0,0.0,0.0,0.0,50.0,0.0,0.0,0.0,10.0,0.0,0.0,0.0,0.0,30.0,0.0,0.0,1
7,-7,-3.5,823.6270999999999,0.0,4.0500284194946286,0.0,0.0,100.0,0.0,0.0,0.0,0.0,0.0,0.0,0.0,0.0,0.0,0.0,0.0,0.0,0.0,0.0,0.0,0.0,0.0,1
27,-2,-0.06666666666666671,3437.9226999999996,0.25925925925925924,5.734849739074707,3.7037037037037037,3.7037037037037037,0.0,7.407407407407407,3.7037037037037037,3.7037037037037037,11.11111111111111,11.11111111111111,0.0,0.0,7.407407407407407,3.7037037037037037,7.407407407407407,3.7037037037037037,0.0,3.7037037037037037,0.0,7.407407407407407,11.11111111111111,11.11111111111111,0
12,1,-2.0500000000000003,1508.5984999999998,0.16666666666666669,8.652704811096193,8.333333333333334,0.0,0.0,0.0,8.333333333333334,8.333333333333334,25.0,0.0,8.333333333333334,0.0,0.0,0.0,0.0,33.333333333333336,0.0,0.0,0.0,0.0,0.0,8.333333333333334,1
36,5,-0.9416666666666667,4042.5617999999995,0.11111111111111112,9.786316871643066,8.333333333333334,5.555555555555555,2.7777777777777777,0.0,8.333333333333334,8.333333333333334,0.0,2.7777777777777777,13.88888888888889,5.555555555555555,0.0,16.666666666666668,5.555555555555555,11.11111111111111,2.7777777777777777,2.7777777777777777,0.0,2.7777777777777777,0.0,2.7777777777777777,1
26,-3,-0.9307692307692309,3469.7889999999998,0.3076923076923077,4.725161933898924,0.0,0.0,15.384615384615385,3.8461538461538463,11.538461538461538,0.0,7.6923076923076925,0.0,3.8461538461538463,7.6923076923076925,3.8461538461538463,3.8461538461538463,3.8461538461538463,7.6923076923076925,3.8461538461538463,0.0,0.0,7.6923076923076925,3.8461538461538463,15.384615384615385,0
13,4,-0.5615384615384615,1605.9307,0.07692307692307693,11.999967765808105,0.0,0.0,0.0,0.0,7.6923076923076925,7.6923076923076925,7.6923076923076925,0.0,7.6923076923076925,15.384615384615385,0.0,0.0,7.6923076923076925,7.6923076923076925,23.076923076923077,0.0,0.0,15.384615384615385,0.0,0.0,1
26,7,-0.9230769230769231,3140.8369,0.0,10.227538490295409,3.8461538461538463,3.8461538461538463,7.6923076923076925,3.8461538461538463,0.0,0.0,7.6923076923076925,3.8461538461538463,30.76923076923077,15.384615384615385,0.0,3.8461538461538463,0.0,0.0,7.6923076923076925,0.0,0.0,11.538461538461538,0.0,0.0,1
23,4,0.14347826086956514,2874.3923,0.2608695652173913,11.999967765808105,0.0,0.0,0.0,0.0,26.08695652173913,13.043478260869565,13.043478260869565,13.043478260869565,8.695652173913043,8.695652173913043,0.0,0.0,0.0,8.695652173913043,8.695652173913043,0.0,0.0,0.0,0.0,0.0,1
13,3,-0.9846153846153847,1628.9624999999999,0.07692307692307693,9.62843379974365,7.6923076923076925,7.6923076923076925,0.0,7.6923076923076925,0.0,0.0,15.384615384615385,0.0,23.076923076923077,0.0,7.6923076923076925,0.0,0.0,0.0,7.6923076923076925,0.0,0.0,15.384615384615385,0.0,7.6923076923076925,0
17,3,-0.8294117647058824,2073.4649,0.11764705882352942,9.38783779144287,0.0,11.764705882352942,0.0,5.882352941176471,5.882352941176471,5.882352941176471,0.0,0.0,11.764705882352942,11.764705882352942,5.882352941176471,5.882352941176471,5.882352941176471,5.882352941176471,11.764705882352942,5.882352941176471,0.0,0.0,0.0,5.882352941176471,1
26,2,-0.02307692307692309,3135.7005,0.15384615384615385,9.526509284973145,0.0,0.0,0.0,0.0,0.0,3.8461538461538463,3.8461538461538463,11.538461538461538,3.8461538461538463,3.8461538461538463,7.6923076923076925,3.8461538461538463,11.538461538461538,7.6923076923076925,3.8461538461538463,3.8461538461538463,7.6923076923076925,11.538461538461538,3.8461538461538463,11.538461538461538,0
12,1,1.8499999999999999,1210.5485999999999,0.0,8.750052070617677,0.0,0.0,0.0,0.0,0.0,25.0,0.0,16.666666666666668,8.333333333333334,41.666666666666664,0.0,0.0,0.0,0.0,0.0,0.0,8.333333333333334,0.0,0.0,0.0,1
16,3,1.25625,1629.0385,0.0625,10.302063941955566,6.25,0.0,0.0,0.0,6.25,18.75,0.0,12.5,18.75,12.5,0.0,0.0,0.0,0.0,0.0,6.25,0.0,18.75,0.0,0.0,1
20,2,-1.31,2335.6038,0.05,9.31144275665283,10.0,5.0,10.0,0.0,5.0,5.0,10.0,5.0,10.0,5.0,0.0,5.0,5.0,10.0,10.0,0.0,5.0,0.0,0.0,0.0,0
26,2,-0.5,3109.5458999999996,0.15384615384615385,9.504783439636231,11.538461538461538,3.8461538461538463,0.0,3.8461538461538463,3.8461538461538463,3.8461538461538463,7.6923076923076925,7.6923076923076925,3.8461538461538463,3.8461538461538463,3.8461538461538463,7.6923076923076925,7.6923076923076925,0.0,7.6923076923076925,7.6923076923076925,3.8461538461538463,0.0,11.538461538461538,0.0,0
10,3,-1.3800000000000001,1368.6359,0.1,11.700318717956542,0.0,10.0,0.0,0.0,0.0,0.0,10.0,10.0,0.0,0.0,10.0,10.0,10.0,0.0,30.0,0.0,0.0,0.0,10.0,0.0,0
16,5,-0.28125000000000006,2106.6635,0.25,10.19311237335205,0.0,6.25,0.0,0.0,12.5,0.0,0.0,6.25,25.0,6.25,12.5,0.0,6.25,0.0,6.25,6.25,0.0,0.0,6.25,6.25,0
24,1,-0.49166666666666664,2601.9330999999997,0.08333333333333334,7.810296440124513,4.166666666666667,20.833333333333332,0.0,4.166666666666667,0.0,12.5,0.0,4.166666666666667,8.333333333333334,0.0,0.0,8.333333333333334,0.0,12.5,0.0,4.166666666666667,8.333333333333334,4.166666666666667,0.0,8.333333333333334,1
14,1,-1.1071428571428572,1520.6938999999998,0.0,8.222120475769042,14.285714285714286,7.142857142857143,7.142857142857143,7.142857142857143,0.0,14.285714285714286,0.0,0.0,7.142857142857143,0.0,7.142857142857143,14.285714285714286,0.0,0.0,14.285714285714286,0.0,0.0,7.142857142857143,0.0,0.0,0
33,3,0.2545454545454546,3440.0404,0.06060606060606061,9.243170738220215,9.090909090909092,6.0606060606060606,6.0606060606060606,0.0,3.0303030303030303,12.121212121212121,0.0,6.0606060606060606,15.151515151515152,15.151515151515152,0.0,3.0303030303030303,0.0,0.0,0.0,9.090909090909092,9.090909090909092,3.0303030303030303,3.0303030303030303,0.0,1
14,1,-0.7857142857142857,1505.7006999999999,0.0,9.756532478332517,7.142857142857143,0.0,0.0,0.0,0.0,14.285714285714286,7.142857142857143,7.142857142857143,0.0,7.142857142857143,7.142857142857143,7.142857142857143,14.285714285714286,14.285714285714286,7.142857142857143,7.142857142857143,0.0,0.0,0.0,0.0,0
9,0,-1.1111111111111112,1361.4626,0.5555555555555556,6.741127204895021,0.0,0.0,0.0,0.0,0.0,0.0,11.11111111111111,0.0,0.0,0.0,0.0,0.0,0.0,0.0,0.0,22.22222222222222,11.11111111111111,0.0,55.55555555555556,0.0,1
15,5,0.19333333333333336,1759.2284,0.13333333333333333,10.602486610412598,6.666666666666667,0.0,0.0,0.0,6.666666666666667,6.666666666666667,0.0,0.0,33.333333333333336,20.0,0.0,0.0,0.0,0.0,0.0,0.0,6.666666666666667,13.333333333333334,6.666666666666667,0.0,1
20,1,0.034999999999999976,2266.6459999999997,0.05,8.081772804260254,10.0,10.0,0.0,5.0,0.0,5.0,5.0,0.0,0.0,10.0,10.0,5.0,0.0,0.0,10.0,10.0,10.0,5.0,5.0,0.0,0
1,0,1.9,149.2113,0.0,5.275022315979004,0.0,0.0,0.0,0.0,0.0,0.0,0.0,0.0,0.0,0.0,100.0,0.0,0.0,0.0,0.0,0.0,0.0,0.0,0.0,0.0,0
17,1,-1.223529411764706,2053.3213,0.11764705882352942,8.17280216217041,0.0,5.882352941176471,5.882352941176471,5.882352941176471,5.882352941176471,5.882352941176471,11.764705882352942,5.882352941176471,17.647058823529413,0.0,5.882352941176471,0.0,0.0,5.882352941176471,0.0,5.882352941176471,11.764705882352942,0.0,0.0,5.882352941176471,0
27,3,0.059259259259259255,2945.5901,0.0,9.243364143371583,7.407407407407407,7.407407407407407,7.407407407407407,0.0,0.0,7.407407407407407,3.7037037037037037,3.7037037037037037,18.51851851851852,14.814814814814815,7.407407407407407,7.407407407407407,0.0,0.0,0.0,0.0,7.407407407407407,7.407407407407407,0.0,0.0,1
12,1,-0.6833333333333332,1276.4214,0.08333333333333334,7.886498069763183,8.333333333333334,8.333333333333334,8.333333333333334,0.0,0.0,16.666666666666668,0.0,0.0,8.333333333333334,0.0,0.0,0.0,8.333333333333334,0.0,8.333333333333334,8.333333333333334,8.333333333333334,8.333333333333334,8.333333333333334,0.0,0
17,-1,-0.6470588235294118,2093.2341,0.23529411764705885,5.553419685363769,5.882352941176471,5.882352941176471,0.0,11.764705882352942,11.764705882352942,0.0,5.882352941176471,0.0,0.0,0.0,0.0,17.647058823529413,0.0,0.0,5.882352941176471,5.882352941176471,5.882352941176471,11.764705882352942,0.0,11.764705882352942,0
7,-1,-1.3714285714285714,850.8956999999999,0.14285714285714288,5.210566902160643,0.0,14.285714285714286,28.571428571428573,0.0,14.285714285714286,0.0,14.285714285714286,0.0,14.285714285714286,0.0,0.0,0.0,0.0,0.0,0.0,14.285714285714286,0.0,0.0,0.0,0.0,0
13,4,0.2923076923076923,1469.8558,0.07692307692307693,10.477740287780762,23.076923076923077,0.0,0.0,0.0,0.0,0.0,0.0,0.0,30.76923076923077,23.076923076923077,0.0,0.0,0.0,0.0,0.0,0.0,7.6923076923076925,7.6923076923076925,7.6923076923076925,0.0,1
24,-1,0.29166666666666663,2746.0861999999997,0.125,6.263850212097168,4.166666666666667,8.333333333333334,0.0,8.333333333333334,8.333333333333334,8.333333333333334,12.5,16.666666666666668,0.0,0.0,0.0,8.333333333333334,0.0,0.0,4.166666666666667,8.333333333333334,0.0,8.333333333333334,0.0,4.166666666666667,0
9,2,-0.6444444444444444,932.0414000000001,0.0,11.001094627380368,55.55555555555556,0.0,0.0,0.0,0.0,0.0,22.22222222222222,0.0,11.11111111111111,0.0,0.0,0.0,0.0,0.0,11.11111111111111,0.0,0.0,0.0,0.0,0.0,1
10,5,-0.12999999999999995,1250.6174,0.2,10.602486610412598,0.0,0.0,0.0,0.0,20.0,0.0,0.0,0.0,50.0,0.0,0.0,0.0,0.0,0.0,0.0,0.0,0.0,30.0,0.0,0.0,1
15,0,0.23999999999999996,1914.1657,0.26666666666666666,6.747777366638184,6.666666666666667,0.0,0.0,6.666666666666667,13.333333333333334,0.0,6.666666666666667,20.0,0.0,0.0,0.0,6.666666666666667,0.0,6.666666666666667,6.666666666666667,0.0,6.666666666666667,6.666666666666667,0.0,13.333333333333334,0
23,3,-1.373913043478261,2688.0040999999997,0.13043478260869565,9.988683128356932,0.0,0.0,4.3478260869565215,0.0,0.0,4.3478260869565215,0.0,4.3478260869565215,4.3478260869565215,4.3478260869565215,0.0,8.695652173913043,26.08695652173913,0.0,13.043478260869565,8.695652173913043,4.3478260869565215,4.3478260869565215,0.0,13.043478260869565,1
19,0,-0.16315789473684217,2258.7313,0.10526315789473685,6.889135932922364,0.0,15.789473684210526,5.2631578947368425,0.0,0.0,10.526315789473685,10.526315789473685,5.2631578947368425,5.2631578947368425,0.0,21.05263157894737,0.0,5.2631578947368425,5.2631578947368425,0.0,5.2631578947368425,0.0,0.0,5.2631578947368425,5.2631578947368425,0
13,1,1.7076923076923076,1301.6161,0.07692307692307693,8.750052070617677,7.6923076923076925,0.0,0.0,0.0,7.6923076923076925,23.076923076923077,0.0,7.6923076923076925,7.6923076923076925,38.46153846153846,0.0,0.0,0.0,0.0,0.0,7.6923076923076925,0.0,0.0,0.0,0.0,1
33,-2,-0.41515151515151516,3848.2801,0.12121212121212122,4.751251029968262,3.0303030303030303,0.0,6.0606060606060606,6.0606060606060606,0.0,9.090909090909092,3.0303030303030303,12.121212121212121,3.0303030303030303,3.0303030303030303,6.0606060606060606,9.090909090909092,3.0303030303030303,3.0303030303030303,3.0303030303030303,9.090909090909092,3.0303030303030303,6.0606060606060606,9.090909090909092,3.0303030303030303,0
11,2,0.8454545454545453,1295.5701,0.2727272727272727,10.002737236022949,9.090909090909092,0.0,0.0,0.0,18.181818181818183,9.090909090909092,0.0,0.0,18.181818181818183,18.181818181818183,0.0,0.0,0.0,0.0,0.0,9.090909090909092,0.0,9.090909090909092,9.090909090909092,0.0,1
36,-1,-0.02500000000000003,4008.5422,0.1111111111111111,5.322710227966309,5.555555555555555,11.11111111111111,2.7777777777777777,2.7777777777777777,2.7777777777777777,11.11111111111111,2.7777777777777777,8.333333333333334,0.0,5.555555555555555,5.555555555555555,11.11111111111111,2.7777777777777777,2.7777777777777777,2.7777777777777777,5.555555555555555,8.333333333333334,0.0,5.555555555555555,2.7777777777777777,0
14,1,1.75,1625.0016999999998,0.21428571428571427,8.750052070617677,0.0,0.0,0.0,0.0,21.428571428571427,0.0,0.0,7.142857142857143,7.142857142857143,28.571428571428573,0.0,0.0,7.142857142857143,0.0,0.0,14.285714285714286,7.142857142857143,7.142857142857143,0.0,0.0,1
30,9,-0.3333333333333333,3225.9065,0.03333333333333333,11.999967765808105,26.666666666666668,0.0,0.0,0.0,0.0,10.0,6.666666666666667,0.0,20.0,10.0,3.3333333333333335,0.0,0.0,0.0,10.0,0.0,3.3333333333333335,6.666666666666667,3.3333333333333335,0.0,1
18,-1,-1.4777777777777779,2456.7353,0.16666666666666669,5.4843034744262695,0.0,0.0,11.11111111111111,11.11111111111111,0.0,0.0,5.555555555555555,5.555555555555555,5.555555555555555,11.11111111111111,5.555555555555555,0.0,0.0,11.11111111111111,11.11111111111111,5.555555555555555,0.0,0.0,16.666666666666668,0.0,0
15,3,-0.6866666666666668,1971.2816000000003,0.4,9.6304967880249,0.0,6.666666666666667,0.0,0.0,26.666666666666668,0.0,0.0,0.0,20.0,0.0,0.0,6.666666666666667,6.666666666666667,6.666666666666667,0.0,6.666666666666667,6.666666666666667,0.0,6.666666666666667,6.666666666666667,0
21,8,-1.2333333333333334,3021.5331,0.4761904761904762,11.999967765808105,0.0,0.0,0.0,0.0,23.80952380952381,14.285714285714286,0.0,0.0,14.285714285714286,0.0,0.0,0.0,0.0,0.0,23.80952380952381,0.0,0.0,0.0,23.80952380952381,0.0,1
9,4,-0.7333333333333333,1284.5575000000001,0.2222222222222222,11.999967765808105,0.0,0.0,0.0,0.0,0.0,0.0,0.0,0.0,11.11111111111111,0.0,0.0,0.0,0.0,0.0,33.333333333333336,0.0,0.0,33.333333333333336,22.22222222222222,0.0,1
33,7,-0.18787878787878792,3890.5985,0.12121212121212122,9.80043544769287,3.0303030303030303,18.181818181818183,0.0,3.0303030303030303,6.0606060606060606,12.121212121212121,0.0,6.0606060606060606,0.0,6.0606060606060606,0.0,3.0303030303030303,0.0,0.0,24.242424242424242,3.0303030303030303,6.0606060606060606,3.0303030303030303,0.0,6.0606060606060606,1
46,3,-1.1,5324.7377,0.13043478260869565,9.063110542297363,6.521739130434782,6.521739130434782,4.3478260869565215,2.1739130434782608,6.521739130434782,6.521739130434782,6.521739130434782,2.1739130434782608,2.1739130434782608,4.3478260869565215,0.0,6.521739130434782,2.1739130434782608,8.695652173913043,10.869565217391305,15.217391304347826,2.1739130434782608,0.0,0.0,6.521739130434782,0
19,-1,-0.21052631578947373,2221.4692,0.26315789473684215,5.399442863464355,5.2631578947368425,0.0,0.0,10.526315789473685,10.526315789473685,21.05263157894737,5.2631578947368425,5.2631578947368425,5.2631578947368425,5.2631578947368425,0.0,0.0,5.2631578947368425,5.2631578947368425,0.0,0.0,0.0,5.2631578947368425,10.526315789473685,5.2631578947368425,0
19,6,-1.6842105263157894,2792.1728,0.42105263157894735,11.999967765808105,0.0,0.0,0.0,0.0,10.526315789473685,5.2631578947368425,0.0,0.0,0.0,0.0,0.0,0.0,10.526315789473685,0.0,31.57894736842105,10.526315789473685,0.0,0.0,31.57894736842105,0.0,1
7,4,-2.4285714285714284,1162.3517,0.4285714285714286,11.999967765808105,0.0,0.0,0.0,0.0,14.285714285714286,0.0,0.0,0.0,0.0,0.0,0.0,0.0,0.0,0.0,57.142857142857146,0.0,0.0,0.0,28.571428571428573,0.0,1
11,4,-0.4,1452.7853,0.36363636363636365,10.477740287780762,18.181818181818183,0.0,0.0,0.0,18.181818181818183,0.0,0.0,0.0,36.36363636363637,9.090909090909092,0.0,0.0,0.0,0.0,0.0,0.0,0.0,0.0,18.181818181818183,0.0,1
21,8,-1.2333333333333334,3021.5331,0.4761904761904762,11.999967765808105,0.0,0.0,0.0,0.0,23.80952380952381,14.285714285714286,0.0,0.0,14.285714285714286,0.0,0.0,0.0,0.0,0.0,23.80952380952381,0.0,0.0,0.0,23.80952380952381,0.0,1
7,-1,-1.7,837.8737,0.14285714285714288,4.370145606994629,0.0,0.0,14.285714285714286,14.285714285714286,0.0,14.285714285714286,0.0,0.0,14.285714285714286,0.0,0.0,0.0,0.0,14.285714285714286,0.0,0.0,0.0,14.285714285714286,0.0,14.285714285714286,0
11,-3,1.0636363636363637,1397.5692,0.2727272727272727,4.0500284194946286,0.0,0.0,18.181818181818183,9.090909090909092,9.090909090909092,0.0,0.0,18.181818181818183,0.0,0.0,0.0,0.0,0.0,0.0,0.0,0.0,0.0,27.272727272727273,9.090909090909092,9.090909090909092,0
24,4,1.1083333333333334,2653.2976999999996,0.125,9.850656318664551,12.5,8.333333333333334,0.0,0.0,12.5,0.0,0.0,12.5,12.5,8.333333333333334,0.0,0.0,8.333333333333334,0.0,4.166666666666667,8.333333333333334,4.166666666666667,8.333333333333334,0.0,0.0,1
6,1,-3.6333333333333333,819.8684999999999,0.0,8.76197872161865,0.0,0.0,0.0,16.666666666666668,0.0,0.0,33.333333333333336,0.0,16.666666666666668,0.0,0.0,16.666666666666668,0.0,0.0,16.666666666666668,0.0,0.0,0.0,0.0,0.0,0
23,5,0.6565217391304348,2631.2056,0.21739130434782608,10.602422142028807,0.0,0.0,0.0,0.0,21.73913043478261,13.043478260869565,0.0,8.695652173913043,21.73913043478261,4.3478260869565215,0.0,4.3478260869565215,0.0,4.3478260869565215,0.0,4.3478260869565215,0.0,17.391304347826086,0.0,0.0,1
26,0,0.038461538461538436,3253.7102999999997,0.2692307692307692,6.607726097106934,3.8461538461538463,3.8461538461538463,3.8461538461538463,0.0,11.538461538461538,3.8461538461538463,7.6923076923076925,3.8461538461538463,3.8461538461538463,3.8461538461538463,3.8461538461538463,11.538461538461538,3.8461538461538463,3.8461538461538463,0.0,0.0,3.8461538461538463,11.538461538461538,11.538461538461538,3.8461538461538463,0
24,0,-0.9375,2834.1101999999996,0.16666666666666669,6.918010139465332,20.833333333333332,0.0,8.333333333333334,0.0,0.0,4.166666666666667,8.333333333333334,0.0,4.166666666666667,0.0,8.333333333333334,4.166666666666667,4.166666666666667,8.333333333333334,4.166666666666667,4.166666666666667,0.0,4.166666666666667,8.333333333333334,8.333333333333334,0
10,1,0.72,984.1322,0.2,9.79502010345459,30.0,0.0,0.0,0.0,20.0,30.0,0.0,0.0,0.0,0.0,10.0,0.0,0.0,0.0,10.0,0.0,0.0,0.0,0.0,0.0,1
27,7,0.16666666666666666,2958.6254999999996,0.07407407407407407,10.778420829772951,14.814814814814815,0.0,0.0,0.0,3.7037037037037037,0.0,0.0,7.407407407407407,25.925925925925927,11.11111111111111,0.0,0.0,3.7037037037037037,0.0,0.0,11.11111111111111,11.11111111111111,7.407407407407407,3.7037037037037037,0.0,1
15,-1,-0.06666666666666672,1746.9858,0.06666666666666667,6.264873313903809,6.666666666666667,6.666666666666667,0.0,13.333333333333334,6.666666666666667,6.666666666666667,20.0,6.666666666666667,6.666666666666667,13.333333333333334,0.0,6.666666666666667,0.0,0.0,0.0,0.0,0.0,6.666666666666667,0.0,0.0,0
18,5,0.6388888888888888,2042.5949,0.1111111111111111,10.602486610412598,5.555555555555555,0.0,0.0,0.0,5.555555555555555,11.11111111111111,0.0,11.11111111111111,27.77777777777778,16.666666666666668,0.0,0.0,0.0,0.0,0.0,0.0,5.555555555555555,11.11111111111111,5.555555555555555,0.0,1
33,-1,-0.03333333333333336,3844.3127000000004,0.21212121212121213,4.428917121887207,6.0606060606060606,6.0606060606060606,9.090909090909092,0.0,15.151515151515152,9.090909090909092,0.0,9.090909090909092,3.0303030303030303,0.0,3.0303030303030303,3.0303030303030303,3.0303030303030303,12.121212121212121,3.0303030303030303,6.0606060606060606,3.0303030303030303,3.0303030303030303,6.0606060606060606,0.0,0
15,5,-0.31333333333333335,1714.1100999999999,0.0,11.333815956115721,6.666666666666667,0.0,0.0,0.0,0.0,6.666666666666667,13.333333333333334,13.333333333333334,26.666666666666668,6.666666666666667,0.0,0.0,0.0,0.0,6.666666666666667,6.666666666666667,0.0,13.333333333333334,0.0,0.0,1
15,1,0.8466666666666666,1516.8094,0.0,8.281173515319825,20.0,6.666666666666667,0.0,0.0,0.0,13.333333333333334,13.333333333333334,0.0,6.666666666666667,26.666666666666668,0.0,6.666666666666667,0.0,0.0,0.0,0.0,0.0,6.666666666666667,0.0,0.0,1
10,3,-0.049999999999999975,1113.3541,0.0,11.16626262664795,20.0,0.0,0.0,0.0,0.0,0.0,0.0,10.0,20.0,10.0,0.0,0.0,0.0,10.0,10.0,10.0,0.0,10.0,0.0,0.0,1
77,-1,0.4064935064935065,8244.6219,0.03896103896103896,5.647829246520996,9.090909090909092,7.792207792207792,7.792207792207792,3.896103896103896,2.5974025974025974,6.4935064935064934,1.2987012987012987,11.688311688311689,10.38961038961039,14.285714285714286,0.0,6.4935064935064934,0.0,1.2987012987012987,0.0,3.896103896103896,7.792207792207792,3.896103896103896,0.0,1.2987012987012987,1
23,-1,-0.17826086956521742,2848.2756999999997,0.21739130434782608,5.239838981628417,4.3478260869565215,4.3478260869565215,0.0,4.3478260869565215,0.0,0.0,4.3478260869565215,8.695652173913043,0.0,0.0,8.695652173913043,0.0,13.043478260869565,13.043478260869565,0.0,4.3478260869565215,4.3478260869565215,8.695652173913043,4.3478260869565215,17.391304347826086,0
14,4,-2.6642857142857146,1875.0637999999997,0.14285714285714288,11.0003210067749,0.0,0.0,0.0,7.142857142857143,7.142857142857143,7.142857142857143,28.571428571428573,0.0,14.285714285714286,0.0,0.0,0.0,0.0,0.0,21.428571428571427,7.142857142857143,0.0,0.0,0.0,7.142857142857143,1
35,-3,-0.7057142857142858,4279.835,0.17142857142857143,4.8649290084838865,5.714285714285714,11.428571428571429,5.714285714285714,8.571428571428571,5.714285714285714,2.857142857142857,5.714285714285714,0.0,5.714285714285714,2.857142857142857,8.571428571428571,8.571428571428571,5.714285714285714,5.714285714285714,0.0,2.857142857142857,0.0,2.857142857142857,8.571428571428571,2.857142857142857,0
24,4,0.9291666666666667,2348.8691,0.0,10.477224540710449,33.333333333333336,0.0,0.0,0.0,0.0,4.166666666666667,0.0,0.0,16.666666666666668,20.833333333333332,0.0,8.333333333333334,0.0,0.0,0.0,0.0,4.166666666666667,12.5,0.0,0.0,1
22,0,-0.03181818181818185,2548.8885,0.13636363636363635,6.750164604187013,9.090909090909092,0.0,4.545454545454546,4.545454545454546,4.545454545454546,4.545454545454546,4.545454545454546,9.090909090909092,4.545454545454546,13.636363636363637,0.0,4.545454545454546,4.545454545454546,4.545454545454546,4.545454545454546,4.545454545454546,4.545454545454546,4.545454545454546,0.0,9.090909090909092,0
12,4,0.8333333333333334,1455.7958999999998,0.08333333333333334,11.999967765808105,16.666666666666668,0.0,0.0,0.0,8.333333333333334,0.0,0.0,16.666666666666668,0.0,0.0,0.0,0.0,0.0,0.0,33.333333333333336,0.0,0.0,25.0,0.0,0.0,1
24,4,1.1541666666666666,2537.1792,0.125,9.70128307342529,20.833333333333332,8.333333333333334,0.0,0.0,12.5,4.166666666666667,0.0,12.5,16.666666666666668,8.333333333333334,0.0,0.0,8.333333333333334,0.0,0.0,4.166666666666667,0.0,4.166666666666667,0.0,0.0,1
38,1,0.07105263157894735,4534.4087,0.10526315789473685,7.781672477722168,5.2631578947368425,15.789473684210526,5.2631578947368425,2.6315789473684212,2.6315789473684212,5.2631578947368425,7.894736842105263,7.894736842105263,5.2631578947368425,2.6315789473684212,10.526315789473685,7.894736842105263,0.0,0.0,5.2631578947368425,0.0,2.6315789473684212,5.2631578947368425,5.2631578947368425,2.6315789473684212,0
37,3,-0.39729729729729735,4476.1889,0.16216216216216217,9.277854728698731,5.405405405405405,5.405405405405405,2.7027027027027026,2.7027027027027026,5.405405405405405,2.7027027027027026,2.7027027027027026,2.7027027027027026,10.81081081081081,16.216216216216218,0.0,10.81081081081081,5.405405405405405,5.405405405405405,2.7027027027027026,2.7027027027027026,2.7027027027027026,2.7027027027027026,8.108108108108109,2.7027027027027026,0
31,4,-0.20967741935483872,3552.1385,0.0967741935483871,9.842855644226074,6.451612903225806,6.451612903225806,3.225806451612903,3.225806451612903,6.451612903225806,9.67741935483871,0.0,9.67741935483871,9.67741935483871,9.67741935483871,0.0,9.67741935483871,0.0,3.225806451612903,9.67741935483871,3.225806451612903,3.225806451612903,3.225806451612903,3.225806451612903,0.0,1
25,1,-0.632,2996.3813999999998,0.2,8.172479820251464,8.0,4.0,0.0,4.0,4.0,8.0,8.0,0.0,4.0,8.0,4.0,4.0,8.0,8.0,4.0,4.0,0.0,4.0,4.0,12.0,0
20,-3,0.52,2303.6295999999998,0.1,4.0500284194946286,0.0,15.0,0.0,15.0,5.0,0.0,0.0,5.0,0.0,0.0,0.0,0.0,5.0,15.0,0.0,5.0,5.0,25.0,0.0,5.0,0
34,2,-0.9176470588235294,3942.5543,0.08823529411764706,9.058662223815915,5.882352941176471,0.0,8.823529411764707,11.764705882352942,5.882352941176471,5.882352941176471,0.0,0.0,26.470588235294116,17.647058823529413,0.0,0.0,0.0,2.9411764705882355,0.0,2.9411764705882355,5.882352941176471,2.9411764705882355,0.0,2.9411764705882355,1
21,-2,0.9809523809523808,2678.1477,0.33333333333333337,4.0500284194946286,0.0,4.761904761904762,4.761904761904762,4.761904761904762,14.285714285714286,0.0,0.0,9.523809523809524,0.0,4.761904761904762,9.523809523809524,0.0,4.761904761904762,0.0,0.0,9.523809523809524,4.761904761904762,9.523809523809524,9.523809523809524,9.523809523809524,0
11,2,-2.190909090909091,1428.572,0.18181818181818182,9.112557792663573,0.0,9.090909090909092,9.090909090909092,0.0,0.0,0.0,9.090909090909092,0.0,18.181818181818183,0.0,0.0,0.0,0.0,9.090909090909092,9.090909090909092,9.090909090909092,9.090909090909092,0.0,0.0,18.181818181818183,0
10,0,-0.6199999999999999,1206.3713,0.1,6.062583351135253,0.0,10.0,10.0,10.0,0.0,10.0,0.0,10.0,10.0,0.0,0.0,0.0,0.0,0.0,10.0,0.0,10.0,10.0,10.0,0.0,0
69,-4,-0.7623188405797101,8326.4553,0.14492753623188406,4.682362174987793,1.4492753623188406,4.3478260869565215,8.695652173913043,7.246376811594203,4.3478260869565215,7.246376811594203,1.4492753623188406,5.797101449275362,8.695652173913043,2.898550724637681,8.695652173913043,4.3478260869565215,4.3478260869565215,7.246376811594203,1.4492753623188406,0.0,8.695652173913043,2.898550724637681,7.246376811594203,2.898550724637681,0
39,-2,-0.23846153846153847,4239.765,0.05128205128205129,5.785493278503417,10.256410256410257,2.5641025641025643,0.0,10.256410256410257,0.0,7.6923076923076925,7.6923076923076925,5.128205128205129,2.5641025641025643,5.128205128205129,5.128205128205129,2.5641025641025643,7.6923076923076925,2.5641025641025643,2.5641025641025643,5.128205128205129,10.256410256410257,7.6923076923076925,0.0,5.128205128205129,0
14,3,0.6142857142857142,1652.0370999999998,0.07142857142857144,10.052184486389159,7.142857142857143,7.142857142857143,0.0,0.0,0.0,0.0,0.0,7.142857142857143,7.142857142857143,7.142857142857143,7.142857142857143,7.142857142857143,0.0,0.0,14.285714285714286,7.142857142857143,0.0,21.428571428571427,0.0,7.142857142857143,0
23,0,-0.3260869565217392,2722.1924,0.08695652173913043,6.667293357849122,0.0,0.0,0.0,8.695652173913043,8.695652173913043,8.695652173913043,8.695652173913043,8.695652173913043,4.3478260869565215,4.3478260869565215,17.391304347826086,4.3478260869565215,4.3478260869565215,4.3478260869565215,4.3478260869565215,8.695652173913043,4.3478260869565215,0.0,0.0,0.0,0
26,3,0.28846153846153844,2834.3621999999996,0.038461538461538464,11.00038547515869,7.6923076923076925,0.0,3.8461538461538463,0.0,0.0,11.538461538461538,0.0,11.538461538461538,7.6923076923076925,15.384615384615385,0.0,0.0,3.8461538461538463,7.6923076923076925,7.6923076923076925,3.8461538461538463,7.6923076923076925,7.6923076923076925,3.8461538461538463,0.0,1
23,5,0.43043478260869567,2757.3275,0.13043478260869565,11.567578315734863,8.695652173913043,0.0,0.0,0.0,0.0,4.3478260869565215,0.0,13.043478260869565,4.3478260869565215,8.695652173913043,0.0,4.3478260869565215,4.3478260869565215,0.0,17.391304347826086,0.0,4.3478260869565215,17.391304347826086,4.3478260869565215,8.695652173913043,1
23,-3,-1.5304347826086957,2807.9754,0.17391304347826086,4.96201000213623,8.695652173913043,4.3478260869565215,13.043478260869565,8.695652173913043,0.0,0.0,8.695652173913043,0.0,8.695652173913043,4.3478260869565215,4.3478260869565215,8.695652173913043,4.3478260869565215,0.0,0.0,4.3478260869565215,4.3478260869565215,0.0,0.0,17.391304347826086,0
19,6,0.6526315789473686,2043.5895999999998,0.0,10.480770301818847,0.0,10.526315789473685,0.0,0.0,0.0,10.526315789473685,0.0,0.0,21.05263157894737,0.0,0.0,0.0,0.0,0.0,10.526315789473685,5.2631578947368425,0.0,42.10526315789474,0.0,0.0,1
7,1,-0.31428571428571433,816.9688,0.0,9.79502010345459,28.571428571428573,0.0,0.0,0.0,0.0,0.0,0.0,0.0,0.0,14.285714285714286,14.285714285714286,0.0,0.0,28.571428571428573,14.285714285714286,0.0,0.0,0.0,0.0,0.0,0
26,6,-0.08076923076923079,2878.4132,0.11538461538461539,10.699318122863769,11.538461538461538,0.0,0.0,0.0,7.6923076923076925,3.8461538461538463,3.8461538461538463,3.8461538461538463,23.076923076923077,11.538461538461538,0.0,0.0,0.0,0.0,0.0,15.384615384615385,11.538461538461538,3.8461538461538463,3.8461538461538463,0.0,1
12,1,-0.05000000000000002,1488.7763,0.08333333333333334,7.770481300354004,0.0,16.666666666666668,0.0,8.333333333333334,0.0,0.0,8.333333333333334,0.0,8.333333333333334,16.666666666666668,0.0,0.0,0.0,0.0,8.333333333333334,0.0,16.666666666666668,8.333333333333334,8.333333333333334,0.0,0
21,4,0.8428571428571429,1969.4384,0.0,10.477740287780762,33.333333333333336,0.0,0.0,0.0,0.0,14.285714285714286,0.0,9.523809523809524,19.047619047619047,9.523809523809524,4.761904761904762,0.0,0.0,0.0,0.0,4.761904761904762,0.0,4.761904761904762,0.0,0.0,1
13,4,-0.6153846153846154,1701.098,0.07692307692307693,10.786930656433107,7.6923076923076925,15.384615384615385,0.0,0.0,0.0,0.0,7.6923076923076925,7.6923076923076925,7.6923076923076925,7.6923076923076925,7.6923076923076925,0.0,0.0,7.6923076923076925,23.076923076923077,0.0,0.0,0.0,7.6923076923076925,0.0,0
36,2,-0.8527777777777777,4306.8557,0.1111111111111111,9.30815486907959,5.555555555555555,0.0,11.11111111111111,0.0,2.7777777777777777,2.7777777777777777,2.7777777777777777,11.11111111111111,13.88888888888889,5.555555555555555,2.7777777777777777,5.555555555555555,0.0,11.11111111111111,2.7777777777777777,8.333333333333334,2.7777777777777777,2.7777777777777777,5.555555555555555,2.7777777777777777,1
21,5,-0.7714285714285714,2478.895,0.09523809523809523,11.999967765808105,0.0,0.0,0.0,0.0,4.761904761904762,4.761904761904762,4.761904761904762,14.285714285714286,4.761904761904762,4.761904761904762,0.0,0.0,19.047619047619047,0.0,19.047619047619047,14.285714285714286,4.761904761904762,0.0,0.0,4.761904761904762,1
13,2,0.8461538461538461,1316.5878,0.07692307692307693,10.002737236022949,15.384615384615385,0.0,0.0,0.0,7.6923076923076925,7.6923076923076925,0.0,0.0,15.384615384615385,15.384615384615385,0.0,0.0,7.6923076923076925,0.0,0.0,15.384615384615385,0.0,15.384615384615385,0.0,0.0,1
15,0,-0.12000000000000002,1880.1264,0.26666666666666666,5.959761619567872,6.666666666666667,0.0,13.333333333333334,0.0,13.333333333333334,0.0,0.0,6.666666666666667,6.666666666666667,0.0,6.666666666666667,0.0,0.0,0.0,6.666666666666667,6.666666666666667,13.333333333333334,6.666666666666667,6.666666666666667,6.666666666666667,0
12,4,-0.04166666666666668,1685.0652,0.33333333333333337,10.446795463562012,0.0,0.0,0.0,0.0,8.333333333333334,0.0,0.0,16.666666666666668,16.666666666666668,8.333333333333334,0.0,0.0,0.0,0.0,16.666666666666668,0.0,0.0,8.333333333333334,8.333333333333334,16.666666666666668,1
20,-1,-1.58,2439.7015,0.1,5.505106544494628,5.0,5.0,15.0,5.0,0.0,0.0,5.0,0.0,15.0,0.0,10.0,15.0,5.0,0.0,0.0,0.0,5.0,5.0,5.0,5.0,0
26,7,-0.13846153846153847,2991.6139,0.11538461538461539,10.778420829772951,7.6923076923076925,0.0,0.0,0.0,7.6923076923076925,0.0,3.8461538461538463,3.8461538461538463,26.923076923076923,15.384615384615385,0.0,0.0,0.0,0.0,0.0,15.384615384615385,11.538461538461538,3.8461538461538463,3.8461538461538463,0.0,1
20,8,-1.025,2496.0066,0.2,11.471778297424319,5.0,0.0,0.0,0.0,15.0,0.0,5.0,5.0,35.0,5.0,0.0,0.0,0.0,0.0,5.0,15.0,5.0,0.0,5.0,0.0,1
15,-2,-0.6,1780.9292,0.2,4.137446784973144,20.0,0.0,6.666666666666667,13.333333333333334,6.666666666666667,0.0,0.0,0.0,6.666666666666667,6.666666666666667,0.0,6.666666666666667,6.666666666666667,6.666666666666667,0.0,0.0,0.0,6.666666666666667,6.666666666666667,6.666666666666667,0
13,2,-0.6538461538461539,1610.8759,0.23076923076923078,9.196044349670409,0.0,7.6923076923076925,0.0,0.0,0.0,7.6923076923076925,0.0,7.6923076923076925,7.6923076923076925,0.0,0.0,0.0,15.384615384615385,7.6923076923076925,7.6923076923076925,0.0,7.6923076923076925,7.6923076923076925,7.6923076923076925,15.384615384615385,0
12,3,1.2583333333333333,1322.6453,0.0,11.999967765808105,16.666666666666668,0.0,0.0,0.0,0.0,8.333333333333334,0.0,16.666666666666668,0.0,8.333333333333334,0.0,0.0,0.0,0.0,25.0,0.0,0.0,25.0,0.0,0.0,1
9,-2,-0.19999999999999998,965.0364,0.0,4.0500284194946286,0.0,0.0,22.22222222222222,0.0,0.0,11.11111111111111,0.0,11.11111111111111,0.0,0.0,11.11111111111111,0.0,0.0,11.11111111111111,0.0,11.11111111111111,11.11111111111111,11.11111111111111,0.0,0.0,0
13,-1,-0.3076923076923077,1524.7586,0.15384615384615385,4.370429801940918,7.6923076923076925,0.0,7.6923076923076925,7.6923076923076925,7.6923076923076925,0.0,0.0,0.0,7.6923076923076925,0.0,15.384615384615385,0.0,15.384615384615385,0.0,0.0,15.384615384615385,0.0,7.6923076923076925,7.6923076923076925,0.0,0
8,3,-1.5625,900.0542,0.125,9.6304967880249,0.0,12.5,0.0,0.0,0.0,12.5,0.0,0.0,37.5,0.0,0.0,0.0,0.0,0.0,0.0,25.0,0.0,0.0,0.0,12.5,0
20,6,-0.5900000000000001,2438.9088,0.2,10.699318122863769,5.0,0.0,0.0,0.0,15.0,0.0,5.0,5.0,30.0,10.0,0.0,5.0,0.0,0.0,0.0,15.0,5.0,0.0,5.0,0.0,1
22,2,0.36363636363636365,2451.8428,0.13636363636363635,9.310669136047363,9.090909090909092,4.545454545454546,4.545454545454546,0.0,4.545454545454546,9.090909090909092,0.0,4.545454545454546,4.545454545454546,4.545454545454546,0.0,4.545454545454546,4.545454545454546,0.0,9.090909090909092,4.545454545454546,4.545454545454546,18.181818181818183,4.545454545454546,4.545454545454546,0
14,0,-0.050000000000000024,1598.8186999999998,0.2142857142857143,5.827326774597168,7.142857142857143,7.142857142857143,7.142857142857143,0.0,0.0,14.285714285714286,0.0,0.0,7.142857142857143,14.285714285714286,0.0,7.142857142857143,7.142857142857143,0.0,0.0,0.0,0.0,7.142857142857143,7.142857142857143,14.285714285714286,0
27,2,-0.8296296296296297,3311.7486,0.2222222222222222,8.821676445007324,0.0,7.407407407407407,0.0,3.7037037037037037,0.0,11.11111111111111,3.7037037037037037,3.7037037037037037,7.407407407407407,7.407407407407407,0.0,3.7037037037037037,7.407407407407407,3.7037037037037037,3.7037037037037037,3.7037037037037037,11.11111111111111,0.0,14.814814814814815,7.407407407407407,0
42,2,-0.5738095238095239,5104.807699999999,0.14285714285714285,8.821805381774901,11.904761904761905,4.761904761904762,4.761904761904762,4.761904761904762,4.761904761904762,0.0,4.761904761904762,2.380952380952381,7.142857142857143,9.523809523809524,2.380952380952381,9.523809523809524,2.380952380952381,4.761904761904762,7.142857142857143,2.380952380952381,2.380952380952381,4.761904761904762,7.142857142857143,2.380952380952381,0
11,0,0.49090909090909085,1428.7407,0.09090909090909091,5.75320873260498,0.0,0.0,0.0,9.090909090909092,0.0,0.0,0.0,0.0,0.0,36.36363636363637,9.090909090909092,0.0,0.0,18.181818181818183,9.090909090909092,0.0,0.0,9.090909090909092,9.090909090909092,0.0,0
38,1,-0.9236842105263158,4364.814,0.10526315789473685,8.192593955993651,2.6315789473684212,2.6315789473684212,7.894736842105263,2.6315789473684212,2.6315789473684212,7.894736842105263,5.2631578947368425,2.6315789473684212,5.2631578947368425,5.2631578947368425,0.0,0.0,10.526315789473685,7.894736842105263,7.894736842105263,13.157894736842104,0.0,7.894736842105263,5.2631578947368425,2.6315789473684212,0
46,-1,0.4956521739130434,5156.1242999999995,0.08695652173913043,6.455624961853027,10.869565217391305,6.521739130434782,4.3478260869565215,2.1739130434782608,4.3478260869565215,0.0,8.695652173913043,6.521739130434782,2.1739130434782608,6.521739130434782,6.521739130434782,2.1739130434782608,15.217391304347826,0.0,2.1739130434782608,4.3478260869565215,2.1739130434782608,10.869565217391305,2.1739130434782608,2.1739130434782608,0
45,11,-0.7,5161.1614,0.044444444444444446,10.08222675323486,2.2222222222222223,13.333333333333334,0.0,4.444444444444445,0.0,11.11111111111111,0.0,6.666666666666667,13.333333333333334,6.666666666666667,0.0,2.2222222222222223,2.2222222222222223,4.444444444444445,15.555555555555555,4.444444444444445,4.444444444444445,4.444444444444445,0.0,4.444444444444445,1
9,1,-0.4222222222222223,1072.1977,0.2222222222222222,8.249712944030762,11.11111111111111,11.11111111111111,0.0,11.11111111111111,22.22222222222222,11.11111111111111,0.0,0.0,0.0,0.0,0.0,0.0,0.0,0.0,22.22222222222222,11.11111111111111,0.0,0.0,0.0,0.0,0
20,-2,0.15999999999999998,2177.4117,0.15000000000000002,4.0500284194946286,10.0,0.0,5.0,5.0,10.0,10.0,0.0,5.0,0.0,0.0,10.0,15.0,5.0,0.0,0.0,5.0,5.0,10.0,0.0,5.0,0
13,0,-1.7307692307692308,1590.6707999999999,0.23076923076923075,6.7408430099487315,7.6923076923076925,0.0,7.6923076923076925,0.0,0.0,7.6923076923076925,7.6923076923076925,0.0,7.6923076923076925,0.0,7.6923076923076925,15.384615384615385,0.0,7.6923076923076925,0.0,7.6923076923076925,0.0,0.0,0.0,23.076923076923077,0
18,6,0.17777777777777778,2112.6666999999998,0.0,9.687293434143069,0.0,33.333333333333336,0.0,0.0,0.0,11.11111111111111,0.0,0.0,0.0,11.11111111111111,0.0,0.0,0.0,0.0,33.333333333333336,0.0,0.0,11.11111111111111,0.0,0.0,1
12,3,-2.025,1556.7293,0.16666666666666669,11.711342811584473,8.333333333333334,0.0,0.0,0.0,8.333333333333334,0.0,8.333333333333334,0.0,0.0,0.0,0.0,0.0,16.666666666666668,16.666666666666668,25.0,0.0,8.333333333333334,0.0,0.0,8.333333333333334,0
30,0,-1.1833333333333333,3625.9602000000004,0.13333333333333333,6.754370689392091,6.666666666666667,0.0,6.666666666666667,3.3333333333333335,3.3333333333333335,3.3333333333333335,3.3333333333333335,0.0,0.0,6.666666666666667,6.666666666666667,13.333333333333334,6.666666666666667,6.666666666666667,10.0,3.3333333333333335,6.666666666666667,3.3333333333333335,3.3333333333333335,6.666666666666667,0
33,3,0.196969696969697,3181.6835,0.030303030303030304,9.701025199890136,33.333333333333336,0.0,0.0,9.090909090909092,0.0,12.121212121212121,0.0,3.0303030303030303,18.181818181818183,6.0606060606060606,0.0,0.0,0.0,0.0,0.0,6.0606060606060606,0.0,9.090909090909092,3.0303030303030303,0.0,1
11,0,-0.48181818181818187,1216.3661,0.09090909090909091,6.739535713195801,9.090909090909092,9.090909090909092,0.0,9.090909090909092,9.090909090909092,9.090909090909092,9.090909090909092,9.090909090909092,9.090909090909092,0.0,0.0,0.0,9.090909090909092,9.090909090909092,0.0,9.090909090909092,0.0,0.0,0.0,0.0,0
20,-3,-1.8,2450.6417,0.05,4.751705741882325,5.0,5.0,0.0,30.0,0.0,5.0,5.0,5.0,5.0,5.0,0.0,5.0,10.0,5.0,10.0,0.0,0.0,0.0,5.0,0.0,0
27,9,-0.26296296296296295,3203.0139,0.037037037037037035,11.604776573181152,0.0,3.7037037037037037,3.7037037037037037,0.0,3.7037037037037037,7.407407407407407,0.0,14.814814814814815,22.22222222222222,11.11111111111111,3.7037037037037037,0.0,0.0,0.0,14.814814814814815,3.7037037037037037,7.407407407407407,3.7037037037037037,0.0,0.0,1
13,-4,0.15384615384615385,1345.4089,0.0,4.0500284194946286,15.384615384615385,0.0,23.076923076923077,7.6923076923076925,0.0,7.6923076923076925,0.0,15.384615384615385,0.0,7.6923076923076925,0.0,7.6923076923076925,0.0,0.0,0.0,0.0,7.6923076923076925,7.6923076923076925,0.0,0.0,0
10,5,-3.85,1484.6402999999998,0.0,11.999967765808105,0.0,0.0,0.0,0.0,0.0,0.0,50.0,0.0,0.0,0.0,0.0,0.0,0.0,0.0,50.0,0.0,0.0,0.0,0.0,0.0,1
12,4,0.4833333333333334,1453.7785,0.0,11.999967765808105,0.0,0.0,0.0,0.0,0.0,0.0,0.0,16.666666666666668,0.0,8.333333333333334,0.0,0.0,0.0,0.0,33.333333333333336,16.666666666666668,0.0,25.0,0.0,0.0,1
25,-1,-0.6000000000000001,2750.0339,0.04,5.986305427551269,12.0,4.0,12.0,0.0,4.0,4.0,8.0,8.0,0.0,4.0,4.0,4.0,12.0,4.0,8.0,8.0,4.0,0.0,0.0,0.0,0
42,7,-0.21428571428571433,4918.6273,0.2142857142857143,9.60999584197998,2.380952380952381,14.285714285714286,2.380952380952381,0.0,11.904761904761905,11.904761904761905,0.0,2.380952380952381,0.0,2.380952380952381,0.0,2.380952380952381,2.380952380952381,0.0,19.047619047619047,11.904761904761905,2.380952380952381,4.761904761904762,0.0,9.523809523809524,1
13,-1,-0.11538461538461539,1380.5473,0.0,4.207813453674317,15.384615384615385,0.0,15.384615384615385,0.0,0.0,7.6923076923076925,0.0,0.0,0.0,7.6923076923076925,15.384615384615385,7.6923076923076925,0.0,0.0,7.6923076923076925,7.6923076923076925,7.6923076923076925,7.6923076923076925,0.0,0.0,0
26,8,-0.4846153846153846,3196.8666999999996,0.15384615384615385,11.840344047546388,11.538461538461538,7.6923076923076925,0.0,0.0,7.6923076923076925,3.8461538461538463,0.0,3.8461538461538463,11.538461538461538,3.8461538461538463,3.8461538461538463,0.0,3.8461538461538463,3.8461538461538463,19.23076923076923,3.8461538461538463,3.8461538461538463,3.8461538461538463,7.6923076923076925,0.0,1
20,-1,-0.19,2548.8735,0.2,5.501582527160643,10.0,0.0,0.0,15.0,10.0,0.0,5.0,10.0,0.0,0.0,5.0,5.0,0.0,5.0,10.0,5.0,0.0,10.0,10.0,0.0,0
11,-1,-0.8545454545454546,1348.4424,0.18181818181818182,5.076483726501464,0.0,9.090909090909092,9.090909090909092,0.0,9.090909090909092,9.090909090909092,9.090909090909092,9.090909090909092,0.0,0.0,0.0,9.090909090909092,0.0,18.181818181818183,0.0,0.0,9.090909090909092,0.0,9.090909090909092,0.0,0
12,1,-0.3666666666666667,1368.5597,0.16666666666666669,8.748246955871583,8.333333333333334,0.0,0.0,8.333333333333334,8.333333333333334,16.666666666666668,0.0,0.0,8.333333333333334,0.0,8.333333333333334,0.0,0.0,0.0,8.333333333333334,8.333333333333334,8.333333333333334,8.333333333333334,8.333333333333334,0.0,0
90,8,0.2722222222222222,8662.983,0.022222222222222223,9.326528358459473,21.11111111111111,8.88888888888889,2.2222222222222223,0.0,0.0,11.11111111111111,0.0,6.666666666666667,7.777777777777778,3.3333333333333335,1.1111111111111112,2.2222222222222223,5.555555555555555,3.3333333333333335,3.3333333333333335,14.444444444444445,1.1111111111111112,5.555555555555555,0.0,2.2222222222222223,1
10,0,-0.76,1250.4304,0.1,6.500016212463378,10.0,20.0,10.0,0.0,0.0,0.0,10.0,0.0,0.0,0.0,10.0,0.0,0.0,10.0,10.0,0.0,10.0,0.0,10.0,0.0,0
16,3,-1.8375,1853.1345000000001,0.0,9.630690193176267,0.0,6.25,0.0,6.25,0.0,12.5,12.5,0.0,25.0,6.25,6.25,6.25,0.0,12.5,0.0,6.25,0.0,0.0,0.0,0.0,0
47,3,-0.5446808510638298,5382.1767,0.0851063829787234,8.506039237976076,4.25531914893617,17.02127659574468,2.127659574468085,6.382978723404255,2.127659574468085,8.51063829787234,6.382978723404255,2.127659574468085,6.382978723404255,4.25531914893617,2.127659574468085,2.127659574468085,2.127659574468085,4.25531914893617,8.51063829787234,8.51063829787234,2.127659574468085,4.25531914893617,2.127659574468085,4.25531914893617,1
19,-2,-0.02631578947368421,2101.3158,0.10526315789473685,4.0500284194946286,0.0,10.526315789473685,10.526315789473685,0.0,0.0,10.526315789473685,0.0,10.526315789473685,0.0,5.2631578947368425,0.0,15.789473684210526,5.2631578947368425,5.2631578947368425,0.0,0.0,5.2631578947368425,10.526315789473685,0.0,10.526315789473685,0
12,-1,0.2583333333333333,1374.6933999999999,0.0,4.535547065734863,8.333333333333334,8.333333333333334,16.666666666666668,0.0,0.0,8.333333333333334,0.0,0.0,0.0,8.333333333333334,33.333333333333336,0.0,0.0,0.0,8.333333333333334,0.0,8.333333333333334,0.0,0.0,0.0,0
12,6,-0.0833333333333333,1563.9819,0.0,11.999967765808105,0.0,0.0,0.0,0.0,0.0,0.0,0.0,16.666666666666668,8.333333333333334,8.333333333333334,0.0,0.0,0.0,0.0,41.666666666666664,0.0,0.0,25.0,0.0,0.0,1
11,5,-0.5818181818181818,1338.6879,0.0,11.999967765808105,9.090909090909092,0.0,0.0,0.0,0.0,0.0,0.0,0.0,27.272727272727273,18.181818181818183,0.0,0.0,0.0,9.090909090909092,18.181818181818183,0.0,0.0,18.181818181818183,0.0,0.0,1
20,3,-0.6950000000000001,2536.9706,0.15,10.267057609558105,0.0,0.0,5.0,10.0,15.0,5.0,0.0,10.0,15.0,10.0,0.0,5.0,0.0,5.0,15.0,0.0,0.0,5.0,0.0,0.0,1
28,10,-0.9857142857142858,3456.099,0.25,11.624568367004397,7.142857142857143,0.0,0.0,3.5714285714285716,21.428571428571427,10.714285714285714,0.0,0.0,25.0,7.142857142857143,0.0,3.5714285714285716,0.0,0.0,14.285714285714286,3.5714285714285716,0.0,0.0,0.0,3.5714285714285716,1
40,7,-0.5650000000000001,4679.4631,0.025,11.999967765808105,5.0,0.0,2.5,2.5,2.5,5.0,7.5,12.5,7.5,10.0,2.5,0.0,2.5,7.5,15.0,10.0,5.0,2.5,0.0,0.0,1
26,5,-0.4653846153846154,3042.5878,0.07692307692307693,9.577697181701659,7.6923076923076925,15.384615384615385,0.0,3.8461538461538463,0.0,3.8461538461538463,0.0,7.6923076923076925,7.6923076923076925,3.8461538461538463,0.0,7.6923076923076925,3.8461538461538463,0.0,15.384615384615385,3.8461538461538463,7.6923076923076925,3.8461538461538463,3.8461538461538463,3.8461538461538463,1
36,0,-1.2083333333333333,4264.7298,0.1111111111111111,6.770910835266113,5.555555555555555,0.0,2.7777777777777777,11.11111111111111,0.0,2.7777777777777777,2.7777777777777777,2.7777777777777777,5.555555555555555,8.333333333333334,2.7777777777777777,5.555555555555555,13.88888888888889,2.7777777777777777,8.333333333333334,5.555555555555555,5.555555555555555,2.7777777777777777,0.0,11.11111111111111,1
21,-2,0.19047619047619047,2195.4521,0.047619047619047616,4.353093910217285,9.523809523809524,9.523809523809524,4.761904761904762,4.761904761904762,0.0,9.523809523809524,4.761904761904762,4.761904761904762,0.0,4.761904761904762,4.761904761904762,4.761904761904762,4.761904761904762,4.761904761904762,0.0,9.523809523809524,4.761904761904762,9.523809523809524,0.0,4.761904761904762,0
26,1,-0.43846153846153846,3321.9352999999996,0.1923076923076923,8.504685401916507,0.0,0.0,3.8461538461538463,3.8461538461538463,3.8461538461538463,7.6923076923076925,3.8461538461538463,7.6923076923076925,7.6923076923076925,3.8461538461538463,19.23076923076923,3.8461538461538463,0.0,3.8461538461538463,3.8461538461538463,3.8461538461538463,7.6923076923076925,0.0,11.538461538461538,3.8461538461538463,0
13,-1,-0.11538461538461542,1591.8029999999999,0.23076923076923078,5.319243049621583,0.0,0.0,7.6923076923076925,7.6923076923076925,15.384615384615385,0.0,7.6923076923076925,0.0,7.6923076923076925,7.6923076923076925,0.0,0.0,15.384615384615385,0.0,0.0,0.0,7.6923076923076925,15.384615384615385,0.0,7.6923076923076925,0
9,3,-0.26666666666666666,1342.6349,0.33333333333333337,11.999967765808105,0.0,0.0,0.0,0.0,0.0,0.0,0.0,22.22222222222222,11.11111111111111,0.0,0.0,0.0,0.0,0.0,22.22222222222222,0.0,0.0,11.11111111111111,33.333333333333336,0.0,1
27,0,-0.5925925925925926,3316.7733999999996,0.1111111111111111,7.078580284118652,3.7037037037037037,7.407407407407407,7.407407407407407,7.407407407407407,3.7037037037037037,3.7037037037037037,14.814814814814815,11.11111111111111,7.407407407407407,3.7037037037037037,0.0,3.7037037037037037,3.7037037037037037,0.0,7.407407407407407,0.0,0.0,7.407407407407407,3.7037037037037037,3.7037037037037037,0
28,2,-1.1964285714285714,3430.8760999999995,0.10714285714285715,9.316148948669433,14.285714285714286,3.5714285714285716,3.5714285714285716,7.142857142857143,3.5714285714285716,0.0,0.0,3.5714285714285716,7.142857142857143,0.0,10.714285714285714,10.714285714285714,0.0,10.714285714285714,10.714285714285714,7.142857142857143,0.0,0.0,7.142857142857143,0.0,0
17,-1,-0.711764705882353,2303.5961,0.35294117647058826,4.0500284194946286,0.0,5.882352941176471,5.882352941176471,0.0,0.0,5.882352941176471,0.0,0.0,0.0,0.0,11.764705882352942,5.882352941176471,5.882352941176471,11.764705882352942,0.0,5.882352941176471,0.0,5.882352941176471,29.41176470588235,5.882352941176471,0
37,1,-0.3432432432432433,4584.2389,0.21621621621621623,8.030971717834472,2.7027027027027026,5.405405405405405,2.7027027027027026,2.7027027027027026,5.405405405405405,0.0,2.7027027027027026,8.108108108108109,2.7027027027027026,5.405405405405405,0.0,5.405405405405405,13.513513513513514,5.405405405405405,5.405405405405405,2.7027027027027026,8.108108108108109,5.405405405405405,8.108108108108109,8.108108108108109,0
19,2,0.2157894736842105,2393.8478999999998,0.26315789473684215,8.858939170837402,0.0,10.526315789473685,0.0,0.0,5.2631578947368425,5.2631578947368425,0.0,10.526315789473685,5.2631578947368425,5.2631578947368425,5.2631578947368425,10.526315789473685,5.2631578947368425,0.0,5.2631578947368425,5.2631578947368425,0.0,5.2631578947368425,10.526315789473685,10.526315789473685,0
30,2,0.24666666666666665,3343.9745000000003,0.06666666666666667,9.196044349670409,3.3333333333333335,3.3333333333333335,3.3333333333333335,3.3333333333333335,6.666666666666667,3.3333333333333335,0.0,6.666666666666667,10.0,16.666666666666668,0.0,6.666666666666667,10.0,0.0,3.3333333333333335,0.0,16.666666666666668,6.666666666666667,0.0,0.0,1
14,-2,-1.0714285714285714,1678.8654,0.14285714285714288,5.228073310852049,7.142857142857143,7.142857142857143,0.0,14.285714285714286,0.0,7.142857142857143,14.285714285714286,0.0,0.0,0.0,14.285714285714286,7.142857142857143,14.285714285714286,0.0,0.0,0.0,0.0,0.0,0.0,14.285714285714286,0
11,2,-1.518181818181818,1285.4513,0.09090909090909091,9.703152656555176,9.090909090909092,0.0,9.090909090909092,0.0,9.090909090909092,9.090909090909092,9.090909090909092,9.090909090909092,27.272727272727273,0.0,0.0,9.090909090909092,0.0,9.090909090909092,0.0,0.0,0.0,0.0,0.0,0.0,0
8,2,-0.12500000000000008,1100.2722,0.375,11.999967765808105,0.0,0.0,0.0,0.0,37.5,0.0,0.0,0.0,0.0,12.5,0.0,12.5,0.0,0.0,25.0,0.0,12.5,0.0,0.0,0.0,1
34,3,0.18529411764705883,3455.0584,0.029411764705882356,10.001705741882326,23.529411764705884,0.0,2.9411764705882355,0.0,0.0,11.764705882352942,2.9411764705882355,2.9411764705882355,11.764705882352942,14.705882352941176,5.882352941176471,0.0,0.0,5.882352941176471,0.0,2.9411764705882355,11.764705882352942,0.0,2.9411764705882355,0.0,1
23,1,-0.32173913043478264,2887.4215,0.17391304347826086,8.031487464904785,0.0,8.695652173913043,4.3478260869565215,8.695652173913043,4.3478260869565215,0.0,4.3478260869565215,13.043478260869565,17.391304347826086,4.3478260869565215,0.0,0.0,8.695652173913043,0.0,0.0,4.3478260869565215,4.3478260869565215,4.3478260869565215,13.043478260869565,0.0,0
12,5,-0.5333333333333333,1492.8526,0.16666666666666669,11.166133689880368,8.333333333333334,0.0,0.0,0.0,8.333333333333334,8.333333333333334,0.0,0.0,25.0,25.0,0.0,0.0,0.0,0.0,16.666666666666668,0.0,0.0,0.0,0.0,8.333333333333334,1
15,0,0.49999999999999994,1653.9885,0.06666666666666667,6.890045356750489,6.666666666666667,20.0,6.666666666666667,0.0,6.666666666666667,6.666666666666667,13.333333333333334,13.333333333333334,6.666666666666667,6.666666666666667,0.0,0.0,13.333333333333334,0.0,0.0,0.0,0.0,0.0,0.0,0.0,0
14,-2,-0.16428571428571428,1881.0446999999997,0.42857142857142855,4.0500284194946286,0.0,0.0,7.142857142857143,7.142857142857143,0.0,7.142857142857143,0.0,14.285714285714286,0.0,0.0,0.0,0.0,0.0,0.0,0.0,7.142857142857143,7.142857142857143,7.142857142857143,21.428571428571427,21.428571428571427,0
20,3,-1.395,2340.6384,0.1,10.266928672790524,0.0,0.0,5.0,0.0,0.0,5.0,0.0,5.0,5.0,5.0,0.0,10.0,25.0,0.0,15.0,5.0,5.0,5.0,0.0,10.0,1
14,6,-1.4214285714285713,1923.3598999999997,0.2142857142857143,11.735067176818848,0.0,7.142857142857143,0.0,0.0,7.142857142857143,7.142857142857143,0.0,0.0,21.428571428571427,7.142857142857143,7.142857142857143,0.0,0.0,7.142857142857143,21.428571428571427,0.0,0.0,0.0,14.285714285714286,0.0,1
19,6,-0.5842105263157894,2765.3114,0.3684210526315789,11.999967765808105,5.2631578947368425,0.0,0.0,0.0,5.2631578947368425,0.0,0.0,10.526315789473685,10.526315789473685,10.526315789473685,0.0,0.0,0.0,0.0,21.05263157894737,0.0,5.2631578947368425,0.0,26.31578947368421,5.2631578947368425,1
11,2,-1.2181818181818183,1346.5393,0.09090909090909091,11.999967765808105,0.0,0.0,0.0,0.0,0.0,9.090909090909092,9.090909090909092,0.0,0.0,18.181818181818183,0.0,0.0,18.181818181818183,9.090909090909092,18.181818181818183,9.090909090909092,0.0,0.0,9.090909090909092,0.0,0
10,2,-0.09000000000000005,1152.3668,0.1,11.000836753845213,0.0,0.0,0.0,0.0,10.0,10.0,0.0,10.0,10.0,10.0,10.0,10.0,0.0,0.0,10.0,20.0,0.0,0.0,0.0,0.0,0
17,2,1.2705882352941176,2205.839,0.17647058823529413,10.351898002624512,0.0,5.882352941176471,0.0,0.0,11.764705882352942,0.0,0.0,5.882352941176471,0.0,17.647058823529413,23.529411764705884,0.0,0.0,5.882352941176471,11.764705882352942,5.882352941176471,0.0,5.882352941176471,5.882352941176471,0.0,0
35,7,-0.07142857142857141,3835.6542,0.05714285714285714,10.728973579406738,14.285714285714286,0.0,0.0,5.714285714285714,2.857142857142857,11.428571428571429,0.0,11.428571428571429,20.0,5.714285714285714,2.857142857142857,5.714285714285714,2.857142857142857,0.0,5.714285714285714,0.0,0.0,8.571428571428571,2.857142857142857,0.0,1
21,6,0.20476190476190476,2136.6683,0.047619047619047616,10.699318122863769,28.571428571428573,0.0,0.0,0.0,0.0,14.285714285714286,0.0,0.0,28.571428571428573,23.80952380952381,0.0,0.0,0.0,0.0,0.0,0.0,0.0,0.0,4.761904761904762,0.0,1
25,3,0.74,2785.3758,0.08,9.421812629699708,4.0,8.0,0.0,0.0,0.0,8.0,4.0,12.0,8.0,12.0,0.0,4.0,4.0,0.0,4.0,4.0,8.0,12.0,4.0,4.0,0
12,4,-1.0083333333333333,1594.908,0.16666666666666669,11.712567710876463,8.333333333333334,8.333333333333334,0.0,0.0,8.333333333333334,0.0,0.0,0.0,8.333333333333334,0.0,8.333333333333334,8.333333333333334,0.0,8.333333333333334,25.0,0.0,0.0,8.333333333333334,8.333333333333334,0.0,1
18,5,0.35,2105.6277,0.05555555555555555,9.302803993225098,0.0,33.333333333333336,0.0,0.0,5.555555555555555,11.11111111111111,0.0,5.555555555555555,0.0,5.555555555555555,0.0,0.0,0.0,0.0,27.77777777777778,0.0,5.555555555555555,5.555555555555555,0.0,0.0,1
12,2,-2.3583333333333334,1562.6924,0.16666666666666669,9.700316047668458,0.0,0.0,0.0,8.333333333333334,8.333333333333334,8.333333333333334,33.333333333333336,0.0,16.666666666666668,0.0,0.0,0.0,0.0,0.0,8.333333333333334,8.333333333333334,0.0,0.0,0.0,8.333333333333334,1
27,-1,0.23703703703703705,2986.3853,0.037037037037037035,4.558112144470216,22.22222222222222,7.407407407407407,7.407407407407407,3.7037037037037037,0.0,0.0,0.0,7.407407407407407,0.0,7.407407407407407,0.0,3.7037037037037037,0.0,14.814814814814815,7.407407407407407,0.0,3.7037037037037037,11.11111111111111,3.7037037037037037,0.0,0
44,2,-0.3727272727272727,4845.4378,0.11363636363636365,8.318629646301272,4.545454545454546,13.636363636363637,2.272727272727273,4.545454545454546,2.272727272727273,13.636363636363637,2.272727272727273,2.272727272727273,6.818181818181818,4.545454545454546,0.0,11.363636363636363,0.0,0.0,4.545454545454546,6.818181818181818,4.545454545454546,6.818181818181818,4.545454545454546,4.545454545454546,1
37,0,-0.38378378378378375,4506.1023,0.21621621621621623,6.75306339263916,2.7027027027027026,2.7027027027027026,0.0,8.108108108108109,2.7027027027027026,5.405405405405405,2.7027027027027026,5.405405405405405,5.405405405405405,2.7027027027027026,0.0,2.7027027027027026,10.81081081081081,2.7027027027027026,2.7027027027027026,2.7027027027027026,10.81081081081081,10.81081081081081,13.513513513513514,5.405405405405405,0
13,3,0.7615384615384616,1415.7619,0.07692307692307693,10.302063941955566,7.6923076923076925,0.0,0.0,0.0,7.6923076923076925,0.0,0.0,0.0,23.076923076923077,15.384615384615385,0.0,0.0,7.6923076923076925,0.0,0.0,15.384615384615385,0.0,23.076923076923077,0.0,0.0,1
19,1,0.37368421052631573,2113.3809,0.21052631578947367,8.76849002838135,10.526315789473685,0.0,0.0,0.0,15.789473684210526,21.05263157894737,15.789473684210526,0.0,0.0,15.789473684210526,0.0,5.2631578947368425,0.0,0.0,5.2631578947368425,0.0,0.0,5.2631578947368425,0.0,5.2631578947368425,1
21,0,-0.8476190476190476,2686.0543,0.1904761904761905,6.256404304504395,0.0,9.523809523809524,9.523809523809524,4.761904761904762,0.0,4.761904761904762,0.0,4.761904761904762,4.761904761904762,4.761904761904762,4.761904761904762,4.761904761904762,4.761904761904762,4.761904761904762,9.523809523809524,4.761904761904762,0.0,4.761904761904762,14.285714285714286,4.761904761904762,0
15,-2,-1.7866666666666666,1918.0273000000002,0.13333333333333333,4.4939977645874025,0.0,0.0,0.0,26.666666666666668,0.0,6.666666666666667,0.0,13.333333333333334,6.666666666666667,0.0,0.0,20.0,0.0,0.0,6.666666666666667,0.0,6.666666666666667,0.0,13.333333333333334,0.0,0
31,10,-0.9612903225806452,3867.4737999999998,0.25806451612903225,11.999967765808105,3.225806451612903,0.0,0.0,0.0,19.35483870967742,12.903225806451612,0.0,0.0,12.903225806451612,6.451612903225806,0.0,3.225806451612903,0.0,3.225806451612903,19.35483870967742,6.451612903225806,6.451612903225806,0.0,6.451612903225806,0.0,1
21,5,-0.09999999999999998,2347.8627,0.09523809523809523,10.602486610412598,4.761904761904762,0.0,0.0,0.0,4.761904761904762,14.285714285714286,0.0,14.285714285714286,23.80952380952381,4.761904761904762,4.761904761904762,4.761904761904762,0.0,4.761904761904762,0.0,4.761904761904762,4.761904761904762,4.761904761904762,4.761904761904762,0.0,1
23,-2,-0.16521739130434782,2672.0378,0.13043478260869565,4.225945091247559,4.3478260869565215,13.043478260869565,13.043478260869565,4.3478260869565215,8.695652173913043,0.0,0.0,8.695652173913043,8.695652173913043,0.0,4.3478260869565215,8.695652173913043,4.3478260869565215,0.0,0.0,0.0,13.043478260869565,4.3478260869565215,0.0,4.3478260869565215,0
19,0,-1.857894736842105,2220.404,0.052631578947368425,6.2568021774292,15.789473684210526,0.0,5.2631578947368425,15.789473684210526,0.0,5.2631578947368425,0.0,0.0,5.2631578947368425,5.2631578947368425,0.0,5.2631578947368425,15.789473684210526,5.2631578947368425,15.789473684210526,0.0,0.0,0.0,5.2631578947368425,0.0,0
76,-2,-0.27631578947368424,9452.788700000001,0.2368421052631579,5.482541465759277,5.2631578947368425,5.2631578947368425,5.2631578947368425,5.2631578947368425,5.2631578947368425,3.9473684210526314,2.6315789473684212,2.6315789473684212,5.2631578947368425,6.578947368421052,5.2631578947368425,7.894736842105263,3.9473684210526314,2.6315789473684212,2.6315789473684212,1.3157894736842106,2.6315789473684212,7.894736842105263,10.526315789473685,7.894736842105263,0
14,6,-0.14285714285714282,1782.2386999999999,0.0,11.999967765808105,0.0,14.285714285714286,0.0,0.0,0.0,0.0,0.0,14.285714285714286,0.0,0.0,0.0,0.0,7.142857142857143,0.0,42.857142857142854,0.0,0.0,21.428571428571427,0.0,0.0,1
16,3,-0.5625,2034.4751,0.0625,11.000449943542481,6.25,0.0,0.0,0.0,0.0,0.0,6.25,6.25,6.25,12.5,18.75,6.25,0.0,12.5,12.5,0.0,6.25,0.0,0.0,6.25,0
25,2,0.58,2410.8093999999996,0.04,9.703023719787598,28.0,0.0,0.0,4.0,0.0,16.0,0.0,8.0,12.0,12.0,0.0,4.0,0.0,0.0,0.0,4.0,4.0,4.0,4.0,0.0,1
19,1,1.1105263157894736,2049.4168,0.10526315789473685,8.76417064666748,21.05263157894737,0.0,0.0,0.0,10.526315789473685,0.0,10.526315789473685,15.789473684210526,5.2631578947368425,10.526315789473685,0.0,5.2631578947368425,5.2631578947368425,0.0,0.0,10.526315789473685,0.0,5.2631578947368425,0.0,0.0,1
9,2,-0.8111111111111111,1093.2766,0.1111111111111111,9.699800300598145,11.11111111111111,0.0,11.11111111111111,0.0,0.0,0.0,0.0,11.11111111111111,22.22222222222222,0.0,0.0,0.0,0.0,0.0,11.11111111111111,0.0,11.11111111111111,11.11111111111111,0.0,11.11111111111111,0
18,3,-0.06666666666666671,2263.6847,0.2777777777777778,9.38783779144287,5.555555555555555,11.11111111111111,0.0,0.0,11.11111111111111,5.555555555555555,0.0,5.555555555555555,5.555555555555555,0.0,11.11111111111111,5.555555555555555,0.0,0.0,11.11111111111111,11.11111111111111,0.0,0.0,5.555555555555555,11.11111111111111,0
11,-1,-0.4181818181818182,1268.4176,0.0,4.368724632263183,0.0,9.090909090909092,9.090909090909092,9.090909090909092,0.0,0.0,0.0,9.090909090909092,0.0,9.090909090909092,9.090909090909092,9.090909090909092,0.0,0.0,9.090909090909092,18.181818181818183,9.090909090909092,0.0,0.0,0.0,0
8,-1,2.025,1020.2206000000001,0.25,4.0500284194946286,0.0,0.0,12.5,0.0,0.0,0.0,0.0,37.5,0.0,0.0,0.0,0.0,0.0,0.0,0.0,0.0,0.0,25.0,12.5,12.5,0
9,4,-0.1888888888888889,1096.3733,0.0,11.999967765808105,22.22222222222222,0.0,0.0,0.0,0.0,0.0,0.0,11.11111111111111,11.11111111111111,22.22222222222222,0.0,0.0,0.0,0.0,33.333333333333336,0.0,0.0,0.0,0.0,0.0,1
24,4,1.0999999999999999,2645.3401,0.16666666666666669,9.70128307342529,16.666666666666668,8.333333333333334,0.0,0.0,16.666666666666668,4.166666666666667,0.0,12.5,16.666666666666668,8.333333333333334,4.166666666666667,0.0,8.333333333333334,0.0,0.0,4.166666666666667,0.0,0.0,0.0,0.0,1
13,1,1.723076923076923,1403.7493,0.15384615384615385,8.750052070617677,0.0,0.0,0.0,0.0,15.384615384615385,15.384615384615385,0.0,7.6923076923076925,7.6923076923076925,30.76923076923077,0.0,0.0,7.6923076923076925,0.0,0.0,7.6923076923076925,0.0,7.6923076923076925,0.0,0.0,1
25,8,-0.472,2775.3782,0.08,10.845339012145995,16.0,0.0,0.0,0.0,4.0,0.0,0.0,4.0,32.0,8.0,0.0,0.0,4.0,0.0,0.0,8.0,16.0,4.0,4.0,0.0,1
15,1,-0.8266666666666667,1881.1194,0.26666666666666666,9.004895591735842,13.333333333333334,0.0,6.666666666666667,0.0,0.0,6.666666666666667,0.0,0.0,6.666666666666667,0.0,6.666666666666667,6.666666666666667,6.666666666666667,0.0,6.666666666666667,0.0,6.666666666666667,6.666666666666667,20.0,6.666666666666667,0
9,-3,0.15555555555555556,984.1258,0.0,4.0500284194946286,11.11111111111111,11.11111111111111,11.11111111111111,22.22222222222222,0.0,11.11111111111111,0.0,0.0,0.0,0.0,22.22222222222222,0.0,0.0,0.0,0.0,0.0,0.0,11.11111111111111,0.0,0.0,0
12,4,0.8416666666666667,1509.0176,0.08333333333333334,10.477740287780762,0.0,0.0,0.0,0.0,0.0,0.0,0.0,0.0,33.333333333333336,58.333333333333336,0.0,0.0,0.0,0.0,0.0,0.0,0.0,0.0,8.333333333333334,0.0,1
13,0,-0.3384615384615385,1357.4693,0.07692307692307693,6.696963310241699,7.6923076923076925,15.384615384615385,7.6923076923076925,0.0,0.0,7.6923076923076925,7.6923076923076925,0.0,7.6923076923076925,0.0,0.0,0.0,0.0,0.0,0.0,23.076923076923077,7.6923076923076925,7.6923076923076925,0.0,7.6923076923076925,0
44,3,-0.44090909090909086,4845.441199999999,0.11363636363636365,8.650190544128417,6.818181818181818,13.636363636363637,2.272727272727273,4.545454545454546,2.272727272727273,13.636363636363637,2.272727272727273,2.272727272727273,6.818181818181818,2.272727272727273,0.0,9.090909090909092,0.0,0.0,6.818181818181818,6.818181818181818,4.545454545454546,6.818181818181818,4.545454545454546,4.545454545454546,1
22,0,-1.0909090909090908,2653.9465,0.09090909090909091,6.753233909606934,0.0,4.545454545454546,9.090909090909092,9.090909090909092,4.545454545454546,4.545454545454546,4.545454545454546,4.545454545454546,4.545454545454546,4.545454545454546,4.545454545454546,4.545454545454546,4.545454545454546,0.0,13.636363636363637,9.090909090909092,4.545454545454546,4.545454545454546,0.0,4.545454545454546,0
7,-1,-0.4,822.9087,0.14285714285714288,5.242851448059081,0.0,28.571428571428573,0.0,14.285714285714286,14.285714285714286,14.285714285714286,14.285714285714286,0.0,0.0,0.0,0.0,0.0,0.0,14.285714285714286,0.0,0.0,0.0,0.0,0.0,0.0,0
32,4,0.259375,3290.9798,0.03125,9.448889350891115,9.375,6.25,9.375,0.0,3.125,15.625,0.0,6.25,21.875,15.625,0.0,0.0,0.0,0.0,0.0,3.125,3.125,6.25,0.0,0.0,1
26,0,-0.12692307692307694,2967.3387,0.11538461538461539,6.72475757598877,3.8461538461538463,11.538461538461538,3.8461538461538463,3.8461538461538463,7.6923076923076925,3.8461538461538463,3.8461538461538463,7.6923076923076925,3.8461538461538463,0.0,3.8461538461538463,7.6923076923076925,0.0,7.6923076923076925,3.8461538461538463,15.384615384615385,0.0,7.6923076923076925,0.0,3.8461538461538463,0
23,1,0.7782608695652173,2667.0735999999997,0.21739130434782608,8.751019096374513,0.0,0.0,0.0,0.0,21.73913043478261,13.043478260869565,17.391304347826086,8.695652173913043,4.3478260869565215,4.3478260869565215,0.0,4.3478260869565215,0.0,4.3478260869565215,0.0,4.3478260869565215,0.0,17.391304347826086,0.0,0.0,1
42,0,-0.9666666666666667,4845.3701,0.09523809523809523,6.916304969787597,7.142857142857143,2.380952380952381,4.761904761904762,4.761904761904762,4.761904761904762,4.761904761904762,4.761904761904762,4.761904761904762,4.761904761904762,2.380952380952381,4.761904761904762,4.761904761904762,9.523809523809524,11.904761904761905,4.761904761904762,7.142857142857143,4.761904761904762,2.380952380952381,2.380952380952381,2.380952380952381,0
24,0,-0.21666666666666667,2838.2879,0.08333333333333334,6.849519157409667,8.333333333333334,4.166666666666667,0.0,12.5,8.333333333333334,0.0,4.166666666666667,4.166666666666667,4.166666666666667,4.166666666666667,8.333333333333334,4.166666666666667,4.166666666666667,4.166666666666667,8.333333333333334,4.166666666666667,8.333333333333334,8.333333333333334,0.0,0.0,0
26,-2,-0.75,3129.4793999999997,0.15384615384615385,5.094388008117675,0.0,3.8461538461538463,3.8461538461538463,15.384615384615385,11.538461538461538,7.6923076923076925,3.8461538461538463,7.6923076923076925,7.6923076923076925,0.0,3.8461538461538463,3.8461538461538463,3.8461538461538463,3.8461538461538463,3.8461538461538463,3.8461538461538463,7.6923076923076925,3.8461538461538463,3.8461538461538463,0.0,0
15,2,-1.02,1923.2588,0.2,9.528249931335449,0.0,0.0,6.666666666666667,0.0,13.333333333333334,0.0,0.0,0.0,20.0,6.666666666666667,13.333333333333334,0.0,0.0,20.0,0.0,6.666666666666667,6.666666666666667,0.0,0.0,6.666666666666667,1
28,-4,-0.23214285714285715,3340.6902,0.2142857142857143,4.0500284194946286,10.714285714285714,7.142857142857143,10.714285714285714,7.142857142857143,0.0,3.5714285714285716,0.0,3.5714285714285716,3.5714285714285716,3.5714285714285716,7.142857142857143,7.142857142857143,0.0,0.0,0.0,7.142857142857143,0.0,7.142857142857143,7.142857142857143,14.285714285714286,0
15,6,0.0,1800.3234000000002,0.13333333333333333,10.699318122863769,6.666666666666667,0.0,0.0,0.0,6.666666666666667,6.666666666666667,0.0,6.666666666666667,40.0,20.0,0.0,0.0,0.0,0.0,0.0,0.0,0.0,6.666666666666667,6.666666666666667,0.0,1
26,6,0.27307692307692305,2946.5732,0.11538461538461539,10.699318122863769,11.538461538461538,0.0,0.0,0.0,7.6923076923076925,0.0,3.8461538461538463,3.8461538461538463,23.076923076923077,15.384615384615385,0.0,0.0,0.0,0.0,0.0,11.538461538461538,11.538461538461538,7.6923076923076925,3.8461538461538463,0.0,1
9,2,0.2888888888888888,1244.4885,0.33333333333333337,11.000901222229004,0.0,0.0,0.0,0.0,33.333333333333336,0.0,22.22222222222222,22.22222222222222,11.11111111111111,0.0,0.0,0.0,0.0,0.0,11.11111111111111,0.0,0.0,0.0,0.0,0.0,1
10,2,0.26,1393.6749,0.4,9.993969535827638,0.0,0.0,0.0,0.0,10.0,0.0,0.0,10.0,10.0,0.0,0.0,0.0,10.0,0.0,10.0,0.0,0.0,20.0,20.0,10.0,0
15,7,-0.38,1857.4178000000002,0.13333333333333333,10.778420829772951,0.0,0.0,0.0,0.0,6.666666666666667,6.666666666666667,0.0,6.666666666666667,46.666666666666664,20.0,0.0,0.0,0.0,0.0,0.0,0.0,0.0,6.666666666666667,6.666666666666667,0.0,1
14,-4,-1.3714285714285714,1665.7559999999999,0.07142857142857144,4.100842475891112,0.0,7.142857142857143,21.428571428571427,14.285714285714286,0.0,7.142857142857143,7.142857142857143,0.0,7.142857142857143,7.142857142857143,7.142857142857143,0.0,0.0,0.0,0.0,7.142857142857143,7.142857142857143,0.0,7.142857142857143,0.0,0
25,1,-0.284,2728.0296,0.12,8.206325721740722,16.0,4.0,4.0,4.0,8.0,12.0,4.0,0.0,4.0,0.0,4.0,8.0,0.0,4.0,8.0,4.0,0.0,12.0,0.0,4.0,0
42,6,-0.0023809523809523595,4416.0961,0.047619047619047616,10.655673027038574,19.047619047619047,0.0,2.380952380952381,2.380952380952381,4.761904761904762,7.142857142857143,7.142857142857143,4.761904761904762,14.285714285714286,2.380952380952381,0.0,2.380952380952381,0.0,0.0,4.761904761904762,4.761904761904762,9.523809523809524,14.285714285714286,0.0,0.0,1
19,-2,-0.21052631578947373,2112.3651999999997,0.10526315789473685,4.651100730895997,0.0,10.526315789473685,5.2631578947368425,10.526315789473685,10.526315789473685,10.526315789473685,5.2631578947368425,0.0,0.0,5.2631578947368425,5.2631578947368425,0.0,10.526315789473685,0.0,5.2631578947368425,10.526315789473685,5.2631578947368425,5.2631578947368425,0.0,0.0,0
15,0,-0.22000000000000003,1749.9831,0.13333333333333333,6.046100044250489,6.666666666666667,0.0,0.0,6.666666666666667,0.0,0.0,0.0,0.0,0.0,6.666666666666667,6.666666666666667,6.666666666666667,13.333333333333334,0.0,6.666666666666667,13.333333333333334,6.666666666666667,13.333333333333334,6.666666666666667,6.666666666666667,0
16,-3,-0.2375,1702.8804,0.0625,4.0500284194946286,6.25,0.0,6.25,12.5,0.0,18.75,0.0,0.0,0.0,0.0,18.75,0.0,0.0,0.0,0.0,6.25,18.75,6.25,6.25,0.0,0
23,1,-1.0782608695652174,2744.0937999999996,0.08695652173913043,8.485409355163576,0.0,0.0,8.695652173913043,0.0,0.0,4.3478260869565215,4.3478260869565215,8.695652173913043,4.3478260869565215,4.3478260869565215,4.3478260869565215,13.043478260869565,17.391304347826086,0.0,8.695652173913043,4.3478260869565215,4.3478260869565215,4.3478260869565215,8.695652173913043,0.0,0
18,-3,-1.1388888888888888,2169.3319,0.16666666666666666,4.626603126525879,0.0,11.11111111111111,5.555555555555555,11.11111111111111,11.11111111111111,5.555555555555555,11.11111111111111,0.0,0.0,0.0,5.555555555555555,11.11111111111111,11.11111111111111,5.555555555555555,0.0,0.0,5.555555555555555,0.0,0.0,5.555555555555555,0
39,5,-0.38974358974358975,4156.7527,0.025641025641025644,11.068979835510252,17.94871794871795,0.0,2.5641025641025643,2.5641025641025643,0.0,12.820512820512821,2.5641025641025643,10.256410256410257,10.256410256410257,5.128205128205129,0.0,2.5641025641025643,0.0,10.256410256410257,7.6923076923076925,0.0,7.6923076923076925,5.128205128205129,2.5641025641025643,0.0,1
22,6,-0.14545454545454548,2481.0384,0.0,11.38848514556885,18.181818181818183,0.0,0.0,0.0,0.0,0.0,9.090909090909092,4.545454545454546,22.727272727272727,22.727272727272727,0.0,9.090909090909092,0.0,0.0,4.545454545454546,0.0,4.545454545454546,4.545454545454546,0.0,0.0,1
33,0,-0.4878787878787879,3849.3212000000003,0.12121212121212122,6.970643043518066,3.0303030303030303,9.090909090909092,9.090909090909092,0.0,9.090909090909092,6.0606060606060606,9.090909090909092,9.090909090909092,0.0,0.0,3.0303030303030303,0.0,9.090909090909092,9.090909090909092,9.090909090909092,9.090909090909092,0.0,3.0303030303030303,0.0,3.0303030303030303,0
13,1,0.5769230769230769,1597.0014999999999,0.15384615384615385,7.959089469909668,0.0,23.076923076923077,0.0,0.0,7.6923076923076925,0.0,7.6923076923076925,0.0,7.6923076923076925,0.0,23.076923076923077,7.6923076923076925,0.0,0.0,0.0,7.6923076923076925,0.0,7.6923076923076925,0.0,7.6923076923076925,0
11,2,0.9636363636363636,1228.4809,0.2727272727272727,10.002737236022949,18.181818181818183,0.0,0.0,0.0,27.272727272727273,9.090909090909092,0.0,0.0,18.181818181818183,18.181818181818183,0.0,0.0,0.0,0.0,0.0,9.090909090909092,0.0,0.0,0.0,0.0,1
12,-1,0.425,1547.8596,0.16666666666666669,4.535547065734863,0.0,0.0,16.666666666666668,0.0,8.333333333333334,0.0,0.0,8.333333333333334,0.0,0.0,25.0,0.0,0.0,8.333333333333334,8.333333333333334,0.0,0.0,16.666666666666668,0.0,8.333333333333334,0
7,0,-0.04285714285714294,1065.2230000000002,0.7142857142857143,5.525000190734862,0.0,0.0,0.0,0.0,28.571428571428573,0.0,0.0,0.0,0.0,0.0,0.0,0.0,28.571428571428573,0.0,0.0,0.0,0.0,0.0,42.857142857142854,0.0,1
27,-3,0.11851851851851848,3246.6701,0.18518518518518517,4.398849296569825,3.7037037037037037,11.11111111111111,11.11111111111111,0.0,3.7037037037037037,3.7037037037037037,7.407407407407407,14.814814814814815,0.0,3.7037037037037037,3.7037037037037037,0.0,3.7037037037037037,7.407407407407407,0.0,7.407407407407407,3.7037037037037037,0.0,7.407407407407407,7.407407407407407,0
18,2,0.4277777777777777,2348.7658,0.33333333333333337,9.98623332977295,5.555555555555555,0.0,0.0,0.0,16.666666666666668,5.555555555555555,5.555555555555555,5.555555555555555,0.0,16.666666666666668,5.555555555555555,5.555555555555555,0.0,0.0,11.11111111111111,0.0,5.555555555555555,0.0,5.555555555555555,11.11111111111111,0
12,4,-1.6500000000000001,1623.9062,0.16666666666666669,11.712567710876463,8.333333333333334,8.333333333333334,0.0,0.0,8.333333333333334,0.0,0.0,0.0,8.333333333333334,0.0,8.333333333333334,8.333333333333334,0.0,16.666666666666668,25.0,0.0,0.0,0.0,8.333333333333334,0.0,1
42,2,-0.5833333333333334,4931.6947,0.09523809523809523,9.965087699890137,2.380952380952381,0.0,4.761904761904762,4.761904761904762,4.761904761904762,0.0,2.380952380952381,14.285714285714286,2.380952380952381,4.761904761904762,0.0,0.0,26.19047619047619,2.380952380952381,11.904761904761905,7.142857142857143,4.761904761904762,2.380952380952381,2.380952380952381,2.380952380952381,1
18,-3,-1.4833333333333334,2009.0917,0.0,4.433805274963379,5.555555555555555,0.0,27.77777777777778,0.0,0.0,5.555555555555555,5.555555555555555,11.11111111111111,11.11111111111111,0.0,0.0,5.555555555555555,5.555555555555555,11.11111111111111,0.0,0.0,5.555555555555555,5.555555555555555,0.0,0.0,0
40,3,0.62,4792.7323,0.2,9.626822090148927,10.0,2.5,0.0,2.5,7.5,5.0,0.0,12.5,5.0,7.5,5.0,0.0,2.5,10.0,5.0,5.0,0.0,7.5,7.5,5.0,0
44,1,-0.5090909090909091,5394.0392,0.22727272727272727,7.993773460388184,0.0,4.545454545454546,2.272727272727273,2.272727272727273,11.363636363636363,4.545454545454546,4.545454545454546,6.818181818181818,6.818181818181818,2.272727272727273,2.272727272727273,11.363636363636363,2.272727272727273,9.090909090909092,0.0,2.272727272727273,11.363636363636363,4.545454545454546,4.545454545454546,6.818181818181818,0
19,5,-1.5736842105263158,2212.5591,0.052631578947368425,11.999967765808105,0.0,0.0,0.0,0.0,0.0,5.2631578947368425,5.2631578947368425,5.2631578947368425,5.2631578947368425,0.0,0.0,0.0,31.57894736842105,0.0,21.05263157894737,5.2631578947368425,10.526315789473685,5.2631578947368425,0.0,5.2631578947368425,1
24,13,-0.5124999999999998,3138.8704,0.0,11.999967765808105,0.0,0.0,0.0,0.0,0.0,0.0,0.0,0.0,0.0,0.0,0.0,0.0,0.0,0.0,54.166666666666664,0.0,0.0,45.833333333333336,0.0,0.0,1
13,0,0.35384615384615387,1278.4323,0.0,5.994262886047363,15.384615384615385,7.6923076923076925,0.0,7.6923076923076925,0.0,7.6923076923076925,0.0,0.0,7.6923076923076925,7.6923076923076925,0.0,0.0,0.0,7.6923076923076925,0.0,23.076923076923077,0.0,15.384615384615385,0.0,0.0,0
26,-3,-0.5192307692307693,3285.6148,0.2692307692307693,4.12948932647705,3.8461538461538463,0.0,3.8461538461538463,7.6923076923076925,3.8461538461538463,3.8461538461538463,3.8461538461538463,3.8461538461538463,0.0,7.6923076923076925,7.6923076923076925,11.538461538461538,3.8461538461538463,3.8461538461538463,0.0,3.8461538461538463,3.8461538461538463,3.8461538461538463,7.6923076923076925,15.384615384615385,0
15,3,-1.3133333333333332,1725.9337,0.06666666666666667,9.219962120056149,0.0,20.0,6.666666666666667,0.0,6.666666666666667,13.333333333333334,6.666666666666667,0.0,6.666666666666667,0.0,0.0,6.666666666666667,0.0,0.0,20.0,13.333333333333334,0.0,0.0,0.0,0.0,0
90,-8,-0.6155555555555555,10208.2292,0.044444444444444446,5.159809684753417,13.333333333333334,6.666666666666667,6.666666666666667,10.0,2.2222222222222223,1.1111111111111112,7.777777777777778,4.444444444444445,3.3333333333333335,7.777777777777778,2.2222222222222223,7.777777777777778,2.2222222222222223,5.555555555555555,4.444444444444445,2.2222222222222223,6.666666666666667,3.3333333333333335,0.0,2.2222222222222223,1
26,0,-0.21538461538461545,3140.553,0.19230769230769232,6.922443580627441,3.8461538461538463,3.8461538461538463,0.0,7.6923076923076925,15.384615384615385,3.8461538461538463,7.6923076923076925,3.8461538461538463,0.0,7.6923076923076925,3.8461538461538463,11.538461538461538,7.6923076923076925,0.0,7.6923076923076925,3.8461538461538463,3.8461538461538463,3.8461538461538463,0.0,3.8461538461538463,0
15,4,-0.29333333333333333,1721.0994,0.0,11.999967765808105,6.666666666666667,0.0,0.0,0.0,0.0,6.666666666666667,0.0,13.333333333333334,13.333333333333334,20.0,0.0,0.0,6.666666666666667,13.333333333333334,13.333333333333334,6.666666666666667,0.0,0.0,0.0,0.0,1
16,-2,-0.29375,1877.1291999999999,0.125,4.0500284194946286,0.0,25.0,0.0,12.5,0.0,12.5,0.0,0.0,0.0,0.0,6.25,6.25,0.0,12.5,0.0,0.0,6.25,6.25,12.5,0.0,0
12,0,0.3999999999999999,1390.6115,0.08333333333333334,6.907779121398925,8.333333333333334,8.333333333333334,0.0,0.0,0.0,8.333333333333334,16.666666666666668,0.0,0.0,33.333333333333336,0.0,16.666666666666668,0.0,0.0,0.0,0.0,0.0,0.0,8.333333333333334,0.0,1
19,6,-1.2105263157894737,2754.1248,0.42105263157894735,11.999967765808105,15.789473684210526,0.0,0.0,0.0,10.526315789473685,0.0,0.0,0.0,0.0,0.0,0.0,0.0,0.0,0.0,31.57894736842105,10.526315789473685,0.0,0.0,31.57894736842105,0.0,1
2,1,-3.85,311.34029999999996,0.0,9.756532478332517,0.0,0.0,0.0,0.0,0.0,0.0,50.0,0.0,0.0,0.0,0.0,0.0,0.0,0.0,50.0,0.0,0.0,0.0,0.0,0.0,1
21,-2,-1.2523809523809524,2255.3601,0.0,5.4018869400024405,9.523809523809524,0.0,4.761904761904762,9.523809523809524,0.0,9.523809523809524,9.523809523809524,9.523809523809524,4.761904761904762,0.0,0.0,14.285714285714286,9.523809523809524,9.523809523809524,0.0,4.761904761904762,0.0,4.761904761904762,0.0,0.0,0
15,1,-1.0866666666666667,1911.2117000000003,0.13333333333333333,8.58881664276123,6.666666666666667,0.0,6.666666666666667,6.666666666666667,0.0,6.666666666666667,0.0,0.0,6.666666666666667,13.333333333333334,13.333333333333334,6.666666666666667,0.0,6.666666666666667,13.333333333333334,0.0,0.0,0.0,6.666666666666667,6.666666666666667,0
20,-2,-0.25000000000000006,2530.8897,0.25,4.959679603576659,5.0,10.0,0.0,15.0,5.0,0.0,5.0,5.0,5.0,10.0,5.0,5.0,5.0,0.0,0.0,0.0,5.0,0.0,0.0,20.0,0
15,-1,0.8466666666666666,1652.9308,0.13333333333333333,5.24313564300537,6.666666666666667,6.666666666666667,0.0,6.666666666666667,13.333333333333334,6.666666666666667,6.666666666666667,0.0,0.0,13.333333333333334,6.666666666666667,0.0,6.666666666666667,0.0,0.0,6.666666666666667,13.333333333333334,6.666666666666667,0.0,0.0,0
15,7,-0.5133333333333333,1815.3381,0.13333333333333333,10.778420829772951,6.666666666666667,0.0,0.0,0.0,6.666666666666667,6.666666666666667,0.0,6.666666666666667,46.666666666666664,13.333333333333334,0.0,0.0,0.0,0.0,0.0,0.0,0.0,6.666666666666667,6.666666666666667,0.0,1
28,-3,-0.38571428571428573,3382.6921,0.17857142857142858,5.113883781433105,0.0,3.5714285714285716,7.142857142857143,3.5714285714285716,0.0,7.142857142857143,10.714285714285714,7.142857142857143,0.0,7.142857142857143,3.5714285714285716,3.5714285714285716,0.0,7.142857142857143,0.0,10.714285714285714,3.5714285714285716,7.142857142857143,7.142857142857143,10.714285714285714,0
7,-6,-3.057142857142857,765.591,0.0,4.0500284194946286,0.0,0.0,85.71428571428571,0.0,0.0,14.285714285714286,0.0,0.0,0.0,0.0,0.0,0.0,0.0,0.0,0.0,0.0,0.0,0.0,0.0,0.0,1
25,-2,-0.252,2649.9096,0.12,4.536456489562989,12.0,8.0,8.0,4.0,4.0,12.0,4.0,8.0,0.0,0.0,0.0,4.0,16.0,0.0,4.0,4.0,0.0,4.0,0.0,8.0,0
44,5,-0.9454545454545454,5529.3949999999995,0.13636363636363635,9.385001182556149,0.0,9.090909090909092,2.272727272727273,4.545454545454546,2.272727272727273,2.272727272727273,6.818181818181818,6.818181818181818,9.090909090909092,0.0,2.272727272727273,6.818181818181818,6.818181818181818,6.818181818181818,9.090909090909092,0.0,4.545454545454546,9.090909090909092,6.818181818181818,4.545454545454546,0
18,6,0.13333333333333336,1923.4346,0.05555555555555555,10.699318122863769,16.666666666666668,0.0,0.0,0.0,0.0,16.666666666666668,0.0,27.77777777777778,33.333333333333336,0.0,0.0,0.0,0.0,0.0,0.0,0.0,0.0,0.0,5.555555555555555,0.0,1
38,-1,-0.4526315789473684,4441.9657,0.10526315789473684,6.2723192214965815,10.526315789473685,5.2631578947368425,0.0,7.894736842105263,0.0,7.894736842105263,7.894736842105263,2.6315789473684212,0.0,7.894736842105263,5.2631578947368425,7.894736842105263,0.0,7.894736842105263,5.2631578947368425,2.6315789473684212,5.2631578947368425,5.2631578947368425,7.894736842105263,2.6315789473684212,0
20,-2,-1.185,2618.8376,0.2,5.476971244812011,5.0,5.0,10.0,15.0,5.0,0.0,10.0,0.0,5.0,0.0,0.0,5.0,0.0,0.0,10.0,0.0,0.0,15.0,10.0,5.0,0
16,1,0.35625,1645.9252000000001,0.0,8.081643867492676,18.75,12.5,0.0,0.0,0.0,6.25,6.25,6.25,0.0,0.0,6.25,6.25,6.25,0.0,6.25,0.0,18.75,6.25,0.0,0.0,1
18,7,-0.37222222222222223,2262.8312,0.05555555555555555,11.754278755187986,0.0,0.0,0.0,0.0,0.0,5.555555555555555,5.555555555555555,33.333333333333336,22.22222222222222,5.555555555555555,0.0,5.555555555555555,0.0,0.0,16.666666666666668,0.0,0.0,0.0,0.0,5.555555555555555,1
7,-5,-2.3000000000000003,721.5814999999999,0.0,4.0500284194946286,14.285714285714286,0.0,71.42857142857143,0.0,0.0,14.285714285714286,0.0,0.0,0.0,0.0,0.0,0.0,0.0,0.0,0.0,0.0,0.0,0.0,0.0,0.0,1
27,3,-0.09629629629629631,3099.6119,0.14814814814814814,9.389191627502441,3.7037037037037037,7.407407407407407,0.0,0.0,11.11111111111111,11.11111111111111,3.7037037037037037,3.7037037037037037,7.407407407407407,3.7037037037037037,3.7037037037037037,11.11111111111111,3.7037037037037037,11.11111111111111,3.7037037037037037,0.0,0.0,11.11111111111111,0.0,3.7037037037037037,0
14,6,0.4285714285714285,1726.3261,0.07142857142857144,10.699318122863769,0.0,0.0,0.0,0.0,7.142857142857143,0.0,0.0,0.0,42.857142857142854,50.0,0.0,0.0,0.0,0.0,0.0,0.0,0.0,0.0,0.0,0.0,1
15,2,-1.5266666666666666,1790.0953,0.0,9.528572273254394,6.666666666666667,0.0,6.666666666666667,6.666666666666667,0.0,0.0,13.333333333333334,6.666666666666667,26.666666666666668,6.666666666666667,6.666666666666667,0.0,6.666666666666667,6.666666666666667,0.0,6.666666666666667,0.0,0.0,0.0,0.0,1
19,-1,-0.8157894736842105,2249.5077,0.10526315789473685,5.944983482360839,5.2631578947368425,5.2631578947368425,15.789473684210526,0.0,0.0,10.526315789473685,10.526315789473685,10.526315789473685,5.2631578947368425,0.0,10.526315789473685,5.2631578947368425,0.0,0.0,5.2631578947368425,5.2631578947368425,0.0,0.0,5.2631578947368425,5.2631578947368425,0
26,3,0.9192307692307692,2779.3911,0.07692307692307693,10.860424613952638,7.6923076923076925,3.8461538461538463,0.0,0.0,7.6923076923076925,7.6923076923076925,0.0,7.6923076923076925,3.8461538461538463,11.538461538461538,0.0,3.8461538461538463,15.384615384615385,0.0,7.6923076923076925,0.0,7.6923076923076925,15.384615384615385,0.0,0.0,1
11,2,-1.3636363636363635,1178.3429999999998,0.0,9.507748985290526,0.0,9.090909090909092,0.0,0.0,0.0,18.181818181818183,0.0,0.0,9.090909090909092,0.0,9.090909090909092,0.0,9.090909090909092,18.181818181818183,9.090909090909092,18.181818181818183,0.0,0.0,0.0,0.0,0
26,3,-0.7846153846153847,3210.6050999999998,0.15384615384615385,9.980882453918458,15.384615384615385,0.0,3.8461538461538463,3.8461538461538463,0.0,0.0,3.8461538461538463,7.6923076923076925,0.0,11.538461538461538,0.0,3.8461538461538463,3.8461538461538463,3.8461538461538463,19.23076923076923,3.8461538461538463,3.8461538461538463,0.0,0.0,15.384615384615385,1
16,4,1.175,1714.1861000000001,0.0625,10.477740287780762,12.5,0.0,0.0,0.0,6.25,6.25,0.0,12.5,25.0,12.5,0.0,0.0,0.0,0.0,0.0,6.25,0.0,18.75,0.0,0.0,1
15,-1,-1.4066666666666667,1745.8901,0.06666666666666667,5.194140434265136,0.0,0.0,13.333333333333334,0.0,0.0,6.666666666666667,6.666666666666667,0.0,6.666666666666667,0.0,13.333333333333334,13.333333333333334,6.666666666666667,6.666666666666667,0.0,13.333333333333334,0.0,6.666666666666667,6.666666666666667,0.0,1
26,-1,-0.6961538461538462,3064.3927,0.11538461538461539,6.263111305236817,3.8461538461538463,3.8461538461538463,7.6923076923076925,3.8461538461538463,3.8461538461538463,7.6923076923076925,11.538461538461538,3.8461538461538463,3.8461538461538463,3.8461538461538463,7.6923076923076925,3.8461538461538463,0.0,3.8461538461538463,3.8461538461538463,7.6923076923076925,7.6923076923076925,3.8461538461538463,3.8461538461538463,3.8461538461538463,0
11,1,-1.8727272727272728,1364.51,0.0,8.752824211120608,0.0,0.0,18.181818181818183,0.0,0.0,0.0,9.090909090909092,9.090909090909092,9.090909090909092,9.090909090909092,0.0,9.090909090909092,9.090909090909092,0.0,18.181818181818183,0.0,9.090909090909092,0.0,0.0,0.0,0
48,6,-0.99375,5539.2314,0.08333333333333334,10.364275932312012,8.333333333333334,0.0,6.25,4.166666666666667,4.166666666666667,4.166666666666667,4.166666666666667,2.0833333333333335,12.5,12.5,0.0,6.25,4.166666666666667,0.0,10.416666666666666,12.5,2.0833333333333335,2.0833333333333335,2.0833333333333335,2.0833333333333335,1
77,-5,-0.10909090909090911,9021.209499999999,0.15584415584415584,5.293381309509278,6.4935064935064934,2.5974025974025974,5.194805194805195,6.4935064935064934,9.090909090909092,2.5974025974025974,6.4935064935064934,3.896103896103896,5.194805194805195,7.792207792207792,5.194805194805195,5.194805194805195,5.194805194805195,3.896103896103896,0.0,6.4935064935064934,5.194805194805195,6.4935064935064934,3.896103896103896,2.5974025974025974,0
24,1,-0.2833333333333334,2873.35,0.16666666666666669,8.496884727478026,4.166666666666667,0.0,4.166666666666667,4.166666666666667,8.333333333333334,4.166666666666667,0.0,4.166666666666667,8.333333333333334,8.333333333333334,8.333333333333334,4.166666666666667,8.333333333333334,4.166666666666667,4.166666666666667,4.166666666666667,8.333333333333334,4.166666666666667,4.166666666666667,4.166666666666667,0
34,6,-0.9411764705882353,3896.4855,0.11764705882352942,9.82660961151123,8.823529411764707,8.823529411764707,0.0,0.0,2.9411764705882355,8.823529411764707,2.9411764705882355,0.0,11.764705882352942,2.9411764705882355,5.882352941176471,5.882352941176471,2.9411764705882355,8.823529411764707,5.882352941176471,5.882352941176471,8.823529411764707,0.0,2.9411764705882355,5.882352941176471,0
12,6,-0.8999999999999999,1724.1130999999998,0.16666666666666669,11.999967765808105,0.0,0.0,0.0,0.0,0.0,0.0,0.0,16.666666666666668,8.333333333333334,0.0,0.0,0.0,0.0,0.0,41.666666666666664,0.0,0.0,16.666666666666668,16.666666666666668,0.0,1
44,3,-0.6431818181818182,4596.0214,0.09090909090909091,9.190693473815916,9.090909090909092,4.545454545454546,2.272727272727273,0.0,0.0,18.181818181818183,6.818181818181818,4.545454545454546,9.090909090909092,0.0,2.272727272727273,9.090909090909092,0.0,2.272727272727273,0.0,9.090909090909092,9.090909090909092,4.545454545454546,4.545454545454546,4.545454545454546,1
16,4,-0.34375,1797.1523000000002,0.0625,11.263867759704592,12.5,0.0,0.0,0.0,0.0,12.5,0.0,12.5,18.75,12.5,0.0,0.0,0.0,12.5,6.25,6.25,0.0,0.0,6.25,0.0,1
24,2,-0.1416666666666667,2791.2925999999998,0.125,9.528378868103026,16.666666666666668,0.0,0.0,0.0,0.0,0.0,4.166666666666667,4.166666666666667,8.333333333333334,12.5,8.333333333333334,4.166666666666667,8.333333333333334,8.333333333333334,0.0,0.0,12.5,0.0,4.166666666666667,8.333333333333334,0
31,7,-0.9935483870967742,3254.7293,0.0,11.058600425720215,16.129032258064516,3.225806451612903,0.0,6.451612903225806,0.0,16.129032258064516,0.0,3.225806451612903,16.129032258064516,6.451612903225806,0.0,6.451612903225806,0.0,3.225806451612903,12.903225806451612,6.451612903225806,0.0,3.225806451612903,0.0,0.0,1
38,9,-0.09210526315789472,4091.0224,0.0,10.002157020568848,2.6315789473684212,15.789473684210526,0.0,0.0,0.0,10.526315789473685,0.0,7.894736842105263,13.157894736842104,0.0,2.6315789473684212,5.2631578947368425,7.894736842105263,2.6315789473684212,10.526315789473685,5.2631578947368425,2.6315789473684212,13.157894736842104,0.0,0.0,1
20,2,-0.43500000000000005,2527.8906,0.30000000000000004,9.437285041809083,5.0,0.0,0.0,0.0,5.0,0.0,0.0,0.0,5.0,10.0,5.0,5.0,10.0,5.0,5.0,10.0,5.0,5.0,5.0,20.0,0
10,5,-0.21000000000000002,1278.6706,0.2,10.602486610412598,0.0,0.0,0.0,0.0,20.0,0.0,0.0,0.0,50.0,20.0,0.0,0.0,0.0,0.0,0.0,0.0,0.0,10.0,0.0,0.0,1
13,2,-1.0615384615384615,1476.7209,0.07692307692307693,9.725716590881348,7.6923076923076925,0.0,7.6923076923076925,0.0,0.0,7.6923076923076925,7.6923076923076925,0.0,23.076923076923077,7.6923076923076925,0.0,0.0,15.384615384615385,0.0,0.0,0.0,7.6923076923076925,7.6923076923076925,7.6923076923076925,0.0,0
34,-2,-0.42058823529411765,4103.4891,0.17647058823529413,4.747329139709472,5.882352941176471,2.9411764705882355,11.764705882352942,2.9411764705882355,5.882352941176471,5.882352941176471,2.9411764705882355,8.823529411764707,0.0,5.882352941176471,0.0,8.823529411764707,0.0,2.9411764705882355,8.823529411764707,0.0,8.823529411764707,5.882352941176471,5.882352941176471,5.882352941176471,0
24,-2,-1.0708333333333333,2831.0022,0.125,5.995911216735839,4.166666666666667,12.5,4.166666666666667,8.333333333333334,4.166666666666667,4.166666666666667,16.666666666666668,0.0,0.0,0.0,0.0,8.333333333333334,4.166666666666667,0.0,4.166666666666667,8.333333333333334,8.333333333333334,4.166666666666667,4.166666666666667,4.166666666666667,0
15,1,-1.06,1890.1496000000002,0.06666666666666667,8.604353523254396,0.0,0.0,0.0,6.666666666666667,0.0,0.0,13.333333333333334,13.333333333333334,6.666666666666667,13.333333333333334,0.0,0.0,6.666666666666667,20.0,6.666666666666667,6.666666666666667,0.0,0.0,0.0,6.666666666666667,0
20,0,-0.58,2432.7717,0.15000000000000002,5.9514062881469725,0.0,5.0,0.0,10.0,10.0,5.0,0.0,5.0,5.0,5.0,5.0,5.0,5.0,15.0,5.0,0.0,10.0,5.0,0.0,5.0,0
20,6,-1.4449999999999998,2491.9683,0.05,10.948488426208495,5.0,10.0,5.0,0.0,0.0,5.0,10.0,0.0,15.0,0.0,5.0,0.0,5.0,5.0,20.0,0.0,0.0,10.0,5.0,0.0,0
16,2,-0.9125,1864.2366000000002,0.0625,9.528249931335449,6.25,0.0,6.25,6.25,0.0,12.5,0.0,6.25,25.0,6.25,12.5,0.0,0.0,6.25,0.0,0.0,6.25,0.0,6.25,0.0,0
26,2,-0.5769230769230769,3104.647,0.11538461538461539,8.820838356018069,0.0,7.6923076923076925,7.6923076923076925,0.0,3.8461538461538463,7.6923076923076925,0.0,7.6923076923076925,11.538461538461538,7.6923076923076925,7.6923076923076925,7.6923076923076925,3.8461538461538463,7.6923076923076925,3.8461538461538463,0.0,7.6923076923076925,0.0,3.8461538461538463,3.8461538461538463,0
26,3,0.8076923076923077,2733.2994999999996,0.07692307692307693,11.999967765808105,7.6923076923076925,0.0,0.0,0.0,7.6923076923076925,11.538461538461538,0.0,7.6923076923076925,3.8461538461538463,11.538461538461538,0.0,3.8461538461538463,15.384615384615385,0.0,7.6923076923076925,0.0,7.6923076923076925,15.384615384615385,0.0,0.0,1
7,6,-3.814285714285714,1085.3126,0.14285714285714288,11.999967765808105,0.0,0.0,0.0,0.0,0.0,0.0,0.0,0.0,28.571428571428573,0.0,0.0,0.0,0.0,0.0,57.142857142857146,0.0,0.0,0.0,14.285714285714286,0.0,1
33,3,0.1636363636363636,3417.0255,0.030303030303030304,9.243170738220215,15.151515151515152,6.0606060606060606,3.0303030303030303,3.0303030303030303,3.0303030303030303,6.0606060606060606,0.0,3.0303030303030303,15.151515151515152,15.151515151515152,3.0303030303030303,0.0,0.0,3.0303030303030303,0.0,12.121212121212121,12.121212121212121,0.0,0.0,0.0,1
27,4,-0.11111111111111115,3090.6189,0.1111111111111111,10.446344184875485,11.11111111111111,0.0,0.0,3.7037037037037037,3.7037037037037037,3.7037037037037037,0.0,3.7037037037037037,11.11111111111111,22.22222222222222,0.0,7.407407407407407,3.7037037037037037,0.0,7.407407407407407,11.11111111111111,3.7037037037037037,0.0,3.7037037037037037,3.7037037037037037,1
20,0,-0.4800000000000001,2759.0598,0.4,6.736068534851075,0.0,5.0,10.0,0.0,15.0,0.0,5.0,0.0,0.0,5.0,0.0,0.0,0.0,10.0,10.0,5.0,0.0,10.0,10.0,15.0,0
14,2,1.3499999999999999,1650.0575,0.28571428571428575,8.9037446975708,0.0,14.285714285714286,0.0,0.0,28.571428571428573,7.142857142857143,0.0,14.285714285714286,14.285714285714286,0.0,0.0,0.0,7.142857142857143,0.0,0.0,0.0,7.142857142857143,7.142857142857143,0.0,0.0,1
20,1,-0.19000000000000003,2444.9166,0.15000000000000002,7.882178688049316,5.0,20.0,5.0,5.0,10.0,0.0,5.0,0.0,10.0,5.0,10.0,0.0,0.0,5.0,5.0,5.0,5.0,0.0,0.0,5.0,0
21,1,-1.4952380952380953,2834.0933999999997,0.2857142857142857,8.75959339141846,0.0,0.0,0.0,4.761904761904762,9.523809523809524,4.761904761904762,9.523809523809524,0.0,0.0,0.0,4.761904761904762,14.285714285714286,4.761904761904762,9.523809523809524,9.523809523809524,0.0,4.761904761904762,4.761904761904762,14.285714285714286,4.761904761904762,0
10,2,-0.52,1321.6390999999999,0.0,10.260868644714353,0.0,10.0,10.0,0.0,0.0,0.0,0.0,20.0,0.0,0.0,20.0,0.0,0.0,10.0,30.0,0.0,0.0,0.0,0.0,0.0,0
11,1,-0.23636363636363636,1326.5627,0.18181818181818182,8.589912605285647,0.0,0.0,0.0,9.090909090909092,9.090909090909092,9.090909090909092,0.0,9.090909090909092,9.090909090909092,0.0,9.090909090909092,0.0,9.090909090909092,0.0,9.090909090909092,9.090909090909092,0.0,9.090909090909092,0.0,9.090909090909092,0
44,-9,-0.6045454545454546,5074.392699999999,0.13636363636363635,4.0500284194946286,6.818181818181818,4.545454545454546,11.363636363636363,9.090909090909092,4.545454545454546,4.545454545454546,2.272727272727273,6.818181818181818,0.0,4.545454545454546,0.0,6.818181818181818,6.818181818181818,9.090909090909092,0.0,2.272727272727273,6.818181818181818,4.545454545454546,4.545454545454546,4.545454545454546,0
20,-4,-0.25000000000000006,2536.9409,0.05,4.55771427154541,0.0,0.0,5.0,25.0,0.0,0.0,5.0,10.0,0.0,15.0,15.0,0.0,0.0,0.0,10.0,5.0,0.0,5.0,0.0,5.0,0
22,1,-1.1227272727272728,2686.0362,0.18181818181818182,8.2064546585083,9.090909090909092,4.545454545454546,0.0,9.090909090909092,0.0,9.090909090909092,4.545454545454546,0.0,4.545454545454546,0.0,4.545454545454546,0.0,13.636363636363637,4.545454545454546,9.090909090909092,0.0,4.545454545454546,4.545454545454546,13.636363636363637,4.545454545454546,0
28,3,0.5071428571428571,2864.491,0.0,9.243170738220215,10.714285714285714,7.142857142857143,7.142857142857143,0.0,0.0,10.714285714285714,0.0,7.142857142857143,17.857142857142858,14.285714285714286,3.5714285714285716,0.0,0.0,0.0,0.0,7.142857142857143,7.142857142857143,7.142857142857143,0.0,0.0,1
11,2,1.2181818181818183,1132.3953,0.09090909090909091,10.002737236022949,18.181818181818183,0.0,0.0,0.0,9.090909090909092,9.090909090909092,0.0,0.0,18.181818181818183,18.181818181818183,0.0,0.0,0.0,0.0,0.0,9.090909090909092,0.0,18.181818181818183,0.0,0.0,1
31,2,0.6516129032258065,3254.9045,0.06451612903225806,8.2836877822876,3.225806451612903,19.35483870967742,0.0,3.225806451612903,3.225806451612903,6.451612903225806,0.0,6.451612903225806,9.67741935483871,6.451612903225806,0.0,3.225806451612903,6.451612903225806,0.0,0.0,12.903225806451612,6.451612903225806,9.67741935483871,0.0,3.225806451612903,1
12,3,-0.9249999999999999,1566.8515,0.16666666666666669,10.860424613952638,8.333333333333334,8.333333333333334,0.0,0.0,8.333333333333334,0.0,0.0,0.0,8.333333333333334,0.0,8.333333333333334,8.333333333333334,0.0,16.666666666666668,16.666666666666668,0.0,0.0,8.333333333333334,8.333333333333334,0.0,1
18,0,-0.9333333333333333,2019.2370999999998,0.1111111111111111,6.422715187072753,0.0,0.0,11.11111111111111,0.0,0.0,11.11111111111111,5.555555555555555,0.0,11.11111111111111,0.0,5.555555555555555,0.0,11.11111111111111,0.0,0.0,5.555555555555555,16.666666666666668,11.11111111111111,5.555555555555555,5.555555555555555,0
14,-2,-1.2785714285714287,1713.8434,0.14285714285714288,5.274681282043456,0.0,0.0,7.142857142857143,14.285714285714286,7.142857142857143,7.142857142857143,14.285714285714286,0.0,7.142857142857143,14.285714285714286,0.0,0.0,7.142857142857143,7.142857142857143,0.0,0.0,7.142857142857143,0.0,0.0,7.142857142857143,0
46,0,-0.31739130434782614,5492.3233,0.17391304347826086,7.10671558380127,6.521739130434782,2.1739130434782608,2.1739130434782608,8.695652173913043,8.695652173913043,8.695652173913043,6.521739130434782,6.521739130434782,4.3478260869565215,6.521739130434782,4.3478260869565215,2.1739130434782608,10.869565217391305,0.0,6.521739130434782,2.1739130434782608,2.1739130434782608,2.1739130434782608,8.695652173913043,0.0,0
23,1,-0.43478260869565216,2744.1814999999997,0.08695652173913043,8.458268165588382,0.0,8.695652173913043,4.3478260869565215,4.3478260869565215,8.695652173913043,4.3478260869565215,4.3478260869565215,13.043478260869565,0.0,0.0,4.3478260869565215,4.3478260869565215,13.043478260869565,8.695652173913043,13.043478260869565,4.3478260869565215,0.0,4.3478260869565215,0.0,0.0,0
10,2,2.26,1179.6207,0.0,10.002737236022949,0.0,0.0,0.0,0.0,0.0,0.0,0.0,0.0,20.0,80.0,0.0,0.0,0.0,0.0,0.0,0.0,0.0,0.0,0.0,0.0,1
22,3,-0.17272727272727273,2527.0373,0.045454545454545456,9.785478782653804,4.545454545454546,4.545454545454546,0.0,9.090909090909092,4.545454545454546,4.545454545454546,0.0,13.636363636363637,13.636363636363637,9.090909090909092,0.0,4.545454545454546,9.090909090909092,0.0,9.090909090909092,0.0,9.090909090909092,4.545454545454546,0.0,0.0,1
15,-3,-0.31333333333333335,1618.6977000000002,0.13333333333333333,4.162796974182128,13.333333333333334,0.0,20.0,0.0,6.666666666666667,6.666666666666667,6.666666666666667,13.333333333333334,0.0,0.0,0.0,0.0,13.333333333333334,0.0,0.0,6.666666666666667,6.666666666666667,0.0,0.0,6.666666666666667,0
18,6,-0.6722222222222222,2059.4632,0.1111111111111111,11.744350624084472,5.555555555555555,0.0,0.0,0.0,0.0,22.22222222222222,0.0,5.555555555555555,16.666666666666668,16.666666666666668,0.0,0.0,0.0,0.0,16.666666666666668,5.555555555555555,0.0,0.0,5.555555555555555,5.555555555555555,1
27,-1,-0.30000000000000004,3003.2333999999996,0.2222222222222222,5.968685340881348,3.7037037037037037,0.0,3.7037037037037037,0.0,14.814814814814815,7.407407407407407,7.407407407407407,0.0,0.0,3.7037037037037037,0.0,0.0,14.814814814814815,3.7037037037037037,0.0,11.11111111111111,18.51851851851852,3.7037037037037037,0.0,7.407407407407407,0
12,-1,-0.27499999999999997,1201.2866999999999,0.08333333333333334,4.0500284194946286,8.333333333333334,8.333333333333334,8.333333333333334,0.0,0.0,25.0,0.0,0.0,0.0,0.0,8.333333333333334,16.666666666666668,0.0,0.0,0.0,0.0,8.333333333333334,8.333333333333334,0.0,8.333333333333334,0
12,2,-0.44166666666666665,1358.6725999999999,0.0,9.705473518371583,8.333333333333334,0.0,0.0,8.333333333333334,0.0,8.333333333333334,8.333333333333334,8.333333333333334,25.0,0.0,16.666666666666668,0.0,0.0,0.0,0.0,8.333333333333334,0.0,8.333333333333334,0.0,0.0,0
21,-3,-1.0714285714285714,2441.6495,0.14285714285714285,4.5018415451049805,4.761904761904762,9.523809523809524,9.523809523809524,14.285714285714286,0.0,14.285714285714286,4.761904761904762,9.523809523809524,9.523809523809524,0.0,0.0,0.0,4.761904761904762,4.761904761904762,0.0,0.0,0.0,0.0,4.761904761904762,9.523809523809524,0
23,1,-0.2391304347826087,2843.3091999999997,0.13043478260869565,8.058370780944824,0.0,8.695652173913043,4.3478260869565215,4.3478260869565215,4.3478260869565215,4.3478260869565215,0.0,13.043478260869565,0.0,4.3478260869565215,4.3478260869565215,0.0,4.3478260869565215,13.043478260869565,13.043478260869565,4.3478260869565215,4.3478260869565215,4.3478260869565215,4.3478260869565215,4.3478260869565215,0
9,4,-2.1444444444444444,1401.6607000000001,0.4444444444444445,11.263867759704592,0.0,0.0,0.0,0.0,11.11111111111111,0.0,11.11111111111111,0.0,33.333333333333336,0.0,0.0,0.0,0.0,0.0,11.11111111111111,0.0,0.0,0.0,33.333333333333336,0.0,1
26,11,-0.16153846153846152,3270.1459,0.11538461538461539,11.634238624572756,7.6923076923076925,0.0,0.0,0.0,0.0,0.0,0.0,7.6923076923076925,26.923076923076923,15.384615384615385,0.0,0.0,0.0,0.0,15.384615384615385,0.0,0.0,15.384615384615385,3.8461538461538463,7.6923076923076925,1
26,-3,-1.1153846153846154,3129.3071999999997,0.11538461538461539,5.2566633224487305,0.0,0.0,3.8461538461538463,11.538461538461538,0.0,3.8461538461538463,11.538461538461538,3.8461538461538463,3.8461538461538463,11.538461538461538,0.0,11.538461538461538,0.0,3.8461538461538463,0.0,7.6923076923076925,11.538461538461538,3.8461538461538463,3.8461538461538463,7.6923076923076925,0
35,-5,0.6542857142857142,3855.4749,0.05714285714285714,4.0500284194946286,5.714285714285714,5.714285714285714,5.714285714285714,11.428571428571429,2.857142857142857,5.714285714285714,0.0,8.571428571428571,2.857142857142857,8.571428571428571,5.714285714285714,0.0,2.857142857142857,5.714285714285714,0.0,5.714285714285714,5.714285714285714,14.285714285714286,2.857142857142857,0.0,0
15,1,0.2666666666666666,1828.1611000000003,0.2,8.206196784973145,0.0,6.666666666666667,0.0,0.0,6.666666666666667,0.0,6.666666666666667,6.666666666666667,0.0,6.666666666666667,6.666666666666667,0.0,13.333333333333334,0.0,6.666666666666667,6.666666666666667,13.333333333333334,6.666666666666667,0.0,13.333333333333334,0
33,3,-1.3909090909090909,3975.4314999999997,0.12121212121212122,9.1843111038208,0.0,6.0606060606060606,6.0606060606060606,3.0303030303030303,6.0606060606060606,6.0606060606060606,9.090909090909092,3.0303030303030303,15.151515151515152,3.0303030303030303,0.0,9.090909090909092,3.0303030303030303,6.0606060606060606,3.0303030303030303,0.0,12.121212121212121,3.0303030303030303,3.0303030303030303,3.0303030303030303,0
39,0,-0.5487179487179488,4799.4901,0.15384615384615385,7.027311515808105,0.0,0.0,2.5641025641025643,7.6923076923076925,7.6923076923076925,5.128205128205129,7.6923076923076925,5.128205128205129,7.6923076923076925,7.6923076923076925,5.128205128205129,2.5641025641025643,5.128205128205129,10.256410256410257,2.5641025641025643,2.5641025641025643,5.128205128205129,7.6923076923076925,5.128205128205129,2.5641025641025643,0
25,1,-0.848,3112.4555,0.16,8.52898998260498,12.0,0.0,4.0,8.0,0.0,0.0,4.0,8.0,0.0,12.0,0.0,4.0,4.0,4.0,16.0,4.0,4.0,0.0,0.0,16.0,1
10,-1,-0.9,1157.251,0.1,4.3702592849731445,10.0,10.0,10.0,10.0,0.0,0.0,0.0,0.0,10.0,10.0,0.0,10.0,0.0,0.0,0.0,0.0,20.0,0.0,0.0,10.0,1
28,7,0.48214285714285715,3065.8644999999997,0.07142857142857144,10.778420829772951,7.142857142857143,0.0,0.0,0.0,3.5714285714285716,10.714285714285714,0.0,7.142857142857143,25.0,21.428571428571427,0.0,0.0,3.5714285714285716,0.0,0.0,0.0,10.714285714285714,7.142857142857143,3.5714285714285716,0.0,1
26,-2,-0.43846153846153846,3024.3253999999997,0.15384615384615385,5.136505699157714,3.8461538461538463,15.384615384615385,3.8461538461538463,3.8461538461538463,3.8461538461538463,3.8461538461538463,7.6923076923076925,0.0,0.0,3.8461538461538463,3.8461538461538463,11.538461538461538,3.8461538461538463,3.8461538461538463,0.0,7.6923076923076925,7.6923076923076925,3.8461538461538463,3.8461538461538463,7.6923076923076925,0
13,0,-0.8923076923076922,1522.7446,0.07692307692307693,5.711318397521972,7.6923076923076925,7.6923076923076925,15.384615384615385,0.0,0.0,0.0,0.0,7.6923076923076925,15.384615384615385,0.0,7.6923076923076925,0.0,7.6923076923076925,7.6923076923076925,0.0,7.6923076923076925,7.6923076923076925,0.0,7.6923076923076925,0.0,0
44,0,1.018181818181818,3949.5806999999995,0.045454545454545456,6.723052406311036,15.909090909090908,4.545454545454546,0.0,0.0,4.545454545454546,29.545454545454547,2.272727272727273,2.272727272727273,0.0,13.636363636363637,2.272727272727273,6.818181818181818,6.818181818181818,0.0,0.0,0.0,2.272727272727273,9.090909090909092,0.0,0.0,1
16,0,-0.5125000000000001,1794.0405,0.125,6.918351173400879,0.0,0.0,6.25,0.0,12.5,12.5,12.5,0.0,6.25,6.25,6.25,0.0,18.75,6.25,0.0,6.25,0.0,6.25,0.0,0.0,0
33,4,0.6606060606060606,3715.4442,0.09090909090909091,8.981429100036621,0.0,18.181818181818183,0.0,3.0303030303030303,6.0606060606060606,9.090909090909092,0.0,3.0303030303030303,0.0,9.090909090909092,0.0,3.0303030303030303,0.0,0.0,15.151515151515152,6.0606060606060606,9.090909090909092,15.151515151515152,0.0,3.0303030303030303,1
18,1,-0.1444444444444445,2000.3296999999998,0.1111111111111111,8.081643867492676,5.555555555555555,11.11111111111111,0.0,0.0,0.0,16.666666666666668,5.555555555555555,0.0,0.0,11.11111111111111,5.555555555555555,0.0,11.11111111111111,5.555555555555555,5.555555555555555,5.555555555555555,5.555555555555555,0.0,11.11111111111111,0.0,0
4,0,-1.4500000000000002,504.5361,0.25,5.525000190734862,0.0,0.0,0.0,0.0,25.0,0.0,0.0,0.0,0.0,0.0,0.0,25.0,25.0,25.0,0.0,0.0,0.0,0.0,0.0,0.0,0
26,2,0.4038461538461538,3304.9426,0.2692307692307693,9.112042045593263,0.0,3.8461538461538463,0.0,3.8461538461538463,15.384615384615385,0.0,0.0,15.384615384615385,7.6923076923076925,3.8461538461538463,7.6923076923076925,11.538461538461538,3.8461538461538463,0.0,3.8461538461538463,7.6923076923076925,0.0,3.8461538461538463,3.8461538461538463,7.6923076923076925,0
15,0,-0.9066666666666666,1788.996,0.13333333333333333,5.788733100891113,0.0,0.0,6.666666666666667,6.666666666666667,6.666666666666667,0.0,0.0,6.666666666666667,6.666666666666667,0.0,0.0,6.666666666666667,20.0,6.666666666666667,6.666666666666667,6.666666666666667,0.0,13.333333333333334,0.0,6.666666666666667,0
21,10,-1.4238095238095236,2610.2452,0.047619047619047616,11.999967765808105,0.0,0.0,0.0,4.761904761904762,4.761904761904762,9.523809523809524,0.0,9.523809523809524,33.333333333333336,14.285714285714286,0.0,4.761904761904762,0.0,0.0,19.047619047619047,0.0,0.0,0.0,0.0,0.0,1
11,-3,-0.6454545454545455,1220.2422,0.09090909090909091,4.414195823669434,9.090909090909092,0.0,9.090909090909092,18.181818181818183,0.0,9.090909090909092,9.090909090909092,0.0,0.0,9.090909090909092,0.0,0.0,0.0,0.0,0.0,9.090909090909092,9.090909090909092,9.090909090909092,0.0,9.090909090909092,0
44,1,-0.15,4630.120199999999,0.11363636363636363,8.070490837097168,11.363636363636363,4.545454545454546,0.0,4.545454545454546,0.0,18.181818181818183,2.272727272727273,6.818181818181818,4.545454545454546,2.272727272727273,2.272727272727273,11.363636363636363,0.0,0.0,2.272727272727273,9.090909090909092,2.272727272727273,6.818181818181818,6.818181818181818,4.545454545454546,1
17,-3,0.5529411764705883,2102.3866,0.23529411764705885,4.0500284194946286,0.0,11.764705882352942,11.764705882352942,5.882352941176471,5.882352941176471,0.0,5.882352941176471,11.764705882352942,0.0,5.882352941176471,0.0,0.0,5.882352941176471,0.0,0.0,5.882352941176471,0.0,11.764705882352942,5.882352941176471,11.764705882352942,0
14,4,-0.3928571428571429,1841.2461,0.2142857142857143,10.446795463562012,0.0,0.0,0.0,7.142857142857143,14.285714285714286,0.0,0.0,0.0,21.428571428571427,28.571428571428573,0.0,0.0,0.0,0.0,14.285714285714286,7.142857142857143,0.0,0.0,0.0,7.142857142857143,1
7,0,-0.6285714285714287,1048.1993,0.42857142857142855,6.723052406311036,0.0,28.571428571428573,0.0,0.0,0.0,0.0,14.285714285714286,0.0,0.0,0.0,0.0,0.0,0.0,14.285714285714286,0.0,0.0,0.0,0.0,42.857142857142854,0.0,0
24,-3,0.7833333333333333,2611.0142,0.08333333333333334,4.0500284194946286,4.166666666666667,4.166666666666667,12.5,4.166666666666667,0.0,12.5,0.0,12.5,4.166666666666667,25.0,0.0,4.166666666666667,0.0,0.0,0.0,4.166666666666667,0.0,4.166666666666667,0.0,8.333333333333334,0
35,3,-0.9314285714285715,4511.1105,0.22857142857142856,9.61966609954834,0.0,2.857142857142857,11.428571428571429,0.0,5.714285714285714,2.857142857142857,0.0,2.857142857142857,2.857142857142857,5.714285714285714,2.857142857142857,2.857142857142857,8.571428571428571,0.0,17.142857142857142,2.857142857142857,8.571428571428571,5.714285714285714,8.571428571428571,8.571428571428571,0
13,-1,0.3538461538461538,1544.7681,0.23076923076923078,4.207813453674317,23.076923076923077,0.0,15.384615384615385,0.0,7.6923076923076925,0.0,0.0,7.6923076923076925,7.6923076923076925,7.6923076923076925,7.6923076923076925,0.0,0.0,0.0,0.0,0.0,7.6923076923076925,0.0,7.6923076923076925,7.6923076923076925,0
13,3,0.3615384615384615,1587.9733999999999,0.15384615384615385,9.695867729187015,0.0,15.384615384615385,0.0,0.0,15.384615384615385,0.0,0.0,7.6923076923076925,7.6923076923076925,7.6923076923076925,7.6923076923076925,0.0,7.6923076923076925,0.0,15.384615384615385,15.384615384615385,0.0,0.0,0.0,0.0,1
18,-2,0.4388888888888889,1949.3227000000002,0.05555555555555555,4.507127571105957,5.555555555555555,27.77777777777778,0.0,11.11111111111111,5.555555555555555,11.11111111111111,5.555555555555555,0.0,0.0,5.555555555555555,11.11111111111111,5.555555555555555,5.555555555555555,0.0,0.0,0.0,5.555555555555555,0.0,0.0,0.0,0
11,0,-1.190909090909091,1299.4148,0.09090909090909091,6.890443229675294,0.0,0.0,9.090909090909092,0.0,9.090909090909092,9.090909090909092,18.181818181818183,0.0,9.090909090909092,0.0,9.090909090909092,9.090909090909092,0.0,9.090909090909092,0.0,9.090909090909092,0.0,9.090909090909092,0.0,0.0,0
29,-3,-0.1310344827586207,3188.5033999999996,0.10344827586206896,4.13028507232666,6.896551724137931,6.896551724137931,3.4482758620689653,6.896551724137931,6.896551724137931,6.896551724137931,3.4482758620689653,10.344827586206897,0.0,0.0,0.0,10.344827586206897,10.344827586206897,6.896551724137931,0.0,3.4482758620689653,6.896551724137931,6.896551724137931,3.4482758620689653,0.0,0
21,3,-0.3952380952380953,2716.2341,0.19047619047619047,9.997257423400882,4.761904761904762,0.0,0.0,4.761904761904762,9.523809523809524,0.0,14.285714285714286,4.761904761904762,14.285714285714286,9.523809523809524,9.523809523809524,4.761904761904762,0.0,0.0,4.761904761904762,4.761904761904762,0.0,4.761904761904762,4.761904761904762,4.761904761904762,0
18,1,-0.08333333333333333,2208.4936000000002,0.33333333333333337,8.218123435974121,11.11111111111111,5.555555555555555,0.0,0.0,5.555555555555555,11.11111111111111,0.0,0.0,5.555555555555555,5.555555555555555,0.0,0.0,0.0,11.11111111111111,0.0,0.0,11.11111111111111,5.555555555555555,16.666666666666668,11.11111111111111,0
12,3,1.2166666666666666,1451.8038999999999,0.08333333333333334,11.999967765808105,16.666666666666668,0.0,0.0,0.0,0.0,0.0,0.0,16.666666666666668,0.0,8.333333333333334,0.0,0.0,0.0,0.0,25.0,0.0,0.0,25.0,8.333333333333334,0.0,1
44,-6,-0.625,5039.4396,0.1590909090909091,4.0500284194946286,11.363636363636363,2.272727272727273,9.090909090909092,6.818181818181818,4.545454545454546,4.545454545454546,2.272727272727273,2.272727272727273,0.0,0.0,6.818181818181818,6.818181818181818,9.090909090909092,2.272727272727273,2.272727272727273,6.818181818181818,6.818181818181818,4.545454545454546,6.818181818181818,4.545454545454546,0
11,2,1.2727272727272727,1222.5177999999999,0.18181818181818182,10.002737236022949,9.090909090909092,0.0,0.0,0.0,18.181818181818183,9.090909090909092,0.0,0.0,18.181818181818183,27.272727272727273,0.0,0.0,0.0,0.0,0.0,9.090909090909092,0.0,9.090909090909092,0.0,0.0,1
5,-2,-2.96,548.5011000000001,0.0,4.0500284194946286,0.0,0.0,60.0,0.0,0.0,20.0,0.0,0.0,20.0,0.0,0.0,0.0,0.0,0.0,0.0,0.0,0.0,0.0,0.0,0.0,1
47,1,0.05744680851063828,5762.661099999999,0.2127659574468085,7.7075605392456055,8.51063829787234,6.382978723404255,2.127659574468085,4.25531914893617,4.25531914893617,0.0,4.25531914893617,4.25531914893617,4.25531914893617,8.51063829787234,6.382978723404255,2.127659574468085,0.0,2.127659574468085,4.25531914893617,8.51063829787234,8.51063829787234,4.25531914893617,6.382978723404255,10.638297872340425,0
8,3,-0.26249999999999996,1184.4384,0.25,11.999967765808105,0.0,0.0,0.0,0.0,0.0,0.0,0.0,25.0,0.0,0.0,0.0,0.0,0.0,0.0,37.5,0.0,0.0,12.5,25.0,0.0,1
16,-2,-0.41875,1755.9049,0.0625,4.649338722229005,6.25,6.25,18.75,0.0,6.25,6.25,6.25,0.0,0.0,6.25,0.0,6.25,12.5,0.0,6.25,0.0,6.25,12.5,0.0,0.0,1
14,-2,-0.4142857142857143,1780.9273999999998,0.3571428571428572,4.25265941619873,0.0,0.0,0.0,21.428571428571427,28.571428571428573,7.142857142857143,0.0,0.0,7.142857142857143,7.142857142857143,0.0,0.0,0.0,7.142857142857143,0.0,14.285714285714286,0.0,0.0,7.142857142857143,0.0,0
18,5,0.7333333333333333,1950.4996999999998,0.05555555555555555,10.602486610412598,33.333333333333336,0.0,0.0,0.0,0.0,0.0,0.0,0.0,27.77777777777778,33.333333333333336,0.0,0.0,0.0,0.0,0.0,0.0,0.0,0.0,5.555555555555555,0.0,1
15,3,-0.09333333333333335,1644.9319999999998,0.13333333333333333,10.302321815490721,6.666666666666667,0.0,0.0,0.0,13.333333333333334,6.666666666666667,0.0,0.0,20.0,6.666666666666667,6.666666666666667,6.666666666666667,0.0,0.0,0.0,20.0,6.666666666666667,6.666666666666667,0.0,0.0,1
24,4,-1.6541666666666668,3222.6621999999998,0.20833333333333334,10.013181114196776,0.0,4.166666666666667,8.333333333333334,4.166666666666667,4.166666666666667,0.0,0.0,0.0,4.166666666666667,8.333333333333334,4.166666666666667,0.0,8.333333333333334,4.166666666666667,25.0,8.333333333333334,0.0,0.0,4.166666666666667,12.5,0
15,-1,-1.3266666666666669,1791.982,0.0,6.044394874572753,6.666666666666667,0.0,6.666666666666667,13.333333333333334,0.0,0.0,13.333333333333334,6.666666666666667,6.666666666666667,6.666666666666667,6.666666666666667,0.0,6.666666666666667,6.666666666666667,6.666666666666667,6.666666666666667,6.666666666666667,0.0,0.0,0.0,1
18,-2,-1.3222222222222222,2220.4151,0.22222222222222224,4.360028266906738,0.0,0.0,22.22222222222222,5.555555555555555,16.666666666666668,11.11111111111111,0.0,0.0,16.666666666666668,5.555555555555555,5.555555555555555,5.555555555555555,0.0,5.555555555555555,0.0,0.0,0.0,0.0,5.555555555555555,0.0,1
26,-1,-2.323076923076923,3050.2623999999996,0.038461538461538464,6.062014961242675,0.0,7.6923076923076925,3.8461538461538463,19.23076923076923,0.0,11.538461538461538,7.6923076923076925,0.0,7.6923076923076925,0.0,0.0,0.0,15.384615384615385,7.6923076923076925,11.538461538461538,3.8461538461538463,0.0,0.0,0.0,3.8461538461538463,0
24,4,1.2833333333333334,2565.2322999999997,0.125,9.70128307342529,16.666666666666668,8.333333333333334,0.0,0.0,12.5,4.166666666666667,0.0,16.666666666666668,16.666666666666668,4.166666666666667,0.0,0.0,8.333333333333334,0.0,0.0,4.166666666666667,0.0,8.333333333333334,0.0,0.0,1
55,-1,-1.752727272727273,6595.956899999999,0.12727272727272726,5.702622032165528,7.2727272727272725,0.0,16.363636363636363,5.454545454545454,5.454545454545454,3.6363636363636362,1.8181818181818181,0.0,10.909090909090908,0.0,0.0,16.363636363636363,1.8181818181818181,3.6363636363636362,9.090909090909092,0.0,0.0,10.909090909090908,0.0,7.2727272727272725,1
19,8,-1.4210526315789473,2569.1018,0.3684210526315789,10.54433612823486,21.05263157894737,0.0,0.0,0.0,5.2631578947368425,0.0,0.0,0.0,42.10526315789474,0.0,0.0,0.0,0.0,0.0,0.0,0.0,0.0,0.0,26.31578947368421,5.2631578947368425,1
18,5,0.5111111111111111,1866.3402999999998,0.05555555555555555,10.602486610412598,44.44444444444444,0.0,0.0,0.0,0.0,0.0,0.0,0.0,27.77777777777778,22.22222222222222,0.0,0.0,0.0,0.0,0.0,0.0,0.0,0.0,5.555555555555555,0.0,1
33,3,0.3,3408.0003,0.030303030303030304,9.306801033020019,15.151515151515152,6.0606060606060606,3.0303030303030303,3.0303030303030303,3.0303030303030303,9.090909090909092,0.0,6.0606060606060606,12.121212121212121,15.151515151515152,0.0,3.0303030303030303,0.0,3.0303030303030303,3.0303030303030303,9.090909090909092,6.0606060606060606,3.0303030303030303,0.0,0.0,1
10,-1,-0.58,1108.1587,0.1,4.207870292663575,10.0,0.0,20.0,0.0,0.0,0.0,0.0,0.0,0.0,0.0,0.0,0.0,10.0,0.0,10.0,20.0,0.0,20.0,0.0,10.0,0
26,7,-0.45384615384615395,3333.9858999999997,0.15384615384615385,11.999967765808105,0.0,0.0,0.0,0.0,11.538461538461538,7.6923076923076925,19.23076923076923,7.6923076923076925,11.538461538461538,19.23076923076923,0.0,0.0,0.0,0.0,15.384615384615385,3.8461538461538463,0.0,0.0,3.8461538461538463,0.0,1
12,8,-3.3000000000000003,2012.3405,0.33333333333333337,11.999967765808105,0.0,0.0,0.0,0.0,0.0,0.0,0.0,0.0,0.0,0.0,0.0,0.0,0.0,0.0,66.66666666666667,0.0,0.0,0.0,33.333333333333336,0.0,1
26,2,-0.05769230769230772,2851.2250999999997,0.15384615384615385,9.70431308746338,15.384615384615385,0.0,3.8461538461538463,0.0,11.538461538461538,15.384615384615385,11.538461538461538,15.384615384615385,11.538461538461538,0.0,0.0,3.8461538461538463,0.0,3.8461538461538463,0.0,3.8461538461538463,0.0,0.0,3.8461538461538463,0.0,1
21,2,-0.5,2410.801,0.09523809523809523,8.734450721740721,9.523809523809524,14.285714285714286,4.761904761904762,0.0,9.523809523809524,0.0,4.761904761904762,0.0,0.0,4.761904761904762,0.0,9.523809523809524,23.80952380952381,0.0,14.285714285714286,0.0,0.0,4.761904761904762,0.0,0.0,0
12,-2,-1.0666666666666667,1502.5792,0.25,4.651043891906738,8.333333333333334,0.0,8.333333333333334,16.666666666666668,8.333333333333334,0.0,8.333333333333334,0.0,8.333333333333334,0.0,0.0,0.0,0.0,0.0,0.0,0.0,16.666666666666668,8.333333333333334,0.0,16.666666666666668,0
12,2,-0.16666666666666666,1520.8627,0.16666666666666669,9.303577613830566,16.666666666666668,8.333333333333334,8.333333333333334,0.0,0.0,0.0,0.0,0.0,16.666666666666668,16.666666666666668,8.333333333333334,0.0,0.0,0.0,8.333333333333334,0.0,0.0,0.0,16.666666666666668,0.0,0
40,7,-0.8525,5028.7846,0.15000000000000002,11.999967765808105,0.0,0.0,0.0,2.5,2.5,5.0,2.5,10.0,2.5,7.5,0.0,7.5,10.0,5.0,17.5,5.0,5.0,5.0,10.0,2.5,1
31,-2,-0.038709677419354875,3900.4103999999998,0.3225806451612903,4.905171012878417,0.0,3.225806451612903,0.0,12.903225806451612,12.903225806451612,9.67741935483871,3.225806451612903,3.225806451612903,3.225806451612903,3.225806451612903,6.451612903225806,0.0,0.0,3.225806451612903,3.225806451612903,3.225806451612903,3.225806451612903,9.67741935483871,0.0,19.35483870967742,0
15,4,-0.26,1776.1396,0.06666666666666667,11.999967765808105,0.0,0.0,0.0,0.0,6.666666666666667,13.333333333333334,6.666666666666667,0.0,6.666666666666667,20.0,0.0,0.0,6.666666666666667,6.666666666666667,20.0,0.0,0.0,13.333333333333334,0.0,0.0,1
21,0,-1.5619047619047617,2479.6147,0.14285714285714285,6.9176122665405275,4.761904761904762,0.0,14.285714285714286,0.0,0.0,4.761904761904762,9.523809523809524,0.0,14.285714285714286,4.761904761904762,0.0,4.761904761904762,0.0,4.761904761904762,0.0,14.285714285714286,4.761904761904762,4.761904761904762,4.761904761904762,9.523809523809524,0
31,-2,-0.5225806451612903,3500.8285,0.0967741935483871,5.723766136169434,12.903225806451612,0.0,3.225806451612903,6.451612903225806,6.451612903225806,3.225806451612903,9.67741935483871,3.225806451612903,3.225806451612903,3.225806451612903,6.451612903225806,6.451612903225806,3.225806451612903,6.451612903225806,0.0,6.451612903225806,12.903225806451612,3.225806451612903,3.225806451612903,0.0,0
18,5,-1.6611111111111112,2179.5721,0.05555555555555555,11.733971214294431,0.0,0.0,0.0,0.0,0.0,0.0,5.555555555555555,5.555555555555555,11.11111111111111,5.555555555555555,0.0,11.11111111111111,33.333333333333336,0.0,16.666666666666668,0.0,0.0,5.555555555555555,0.0,5.555555555555555,1
20,0,0.85,2113.4177,0.05,7.022423362731933,10.0,0.0,0.0,0.0,5.0,5.0,15.0,10.0,0.0,15.0,0.0,5.0,5.0,0.0,0.0,15.0,5.0,10.0,0.0,0.0,1
34,2,-0.3147058823529412,3739.3235999999997,0.05882352941176471,8.821676445007324,5.882352941176471,5.882352941176471,2.9411764705882355,0.0,0.0,0.0,2.9411764705882355,5.882352941176471,5.882352941176471,8.823529411764707,5.882352941176471,2.9411764705882355,14.705882352941176,2.9411764705882355,2.9411764705882355,17.647058823529413,8.823529411764707,0.0,0.0,5.882352941176471,0
29,0,0.1482758620689655,2902.3104000000003,0.034482758620689655,5.962319374084472,0.0,20.689655172413794,0.0,3.4482758620689653,0.0,17.24137931034483,0.0,0.0,0.0,3.4482758620689653,0.0,6.896551724137931,10.344827586206897,0.0,3.4482758620689653,6.896551724137931,13.793103448275861,10.344827586206897,3.4482758620689653,0.0,1
26,4,0.9230769230769231,2779.4608999999996,0.0,10.477804756164549,30.76923076923077,0.0,0.0,0.0,0.0,0.0,15.384615384615385,0.0,15.384615384615385,38.46153846153846,0.0,0.0,0.0,0.0,0.0,0.0,0.0,0.0,0.0,0.0,1
25,6,0.44400000000000006,2480.9489,0.16,10.699318122863769,60.0,0.0,0.0,0.0,12.0,0.0,0.0,0.0,24.0,0.0,0.0,0.0,0.0,0.0,0.0,0.0,0.0,0.0,4.0,0.0,1
9,1,0.39999999999999997,1109.362,0.1111111111111111,8.206390190124512,0.0,11.11111111111111,0.0,0.0,0.0,0.0,11.11111111111111,22.22222222222222,11.11111111111111,0.0,11.11111111111111,0.0,0.0,0.0,0.0,0.0,22.22222222222222,0.0,0.0,11.11111111111111,0
12,-1,-1.0,1272.3616,0.0,4.3702592849731445,8.333333333333334,0.0,8.333333333333334,8.333333333333334,0.0,8.333333333333334,0.0,0.0,8.333333333333334,16.666666666666668,0.0,8.333333333333334,8.333333333333334,8.333333333333334,0.0,8.333333333333334,8.333333333333334,0.0,0.0,0.0,1
39,8,0.19230769230769232,4248.2175,0.05128205128205129,11.471778297424319,7.6923076923076925,0.0,0.0,0.0,2.5641025641025643,10.256410256410257,0.0,5.128205128205129,17.94871794871795,17.94871794871795,2.5641025641025643,5.128205128205129,5.128205128205129,2.5641025641025643,2.5641025641025643,0.0,10.256410256410257,7.6923076923076925,2.5641025641025643,0.0,1
12,4,0.5833333333333334,1469.8673,0.0,11.526383018493654,0.0,16.666666666666668,0.0,0.0,0.0,0.0,0.0,16.666666666666668,0.0,0.0,0.0,0.0,8.333333333333334,0.0,33.333333333333336,0.0,0.0,25.0,0.0,0.0,1
14,1,-0.19285714285714287,1908.2072999999998,0.35714285714285715,8.504105186462404,7.142857142857143,0.0,0.0,0.0,7.142857142857143,0.0,7.142857142857143,0.0,0.0,0.0,14.285714285714286,7.142857142857143,0.0,7.142857142857143,7.142857142857143,0.0,0.0,14.285714285714286,7.142857142857143,21.428571428571427,0
19,2,0.03684210526315777,2567.989,0.3684210526315789,9.99467868804932,0.0,0.0,0.0,0.0,31.57894736842105,0.0,26.31578947368421,10.526315789473685,5.2631578947368425,5.2631578947368425,0.0,0.0,10.526315789473685,0.0,5.2631578947368425,0.0,0.0,0.0,0.0,5.2631578947368425,1
14,2,-2.2785714285714285,1853.0086,0.14285714285714288,9.978497123718263,0.0,0.0,14.285714285714286,0.0,0.0,0.0,14.285714285714286,0.0,7.142857142857143,0.0,0.0,0.0,7.142857142857143,0.0,21.428571428571427,7.142857142857143,7.142857142857143,7.142857142857143,7.142857142857143,7.142857142857143,0
39,1,0.5461538461538462,4518.3694,0.1794871794871795,7.9322706222534185,5.128205128205129,7.6923076923076925,0.0,5.128205128205129,7.6923076923076925,7.6923076923076925,0.0,7.6923076923076925,2.5641025641025643,5.128205128205129,5.128205128205129,0.0,7.6923076923076925,5.128205128205129,5.128205128205129,2.5641025641025643,5.128205128205129,10.256410256410257,2.5641025641025643,7.6923076923076925,0
29,3,-0.5379310344827586,3579.1818000000003,0.1724137931034483,9.027459526062014,0.0,10.344827586206897,0.0,3.4482758620689653,3.4482758620689653,0.0,3.4482758620689653,3.4482758620689653,10.344827586206897,0.0,6.896551724137931,13.793103448275861,6.896551724137931,0.0,3.4482758620689653,6.896551724137931,3.4482758620689653,10.344827586206897,6.896551724137931,6.896551724137931,0
23,5,-0.7565217391304347,2755.3088,0.043478260869565216,10.548848915100098,0.0,0.0,4.3478260869565215,8.695652173913043,4.3478260869565215,8.695652173913043,0.0,8.695652173913043,21.73913043478261,17.391304347826086,0.0,0.0,0.0,4.3478260869565215,13.043478260869565,4.3478260869565215,0.0,4.3478260869565215,0.0,0.0,1
44,12,-0.7931818181818181,4882.7483999999995,0.045454545454545456,11.897463035583492,13.636363636363637,2.272727272727273,0.0,4.545454545454546,4.545454545454546,11.363636363636363,0.0,4.545454545454546,15.909090909090908,9.090909090909092,0.0,4.545454545454546,2.272727272727273,2.272727272727273,15.909090909090908,4.545454545454546,2.272727272727273,2.272727272727273,0.0,0.0,1
6,1,0.8666666666666667,718.8672,0.16666666666666669,8.249712944030762,33.333333333333336,16.666666666666668,0.0,0.0,0.0,0.0,0.0,16.666666666666668,0.0,0.0,0.0,0.0,0.0,0.0,16.666666666666668,0.0,0.0,0.0,16.666666666666668,0.0,0
25,0,-1.124,3109.4530999999997,0.2,6.942564582824706,4.0,8.0,4.0,8.0,8.0,4.0,8.0,0.0,12.0,4.0,0.0,4.0,4.0,12.0,0.0,4.0,0.0,4.0,8.0,4.0,0
18,2,-0.8166666666666667,2178.4813,0.05555555555555555,8.7015718460083,5.555555555555555,16.666666666666668,5.555555555555555,5.555555555555555,0.0,5.555555555555555,5.555555555555555,5.555555555555555,0.0,0.0,0.0,5.555555555555555,0.0,5.555555555555555,22.22222222222222,0.0,0.0,11.11111111111111,0.0,5.555555555555555,0
15,5,-1.16,1739.1545,0.0,10.301548194885253,0.0,0.0,0.0,6.666666666666667,0.0,13.333333333333334,0.0,20.0,40.0,6.666666666666667,0.0,0.0,0.0,13.333333333333334,0.0,0.0,0.0,0.0,0.0,0.0,1
12,1,0.16666666666666666,1517.8288,0.25,8.136184120178225,0.0,8.333333333333334,8.333333333333334,0.0,0.0,0.0,0.0,8.333333333333334,16.666666666666668,16.666666666666668,0.0,0.0,8.333333333333334,0.0,0.0,0.0,0.0,8.333333333333334,0.0,25.0,0
14,5,-1.5714285714285714,1881.2355,0.14285714285714288,11.724107551574708,0.0,7.142857142857143,0.0,0.0,7.142857142857143,0.0,0.0,0.0,14.285714285714286,0.0,7.142857142857143,7.142857142857143,0.0,14.285714285714286,21.428571428571427,0.0,7.142857142857143,7.142857142857143,7.142857142857143,0.0,1
23,-3,-1.9260869565217391,2680.7933,0.043478260869565216,4.518154335021973,4.3478260869565215,0.0,17.391304347826086,8.695652173913043,0.0,4.3478260869565215,4.3478260869565215,0.0,8.695652173913043,8.695652173913043,0.0,4.3478260869565215,8.695652173913043,8.695652173913043,4.3478260869565215,4.3478260869565215,8.695652173913043,0.0,4.3478260869565215,0.0,0
13,1,1.7615384615384615,1303.6551,0.07692307692307693,8.750052070617677,15.384615384615385,0.0,0.0,0.0,7.6923076923076925,23.076923076923077,0.0,7.6923076923076925,7.6923076923076925,30.76923076923077,7.6923076923076925,0.0,0.0,0.0,0.0,0.0,0.0,0.0,0.0,0.0,1
22,-2,0.4454545454545454,2575.9532999999997,0.2727272727272727,4.353093910217285,4.545454545454546,4.545454545454546,4.545454545454546,4.545454545454546,18.181818181818183,9.090909090909092,4.545454545454546,0.0,0.0,9.090909090909092,4.545454545454546,0.0,13.636363636363637,0.0,0.0,0.0,9.090909090909092,4.545454545454546,4.545454545454546,4.545454545454546,0
6,1,-3.783333333333333,824.8452,0.0,9.70270137786865,0.0,0.0,0.0,16.666666666666668,0.0,0.0,16.666666666666668,0.0,0.0,0.0,0.0,33.333333333333336,0.0,0.0,33.333333333333336,0.0,0.0,0.0,0.0,0.0,0
26,8,-0.5769230769230769,2955.5584999999996,0.038461538461538464,11.999967765808105,7.6923076923076925,0.0,3.8461538461538463,0.0,0.0,19.23076923076923,3.8461538461538463,11.538461538461538,15.384615384615385,11.538461538461538,0.0,0.0,0.0,0.0,19.23076923076923,0.0,0.0,3.8461538461538463,3.8461538461538463,0.0,1
20,11,-1.475,2552.2091,0.05,11.999967765808105,0.0,0.0,0.0,0.0,5.0,5.0,0.0,10.0,35.0,15.0,0.0,5.0,0.0,5.0,20.0,0.0,0.0,0.0,0.0,0.0,1
32,-1,0.4,3665.2016000000003,0.125,5.529547309875488,9.375,6.25,3.125,9.375,6.25,3.125,3.125,9.375,6.25,6.25,0.0,6.25,0.0,0.0,3.125,9.375,0.0,12.5,6.25,0.0,0
12,-1,-0.85,1414.5602999999999,0.08333333333333334,4.0500284194946286,0.0,8.333333333333334,0.0,8.333333333333334,0.0,0.0,0.0,8.333333333333334,0.0,0.0,8.333333333333334,8.333333333333334,8.333333333333334,16.666666666666668,0.0,8.333333333333334,16.666666666666668,0.0,0.0,8.333333333333334,0
20,-2,1.26,2403.8095,0.3,4.0500284194946286,0.0,5.0,5.0,5.0,15.0,10.0,0.0,15.0,0.0,10.0,5.0,0.0,0.0,0.0,0.0,10.0,0.0,5.0,5.0,10.0,0
11,1,-0.8636363636363636,1265.4618,0.0,8.597455406188967,27.272727272727273,0.0,0.0,18.181818181818183,0.0,0.0,9.090909090909092,0.0,18.181818181818183,18.181818181818183,0.0,0.0,0.0,0.0,9.090909090909092,0.0,0.0,0.0,0.0,0.0,1
12,2,-1.1583333333333334,1610.8577,0.25,9.99435634613037,0.0,0.0,0.0,0.0,0.0,0.0,8.333333333333334,8.333333333333334,8.333333333333334,8.333333333333334,0.0,0.0,16.666666666666668,8.333333333333334,8.333333333333334,8.333333333333334,0.0,0.0,16.666666666666668,8.333333333333334,1
13,1,1.6230769230769229,1397.7232999999999,0.15384615384615385,8.750052070617677,15.384615384615385,0.0,0.0,0.0,15.384615384615385,7.6923076923076925,0.0,7.6923076923076925,7.6923076923076925,23.076923076923077,7.6923076923076925,0.0,0.0,0.0,0.0,15.384615384615385,0.0,0.0,0.0,0.0,1
48,-1,0.33541666666666664,5657.5585,0.16666666666666669,5.429340171813963,6.25,0.0,6.25,2.0833333333333335,6.25,2.0833333333333335,2.0833333333333335,8.333333333333334,6.25,12.5,4.166666666666667,6.25,4.166666666666667,4.166666666666667,0.0,6.25,4.166666666666667,8.333333333333334,6.25,4.166666666666667,0
10,5,-2.45,1084.2003,0.0,11.999967765808105,0.0,0.0,0.0,0.0,0.0,50.0,0.0,0.0,0.0,0.0,0.0,0.0,0.0,0.0,50.0,0.0,0.0,0.0,0.0,0.0,1
15,5,-1.6,1856.1632,0.06666666666666667,11.008766365051269,0.0,6.666666666666667,0.0,0.0,0.0,6.666666666666667,6.666666666666667,13.333333333333334,13.333333333333334,0.0,0.0,13.333333333333334,6.666666666666667,0.0,20.0,0.0,6.666666666666667,0.0,0.0,6.666666666666667,1
19,0,-0.35263157894736846,2377.6498,0.368421052631579,6.749255180358888,5.2631578947368425,0.0,5.2631578947368425,5.2631578947368425,15.789473684210526,10.526315789473685,5.2631578947368425,5.2631578947368425,10.526315789473685,0.0,0.0,0.0,5.2631578947368425,0.0,0.0,5.2631578947368425,0.0,5.2631578947368425,10.526315789473685,10.526315789473685,0
18,0,1.238888888888889,2271.7596,0.2777777777777778,5.7477521896362305,0.0,11.11111111111111,0.0,5.555555555555555,11.11111111111111,0.0,0.0,11.11111111111111,5.555555555555555,11.11111111111111,5.555555555555555,5.555555555555555,0.0,0.0,0.0,5.555555555555555,0.0,11.11111111111111,5.555555555555555,11.11111111111111,0
10,0,-0.4600000000000001,1319.5303,0.2,6.748743629455567,0.0,0.0,0.0,10.0,10.0,0.0,10.0,10.0,0.0,10.0,10.0,10.0,10.0,0.0,10.0,0.0,0.0,0.0,0.0,10.0,0
23,3,0.21739130434782605,2409.8459,0.13043478260869565,10.00138339996338,8.695652173913043,0.0,0.0,4.3478260869565215,13.043478260869565,21.73913043478261,4.3478260869565215,8.695652173913043,17.391304347826086,4.3478260869565215,4.3478260869565215,0.0,0.0,0.0,0.0,8.695652173913043,0.0,4.3478260869565215,0.0,0.0,1
33,-4,-0.42121212121212126,4051.4492,0.24242424242424243,4.507866477966309,3.0303030303030303,3.0303030303030303,12.121212121212121,6.0606060606060606,15.151515151515152,3.0303030303030303,6.0606060606060606,3.0303030303030303,3.0303030303030303,3.0303030303030303,6.0606060606060606,3.0303030303030303,3.0303030303030303,0.0,3.0303030303030303,6.0606060606060606,9.090909090909092,3.0303030303030303,3.0303030303030303,6.0606060606060606,0
16,1,0.18125000000000002,1700.9391,0.0625,8.081643867492676,18.75,12.5,0.0,0.0,0.0,6.25,6.25,6.25,0.0,0.0,0.0,6.25,6.25,0.0,6.25,0.0,18.75,6.25,6.25,0.0,1
18,-2,-1.7166666666666666,2205.3446,0.05555555555555555,4.83366756439209,5.555555555555555,11.11111111111111,5.555555555555555,16.666666666666668,0.0,0.0,5.555555555555555,0.0,5.555555555555555,0.0,0.0,5.555555555555555,0.0,16.666666666666668,5.555555555555555,0.0,11.11111111111111,5.555555555555555,5.555555555555555,0.0,0
11,-1,0.1818181818181818,1279.3969,0.18181818181818182,4.0500284194946286,0.0,0.0,9.090909090909092,0.0,9.090909090909092,9.090909090909092,0.0,9.090909090909092,0.0,9.090909090909092,0.0,9.090909090909092,0.0,9.090909090909092,0.0,9.090909090909092,9.090909090909092,9.090909090909092,9.090909090909092,0.0,0
25,2,0.38799999999999996,2797.4165,0.08,8.220057487487793,0.0,32.0,4.0,0.0,8.0,8.0,8.0,8.0,8.0,0.0,4.0,0.0,4.0,0.0,4.0,4.0,8.0,0.0,0.0,0.0,1
12,1,0.7999999999999999,1469.8093,0.08333333333333334,8.591073036193851,0.0,0.0,0.0,8.333333333333334,0.0,0.0,0.0,33.333333333333336,16.666666666666668,8.333333333333334,0.0,8.333333333333334,0.0,0.0,0.0,0.0,8.333333333333334,8.333333333333334,8.333333333333334,0.0,0
19,2,-0.4315789473684211,2305.7599,0.10526315789473685,9.203845024108887,0.0,5.2631578947368425,0.0,10.526315789473685,5.2631578947368425,0.0,0.0,10.526315789473685,15.789473684210526,5.2631578947368425,5.2631578947368425,5.2631578947368425,10.526315789473685,0.0,5.2631578947368425,10.526315789473685,0.0,5.2631578947368425,5.2631578947368425,0.0,0
9,3,1.2333333333333334,1081.4778000000001,0.0,10.302063941955566,0.0,0.0,0.0,0.0,0.0,0.0,0.0,0.0,33.333333333333336,66.66666666666667,0.0,0.0,0.0,0.0,0.0,0.0,0.0,0.0,0.0,0.0,1
21,8,-1.2952380952380953,2554.1322,0.047619047619047616,11.301130485534667,0.0,0.0,0.0,4.761904761904762,4.761904761904762,9.523809523809524,0.0,14.285714285714286,33.333333333333336,9.523809523809524,0.0,4.761904761904762,0.0,9.523809523809524,9.523809523809524,0.0,0.0,0.0,0.0,0.0,1
10,4,-1.41,1444.6888,0.2,11.999967765808105,0.0,0.0,0.0,0.0,10.0,0.0,0.0,20.0,0.0,0.0,0.0,10.0,0.0,10.0,40.0,0.0,0.0,0.0,10.0,0.0,1
39,2,0.048717948717948704,4719.4464,0.23076923076923078,8.764750862121584,5.128205128205129,5.128205128205129,2.5641025641025643,0.0,7.6923076923076925,5.128205128205129,5.128205128205129,5.128205128205129,5.128205128205129,2.5641025641025643,5.128205128205129,5.128205128205129,2.5641025641025643,5.128205128205129,2.5641025641025643,2.5641025641025643,7.6923076923076925,10.256410256410257,5.128205128205129,10.256410256410257,0
37,2,-0.6000000000000001,4547.275,0.16216216216216217,8.85971279144287,8.108108108108109,5.405405405405405,5.405405405405405,2.7027027027027026,8.108108108108109,2.7027027027027026,5.405405405405405,0.0,5.405405405405405,5.405405405405405,10.81081081081081,5.405405405405405,5.405405405405405,5.405405405405405,8.108108108108109,2.7027027027027026,2.7027027027027026,2.7027027027027026,5.405405405405405,2.7027027027027026,0
47,1,0.3617021276595745,4362.8207999999995,0.0851063829787234,8.07300510406494,12.76595744680851,4.25531914893617,0.0,0.0,2.127659574468085,31.914893617021278,6.382978723404255,8.51063829787234,2.127659574468085,2.127659574468085,0.0,4.25531914893617,4.25531914893617,0.0,0.0,8.51063829787234,0.0,6.382978723404255,4.25531914893617,2.127659574468085,1
32,-3,-1.140625,4035.465,0.125,5.857224082946778,3.125,3.125,9.375,9.375,6.25,3.125,15.625,0.0,3.125,12.5,6.25,0.0,3.125,9.375,6.25,3.125,0.0,0.0,3.125,3.125,0
21,1,-1.0523809523809524,2491.8257,0.09523809523809523,8.306058311462404,4.761904761904762,4.761904761904762,4.761904761904762,4.761904761904762,9.523809523809524,4.761904761904762,9.523809523809524,0.0,9.523809523809524,4.761904761904762,9.523809523809524,14.285714285714286,4.761904761904762,0.0,4.761904761904762,0.0,9.523809523809524,0.0,0.0,0.0,0
26,9,0.023076923076923026,3140.9276999999997,0.07692307692307693,11.999967765808105,7.6923076923076925,0.0,0.0,0.0,7.6923076923076925,3.8461538461538463,0.0,7.6923076923076925,11.538461538461538,23.076923076923077,3.8461538461538463,0.0,3.8461538461538463,0.0,23.076923076923077,7.6923076923076925,0.0,0.0,0.0,0.0,1
20,2,-0.37500000000000006,2388.7686,0.25,9.50413875579834,5.0,5.0,0.0,5.0,20.0,15.0,0.0,0.0,5.0,5.0,5.0,5.0,10.0,5.0,10.0,0.0,0.0,0.0,5.0,0.0,0
11,-1,-0.8454545454545456,1244.3066,0.18181818181818182,4.370429801940918,9.090909090909092,0.0,9.090909090909092,9.090909090909092,9.090909090909092,9.090909090909092,0.0,0.0,9.090909090909092,9.090909090909092,0.0,0.0,0.0,9.090909090909092,0.0,18.181818181818183,0.0,0.0,0.0,9.090909090909092,0
12,4,-0.45,1475.8585,0.16666666666666669,10.000932121276854,0.0,0.0,0.0,0.0,0.0,0.0,0.0,0.0,33.333333333333336,16.666666666666668,0.0,0.0,16.666666666666668,0.0,0.0,0.0,0.0,16.666666666666668,0.0,16.666666666666668,1
19,0,-0.22105263157894742,2148.4469,0.10526315789473685,6.901526832580567,10.526315789473685,10.526315789473685,0.0,5.2631578947368425,5.2631578947368425,10.526315789473685,10.526315789473685,5.2631578947368425,0.0,5.2631578947368425,5.2631578947368425,5.2631578947368425,5.2631578947368425,5.2631578947368425,5.2631578947368425,0.0,5.2631578947368425,0.0,0.0,5.2631578947368425,0
7,0,-1.4428571428571428,934.0058,0.28571428571428575,6.406004524230957,0.0,0.0,14.285714285714286,0.0,14.285714285714286,0.0,14.285714285714286,0.0,14.285714285714286,0.0,0.0,0.0,0.0,0.0,0.0,0.0,28.571428571428573,0.0,14.285714285714286,0.0,0
6,2,-1.7666666666666666,959.1062000000001,0.5,11.000836753845213,0.0,0.0,0.0,0.0,16.666666666666668,0.0,16.666666666666668,0.0,16.666666666666668,0.0,0.0,0.0,0.0,0.0,16.666666666666668,0.0,0.0,0.0,33.333333333333336,0.0,1
9,0,-0.5111111111111112,1278.4982,0.3333333333333333,5.834943199157714,0.0,0.0,11.11111111111111,0.0,0.0,0.0,0.0,0.0,0.0,11.11111111111111,22.22222222222222,0.0,0.0,0.0,11.11111111111111,0.0,11.11111111111111,0.0,11.11111111111111,22.22222222222222,0
24,3,1.2958333333333332,2582.3042,0.08333333333333334,9.390158653259277,12.5,8.333333333333334,0.0,0.0,8.333333333333334,4.166666666666667,0.0,4.166666666666667,12.5,16.666666666666668,8.333333333333334,0.0,8.333333333333334,0.0,0.0,4.166666666666667,4.166666666666667,8.333333333333334,0.0,0.0,1
17,4,-1.023529411764706,1994.2259,0.11764705882352942,11.999967765808105,23.529411764705884,0.0,0.0,0.0,5.882352941176471,5.882352941176471,11.764705882352942,5.882352941176471,0.0,0.0,0.0,5.882352941176471,5.882352941176471,0.0,23.529411764705884,0.0,5.882352941176471,0.0,0.0,5.882352941176471,0
12,0,-1.1333333333333333,1475.645,0.08333333333333334,6.142555809020995,0.0,0.0,0.0,16.666666666666668,0.0,0.0,0.0,8.333333333333334,8.333333333333334,8.333333333333334,0.0,8.333333333333334,8.333333333333334,8.333333333333334,8.333333333333334,8.333333333333334,0.0,8.333333333333334,0.0,8.333333333333334,0
90,1,-1.0233333333333334,10845.8599,0.18888888888888888,7.764854240417481,0.0,6.666666666666667,4.444444444444445,3.3333333333333335,2.2222222222222223,11.11111111111111,4.444444444444445,2.2222222222222223,3.3333333333333335,3.3333333333333335,3.3333333333333335,10.0,1.1111111111111112,5.555555555555555,5.555555555555555,6.666666666666667,6.666666666666667,3.3333333333333335,8.88888888888889,7.777777777777778,0
13,0,-1.2999999999999998,1434.5118,0.15384615384615385,5.663630485534668,0.0,0.0,0.0,7.6923076923076925,0.0,30.76923076923077,0.0,0.0,0.0,0.0,0.0,0.0,7.6923076923076925,15.384615384615385,7.6923076923076925,0.0,7.6923076923076925,7.6923076923076925,7.6923076923076925,7.6923076923076925,0
23,3,0.013043478260869563,2476.8489999999997,0.17391304347826086,9.517806053161618,13.043478260869565,4.3478260869565215,4.3478260869565215,0.0,4.3478260869565215,17.391304347826086,0.0,0.0,13.043478260869565,8.695652173913043,0.0,0.0,0.0,0.0,4.3478260869565215,8.695652173913043,0.0,8.695652173913043,4.3478260869565215,8.695652173913043,1
15,4,-1.1466666666666667,1719.9804,0.13333333333333333,10.176866340637208,0.0,0.0,0.0,0.0,6.666666666666667,6.666666666666667,6.666666666666667,0.0,26.666666666666668,6.666666666666667,0.0,6.666666666666667,6.666666666666667,0.0,0.0,20.0,0.0,6.666666666666667,0.0,6.666666666666667,1
23,2,-0.8347826086956521,2520.8455,0.0,9.313183403015138,0.0,4.3478260869565215,0.0,4.3478260869565215,0.0,13.043478260869565,8.695652173913043,13.043478260869565,8.695652173913043,0.0,4.3478260869565215,13.043478260869565,4.3478260869565215,4.3478260869565215,4.3478260869565215,8.695652173913043,4.3478260869565215,4.3478260869565215,0.0,0.0,0
19,3,-0.9052631578947368,2195.5051,0.10526315789473685,11.166391563415527,5.2631578947368425,0.0,0.0,0.0,5.2631578947368425,10.526315789473685,10.526315789473685,0.0,10.526315789473685,10.526315789473685,5.2631578947368425,5.2631578947368425,5.2631578947368425,5.2631578947368425,5.2631578947368425,10.526315789473685,5.2631578947368425,0.0,5.2631578947368425,0.0,0
9,0,-0.7,983.1196,0.0,6.217469596862792,11.11111111111111,0.0,0.0,11.11111111111111,0.0,11.11111111111111,0.0,11.11111111111111,11.11111111111111,11.11111111111111,0.0,0.0,11.11111111111111,22.22222222222222,0.0,0.0,0.0,0.0,0.0,0.0,1
13,2,-0.9461538461538462,1563.7151999999999,0.15384615384615385,10.834314918518068,7.6923076923076925,0.0,0.0,0.0,0.0,0.0,0.0,0.0,0.0,7.6923076923076925,0.0,15.384615384615385,7.6923076923076925,0.0,15.384615384615385,15.384615384615385,7.6923076923076925,7.6923076923076925,7.6923076923076925,7.6923076923076925,1
36,0,-1.1944444444444444,4272.6689,0.1388888888888889,6.7617597579956055,11.11111111111111,0.0,8.333333333333334,5.555555555555555,0.0,2.7777777777777777,2.7777777777777777,5.555555555555555,2.7777777777777777,5.555555555555555,2.7777777777777777,5.555555555555555,11.11111111111111,2.7777777777777777,11.11111111111111,5.555555555555555,2.7777777777777777,0.0,0.0,13.88888888888889,1
36,18,-0.1499999999999999,4613.7159,0.0,11.999967765808105,0.0,0.0,0.0,0.0,0.0,0.0,0.0,0.0,0.0,0.0,0.0,0.0,0.0,0.0,50.0,0.0,0.0,50.0,0.0,0.0,1
1,0,2.8,165.1891,1.0,5.525000190734862,0.0,0.0,0.0,0.0,100.0,0.0,0.0,0.0,0.0,0.0,0.0,0.0,0.0,0.0,0.0,0.0,0.0,0.0,0.0,0.0,1
13,3,1.623076923076923,1489.9279999999999,0.15384615384615385,10.302063941955566,15.384615384615385,0.0,0.0,0.0,15.384615384615385,0.0,0.0,0.0,23.076923076923077,30.76923076923077,0.0,0.0,0.0,0.0,0.0,0.0,0.0,15.384615384615385,0.0,0.0,1
43,-1,-0.35813953488372097,4931.6498,0.09302325581395349,5.4499727249145495,2.3255813953488373,9.30232558139535,9.30232558139535,2.3255813953488373,2.3255813953488373,6.976744186046512,2.3255813953488373,2.3255813953488373,4.651162790697675,11.627906976744185,4.651162790697675,2.3255813953488373,6.976744186046512,4.651162790697675,4.651162790697675,4.651162790697675,9.30232558139535,2.3255813953488373,4.651162790697675,2.3255813953488373,0
7,4,-2.8714285714285714,1173.3744000000002,0.42857142857142855,11.999967765808105,0.0,0.0,0.0,0.0,0.0,0.0,0.0,0.0,14.285714285714286,0.0,0.0,0.0,0.0,0.0,42.857142857142854,0.0,0.0,0.0,42.857142857142854,0.0,1
26,7,-0.061538461538461556,3033.6936,0.11538461538461539,10.778420829772951,3.8461538461538463,0.0,0.0,0.0,7.6923076923076925,0.0,3.8461538461538463,3.8461538461538463,26.923076923076923,19.23076923076923,0.0,0.0,0.0,0.0,0.0,15.384615384615385,11.538461538461538,3.8461538461538463,3.8461538461538463,0.0,1
25,6,-0.04799999999999995,2528.9471,0.16,10.09737682342529,60.0,0.0,0.0,0.0,0.0,0.0,0.0,0.0,24.0,0.0,0.0,0.0,0.0,0.0,0.0,0.0,0.0,0.0,4.0,12.0,1
14,0,-0.3071428571428572,1601.8444,0.0,6.748743629455567,0.0,0.0,0.0,7.142857142857143,0.0,0.0,7.142857142857143,14.285714285714286,7.142857142857143,14.285714285714286,0.0,14.285714285714286,14.285714285714286,7.142857142857143,0.0,7.142857142857143,0.0,7.142857142857143,0.0,0.0,0
15,1,-0.3466666666666667,1864.1784000000002,0.13333333333333333,8.230952644348147,6.666666666666667,6.666666666666667,6.666666666666667,0.0,0.0,0.0,6.666666666666667,6.666666666666667,6.666666666666667,0.0,13.333333333333334,6.666666666666667,0.0,0.0,6.666666666666667,13.333333333333334,0.0,6.666666666666667,13.333333333333334,0.0,0
21,2,1.3619047619047617,1973.4467,0.0,8.9037446975708,0.0,9.523809523809524,0.0,0.0,0.0,28.571428571428573,0.0,0.0,9.523809523809524,28.571428571428573,0.0,0.0,0.0,0.0,0.0,9.523809523809524,0.0,14.285714285714286,0.0,0.0,1
38,10,-0.09473684210526319,4507.4018,0.13157894736842107,11.634883308410647,2.6315789473684212,15.789473684210526,0.0,0.0,10.526315789473685,10.526315789473685,0.0,5.2631578947368425,0.0,5.2631578947368425,0.0,0.0,5.2631578947368425,2.6315789473684212,26.31578947368421,7.894736842105263,0.0,5.2631578947368425,2.6315789473684212,0.0,1
26,8,-0.0692307692307692,3141.8444,0.11538461538461539,11.603680610656738,7.6923076923076925,0.0,0.0,0.0,0.0,3.8461538461538463,0.0,11.538461538461538,15.384615384615385,7.6923076923076925,0.0,3.8461538461538463,3.8461538461538463,0.0,15.384615384615385,0.0,3.8461538461538463,15.384615384615385,3.8461538461538463,7.6923076923076925,1
23,2,-0.33478260869565224,2883.3298999999997,0.21739130434782608,9.20313587188721,8.695652173913043,4.3478260869565215,4.3478260869565215,4.3478260869565215,13.043478260869565,0.0,4.3478260869565215,4.3478260869565215,8.695652173913043,8.695652173913043,0.0,4.3478260869565215,4.3478260869565215,4.3478260869565215,8.695652173913043,0.0,4.3478260869565215,4.3478260869565215,4.3478260869565215,4.3478260869565215,0
26,4,0.9230769230769231,2779.4608999999996,0.0,10.477804756164549,30.76923076923077,0.0,0.0,0.0,0.0,0.0,15.384615384615385,0.0,15.384615384615385,38.46153846153846,0.0,0.0,0.0,0.0,0.0,0.0,0.0,0.0,0.0,0.0,1
15,0,0.3,1830.1968000000002,0.2,5.9935808181762695,0.0,6.666666666666667,0.0,6.666666666666667,0.0,6.666666666666667,0.0,0.0,6.666666666666667,6.666666666666667,13.333333333333334,0.0,6.666666666666667,0.0,0.0,6.666666666666667,6.666666666666667,13.333333333333334,13.333333333333334,6.666666666666667,0
17,6,-0.6882352941176471,1914.3020000000001,0.17647058823529413,10.699318122863769,47.05882352941177,0.0,0.0,0.0,0.0,0.0,0.0,0.0,35.294117647058826,0.0,0.0,0.0,0.0,0.0,0.0,0.0,0.0,0.0,17.647058823529413,0.0,1
32,2,-2.7755575615628914e-17,3714.2623999999996,0.15625,8.347124671936037,3.125,18.75,0.0,3.125,6.25,6.25,6.25,3.125,0.0,3.125,3.125,3.125,0.0,0.0,9.375,9.375,12.5,3.125,0.0,9.375,1
25,-2,-0.47200000000000003,2657.9118,0.04,5.048348426818847,4.0,4.0,8.0,0.0,4.0,12.0,8.0,4.0,0.0,8.0,8.0,12.0,8.0,4.0,0.0,8.0,8.0,0.0,0.0,0.0,0
29,8,-0.3,2944.4465,0.034482758620689655,11.999967765808105,27.586206896551722,0.0,0.0,0.0,3.4482758620689653,13.793103448275861,6.896551724137931,3.4482758620689653,17.24137931034483,3.4482758620689653,0.0,0.0,0.0,0.0,10.344827586206897,6.896551724137931,0.0,6.896551724137931,0.0,0.0,1
11,2,-0.17272727272727278,1407.6586,0.18181818181818182,11.000836753845213,0.0,0.0,0.0,0.0,18.181818181818183,0.0,0.0,9.090909090909092,9.090909090909092,18.181818181818183,0.0,9.090909090909092,0.0,18.181818181818183,9.090909090909092,0.0,9.090909090909092,0.0,0.0,0.0,1
20,4,-1.02,2389.7936,0.1,10.171579933166505,5.0,0.0,5.0,5.0,5.0,5.0,0.0,5.0,25.0,15.0,0.0,5.0,0.0,5.0,5.0,10.0,0.0,0.0,5.0,0.0,1
17,0,0.788235294117647,1851.1563,0.11764705882352942,5.988010597229004,5.882352941176471,11.764705882352942,0.0,5.882352941176471,5.882352941176471,17.647058823529413,0.0,5.882352941176471,0.0,5.882352941176471,0.0,5.882352941176471,0.0,5.882352941176471,5.882352941176471,0.0,0.0,17.647058823529413,5.882352941176471,0.0,0
26,-1,-0.7423076923076923,3143.5305999999996,0.19230769230769232,5.380572319030762,7.6923076923076925,3.8461538461538463,7.6923076923076925,3.8461538461538463,3.8461538461538463,3.8461538461538463,3.8461538461538463,3.8461538461538463,3.8461538461538463,3.8461538461538463,7.6923076923076925,3.8461538461538463,11.538461538461538,3.8461538461538463,3.8461538461538463,7.6923076923076925,0.0,0.0,7.6923076923076925,7.6923076923076925,0
13,1,2.0,1463.8457999999998,0.23076923076923075,8.750052070617677,0.0,0.0,0.0,0.0,23.076923076923077,15.384615384615385,0.0,7.6923076923076925,7.6923076923076925,30.76923076923077,0.0,0.0,7.6923076923076925,0.0,0.0,0.0,0.0,7.6923076923076925,0.0,0.0,1
11,5,-0.009090909090909078,1357.7324999999998,0.09090909090909091,11.999967765808105,9.090909090909092,0.0,0.0,0.0,9.090909090909092,0.0,0.0,0.0,27.272727272727273,18.181818181818183,0.0,0.0,0.0,0.0,18.181818181818183,0.0,0.0,18.181818181818183,0.0,0.0,1
24,3,0.3291666666666666,2612.0719,0.16666666666666669,10.00138339996338,12.5,0.0,4.166666666666667,0.0,12.5,8.333333333333334,0.0,4.166666666666667,16.666666666666668,16.666666666666668,0.0,0.0,4.166666666666667,0.0,0.0,16.666666666666668,0.0,0.0,4.166666666666667,0.0,1
76,-10,-0.19868421052631582,9340.4175,0.19736842105263158,4.183486366271972,5.2631578947368425,3.9473684210526314,9.210526315789474,7.894736842105263,7.894736842105263,1.3157894736842106,3.9473684210526314,5.2631578947368425,0.0,6.578947368421052,5.2631578947368425,5.2631578947368425,3.9473684210526314,3.9473684210526314,3.9473684210526314,5.2631578947368425,2.6315789473684212,6.578947368421052,7.894736842105263,3.9473684210526314,0
19,8,-1.2684210526315791,2655.1775,0.4210526315789474,11.170195198059083,0.0,5.2631578947368425,0.0,0.0,21.05263157894737,10.526315789473685,0.0,0.0,26.31578947368421,0.0,0.0,0.0,0.0,0.0,15.789473684210526,0.0,0.0,0.0,15.789473684210526,5.2631578947368425,1
46,4,-0.4847826086956522,5431.2982999999995,0.13043478260869565,9.071040153503418,2.1739130434782608,8.695652173913043,6.521739130434782,0.0,2.1739130434782608,4.3478260869565215,0.0,6.521739130434782,13.043478260869565,4.3478260869565215,4.3478260869565215,10.869565217391305,2.1739130434782608,4.3478260869565215,2.1739130434782608,6.521739130434782,4.3478260869565215,6.521739130434782,6.521739130434782,4.3478260869565215,0
12,3,0.7333333333333334,1456.7805999999998,0.16666666666666669,9.6918062210083,16.666666666666668,16.666666666666668,0.0,0.0,8.333333333333334,0.0,0.0,0.0,0.0,8.333333333333334,0.0,0.0,0.0,0.0,25.0,0.0,0.0,16.666666666666668,0.0,8.333333333333334,1
45,-5,-0.3244444444444445,5129.66,0.13333333333333333,4.945015144348144,17.77777777777778,8.88888888888889,6.666666666666667,8.88888888888889,6.666666666666667,4.444444444444445,8.88888888888889,4.444444444444445,2.2222222222222223,2.2222222222222223,4.444444444444445,2.2222222222222223,2.2222222222222223,4.444444444444445,2.2222222222222223,4.444444444444445,2.2222222222222223,0.0,4.444444444444445,2.2222222222222223,0
13,1,-0.2615384615384616,1629.8425,0.3076923076923077,8.231081581115724,0.0,7.6923076923076925,0.0,0.0,23.076923076923077,15.384615384615385,30.76923076923077,7.6923076923076925,7.6923076923076925,0.0,0.0,0.0,0.0,0.0,0.0,0.0,0.0,0.0,0.0,7.6923076923076925,0
9,0,-1.2555555555555555,1049.181,0.0,6.763805961608887,0.0,0.0,0.0,11.11111111111111,0.0,11.11111111111111,11.11111111111111,11.11111111111111,11.11111111111111,11.11111111111111,0.0,0.0,11.11111111111111,22.22222222222222,0.0,0.0,0.0,0.0,0.0,0.0,1
34,-2,-0.9,4191.5541,0.23529411764705885,5.357666206359863,5.882352941176471,0.0,2.9411764705882355,8.823529411764707,8.823529411764707,8.823529411764707,5.882352941176471,0.0,0.0,2.9411764705882355,2.9411764705882355,2.9411764705882355,5.882352941176471,14.705882352941176,5.882352941176471,0.0,0.0,8.823529411764707,2.9411764705882355,11.764705882352942,0
21,1,-0.3761904761904762,2549.9411,0.19047619047619047,8.18440647125244,0.0,4.761904761904762,0.0,4.761904761904762,9.523809523809524,4.761904761904762,4.761904761904762,4.761904761904762,9.523809523809524,9.523809523809524,0.0,0.0,9.523809523809524,14.285714285714286,0.0,4.761904761904762,4.761904761904762,4.761904761904762,4.761904761904762,4.761904761904762,0
11,-1,-2.0363636363636366,1403.415,0.18181818181818182,5.995285987854003,9.090909090909092,0.0,9.090909090909092,9.090909090909092,9.090909090909092,0.0,18.181818181818183,0.0,0.0,0.0,0.0,9.090909090909092,0.0,9.090909090909092,9.090909090909092,9.090909090909092,0.0,0.0,0.0,9.090909090909092,0
10,-1,0.26999999999999996,1164.3295,0.2,4.0500284194946286,10.0,10.0,10.0,0.0,0.0,0.0,0.0,0.0,0.0,10.0,0.0,0.0,20.0,0.0,0.0,0.0,10.0,10.0,10.0,10.0,0
16,-1,-0.36875,1840.9678,0.1875,5.217785453796386,12.5,6.25,12.5,0.0,18.75,0.0,6.25,6.25,0.0,0.0,0.0,12.5,6.25,0.0,6.25,12.5,0.0,0.0,0.0,0.0,0
15,-3,0.22666666666666663,1924.2484,0.2,4.0500284194946286,13.333333333333334,6.666666666666667,13.333333333333334,6.666666666666667,0.0,0.0,6.666666666666667,0.0,0.0,6.666666666666667,20.0,0.0,0.0,0.0,0.0,0.0,0.0,6.666666666666667,20.0,0.0,0
21,1,1.3285714285714285,1968.3871999999997,0.0,8.067976570129392,4.761904761904762,9.523809523809524,0.0,0.0,0.0,28.571428571428573,4.761904761904762,9.523809523809524,4.761904761904762,23.80952380952381,0.0,0.0,0.0,0.0,0.0,9.523809523809524,0.0,4.761904761904762,0.0,0.0,1
10,1,0.86,1078.3082,0.1,8.10001735687256,20.0,20.0,0.0,0.0,0.0,10.0,0.0,10.0,10.0,0.0,0.0,0.0,0.0,10.0,0.0,0.0,0.0,10.0,10.0,0.0,0
14,0,0.014285714285714244,1613.8962999999999,0.21428571428571427,6.089638710021972,0.0,7.142857142857143,0.0,7.142857142857143,21.428571428571427,7.142857142857143,0.0,0.0,7.142857142857143,0.0,7.142857142857143,7.142857142857143,21.428571428571427,0.0,0.0,0.0,7.142857142857143,7.142857142857143,0.0,0.0,0
11,3,-0.4090909090909091,1401.7386999999999,0.09090909090909091,10.289686012268067,0.0,0.0,0.0,9.090909090909092,9.090909090909092,0.0,0.0,9.090909090909092,27.272727272727273,27.272727272727273,0.0,9.090909090909092,0.0,0.0,9.090909090909092,0.0,0.0,0.0,0.0,0.0,1
13,4,-1.2999999999999998,1849.2317,0.3076923076923077,11.999967765808105,0.0,0.0,0.0,0.0,0.0,0.0,0.0,7.6923076923076925,15.384615384615385,7.6923076923076925,0.0,0.0,23.076923076923077,0.0,15.384615384615385,0.0,0.0,0.0,30.76923076923077,0.0,1
18,8,0.28888888888888886,2298.9891000000002,0.1111111111111111,11.999967765808105,0.0,0.0,0.0,0.0,11.11111111111111,0.0,0.0,11.11111111111111,27.77777777777778,22.22222222222222,0.0,0.0,0.0,0.0,16.666666666666668,0.0,0.0,11.11111111111111,0.0,0.0,1
12,5,0.1666666666666667,1464.8077999999998,0.0,11.999967765808105,16.666666666666668,0.0,0.0,0.0,0.0,0.0,0.0,8.333333333333334,0.0,8.333333333333334,0.0,0.0,0.0,0.0,41.666666666666664,0.0,0.0,25.0,0.0,0.0,1
21,2,0.7809523809523808,2356.8525999999997,0.14285714285714285,10.002995109558107,0.0,0.0,0.0,0.0,9.523809523809524,23.80952380952381,14.285714285714286,4.761904761904762,9.523809523809524,33.333333333333336,0.0,0.0,0.0,0.0,0.0,0.0,0.0,0.0,4.761904761904762,0.0,1
21,8,-0.9619047619047618,2914.4646,0.38095238095238093,11.999967765808105,0.0,0.0,0.0,0.0,19.047619047619047,14.285714285714286,0.0,0.0,14.285714285714286,9.523809523809524,0.0,0.0,0.0,0.0,23.80952380952381,0.0,0.0,0.0,19.047619047619047,0.0,1
10,-1,-0.18000000000000002,1119.2955,0.0,5.239952659606933,10.0,10.0,0.0,10.0,0.0,10.0,10.0,0.0,0.0,0.0,20.0,10.0,0.0,10.0,0.0,0.0,0.0,10.0,0.0,0.0,0
12,5,0.39166666666666666,1506.8874999999998,0.0,11.999967765808105,8.333333333333334,0.0,0.0,0.0,0.0,0.0,0.0,16.666666666666668,0.0,8.333333333333334,0.0,0.0,0.0,0.0,41.666666666666664,0.0,0.0,25.0,0.0,0.0,1
21,5,0.24285714285714288,2290.7949,0.047619047619047616,11.166069221496581,9.523809523809524,0.0,0.0,0.0,0.0,14.285714285714286,4.761904761904762,19.047619047619047,14.285714285714286,4.761904761904762,0.0,0.0,4.761904761904762,0.0,9.523809523809524,0.0,4.761904761904762,9.523809523809524,0.0,4.761904761904762,1
41,7,-1.0804878048780489,4921.6749,0.14634146341463417,9.549460029602049,4.878048780487805,14.634146341463415,4.878048780487805,0.0,2.4390243902439024,4.878048780487805,0.0,0.0,7.317073170731708,4.878048780487805,0.0,4.878048780487805,12.195121951219512,2.4390243902439024,14.634146341463415,4.878048780487805,4.878048780487805,0.0,7.317073170731708,4.878048780487805,1
38,0,-0.7315789473684211,4395.8526999999995,0.13157894736842107,7.057265663146972,2.6315789473684212,10.526315789473685,5.2631578947368425,2.6315789473684212,5.2631578947368425,10.526315789473685,10.526315789473685,0.0,2.6315789473684212,2.6315789473684212,5.2631578947368425,2.6315789473684212,0.0,5.2631578947368425,5.2631578947368425,7.894736842105263,10.526315789473685,2.6315789473684212,2.6315789473684212,5.2631578947368425,0
19,4,0.005263157894736818,2087.5362,0.052631578947368425,10.0378080368042,15.789473684210526,5.2631578947368425,0.0,0.0,0.0,10.526315789473685,10.526315789473685,0.0,21.05263157894737,21.05263157894737,0.0,5.2631578947368425,0.0,0.0,0.0,0.0,0.0,5.2631578947368425,5.2631578947368425,0.0,1
13,0,-0.17692307692307693,1531.7115,0.15384615384615385,6.78239231109619,7.6923076923076925,7.6923076923076925,0.0,7.6923076923076925,7.6923076923076925,0.0,7.6923076923076925,0.0,0.0,0.0,7.6923076923076925,0.0,0.0,0.0,7.6923076923076925,15.384615384615385,15.384615384615385,7.6923076923076925,0.0,7.6923076923076925,0
25,9,-1.056,3079.7104,0.2,11.235243797302243,8.0,0.0,0.0,4.0,16.0,8.0,0.0,0.0,28.0,8.0,4.0,4.0,0.0,0.0,12.0,4.0,0.0,0.0,0.0,4.0,1
24,3,1.3166666666666667,2571.1506999999997,0.125,9.390158653259277,16.666666666666668,8.333333333333334,0.0,0.0,12.5,0.0,0.0,16.666666666666668,12.5,4.166666666666667,0.0,4.166666666666667,4.166666666666667,0.0,0.0,12.5,0.0,8.333333333333334,0.0,0.0,1
16,-1,-0.8187500000000001,2056.2006,0.25,6.261121940612793,12.5,0.0,12.5,0.0,12.5,0.0,18.75,0.0,0.0,6.25,0.0,6.25,0.0,6.25,6.25,0.0,0.0,6.25,6.25,6.25,0
15,2,-0.26666666666666666,1675.9892,0.06666666666666667,9.703023719787598,13.333333333333334,0.0,0.0,6.666666666666667,0.0,6.666666666666667,0.0,6.666666666666667,20.0,13.333333333333334,6.666666666666667,6.666666666666667,0.0,0.0,0.0,13.333333333333334,0.0,0.0,6.666666666666667,0.0,1
15,1,-0.09333333333333337,1810.0880000000002,0.06666666666666667,9.611736488342284,6.666666666666667,0.0,0.0,6.666666666666667,6.666666666666667,0.0,13.333333333333334,0.0,0.0,13.333333333333334,6.666666666666667,6.666666666666667,0.0,0.0,13.333333333333334,6.666666666666667,6.666666666666667,13.333333333333334,0.0,0.0,0
33,4,0.5606060606060606,3370.0814,0.0,9.592202568054198,12.121212121212121,6.0606060606060606,6.0606060606060606,0.0,0.0,12.121212121212121,0.0,9.090909090909092,15.151515151515152,18.181818181818183,0.0,3.0303030303030303,0.0,0.0,3.0303030303030303,6.0606060606060606,3.0303030303030303,6.0606060606060606,0.0,0.0,1
24,2,-0.02083333333333338,3017.7252999999996,0.08333333333333334,9.203587150573732,4.166666666666667,4.166666666666667,0.0,8.333333333333334,0.0,4.166666666666667,8.333333333333334,4.166666666666667,8.333333333333334,16.666666666666668,16.666666666666668,0.0,0.0,4.166666666666667,8.333333333333334,0.0,0.0,4.166666666666667,4.166666666666667,4.166666666666667,0
19,1,-1.4263157894736842,2219.5036,0.0,8.607125663757326,5.2631578947368425,5.2631578947368425,5.2631578947368425,5.2631578947368425,0.0,0.0,10.526315789473685,0.0,10.526315789473685,10.526315789473685,5.2631578947368425,10.526315789473685,10.526315789473685,5.2631578947368425,5.2631578947368425,5.2631578947368425,5.2631578947368425,0.0,0.0,0.0,0
25,1,1.224,2594.1443,0.04,8.60557842254639,12.0,0.0,0.0,4.0,4.0,8.0,8.0,4.0,8.0,16.0,0.0,0.0,8.0,0.0,0.0,4.0,0.0,24.0,0.0,0.0,1
35,-1,-0.9771428571428572,4150.5078,0.14285714285714285,6.280901908874512,11.428571428571429,2.857142857142857,5.714285714285714,5.714285714285714,5.714285714285714,2.857142857142857,8.571428571428571,5.714285714285714,5.714285714285714,0.0,0.0,2.857142857142857,5.714285714285714,11.428571428571429,2.857142857142857,5.714285714285714,5.714285714285714,2.857142857142857,8.571428571428571,0.0,0
15,5,-0.6266666666666667,1935.2844,0.2,11.834348487854005,6.666666666666667,0.0,0.0,0.0,0.0,13.333333333333334,0.0,0.0,0.0,20.0,0.0,0.0,0.0,0.0,33.333333333333336,0.0,0.0,6.666666666666667,6.666666666666667,13.333333333333334,1
15,-1,-0.5399999999999999,1805.0369,0.06666666666666667,4.684465217590332,6.666666666666667,0.0,20.0,6.666666666666667,0.0,0.0,0.0,13.333333333333334,13.333333333333334,6.666666666666667,0.0,0.0,0.0,6.666666666666667,6.666666666666667,0.0,0.0,13.333333333333334,0.0,6.666666666666667,1
19,5,-0.5526315789473685,2678.1082,0.368421052631579,11.999967765808105,5.2631578947368425,0.0,0.0,0.0,21.05263157894737,0.0,10.526315789473685,10.526315789473685,5.2631578947368425,0.0,0.0,0.0,0.0,0.0,21.05263157894737,5.2631578947368425,5.2631578947368425,0.0,15.789473684210526,0.0,1
15,-2,-0.053333333333333365,1749.0184,0.0,4.316716957092285,13.333333333333334,0.0,13.333333333333334,13.333333333333334,0.0,0.0,0.0,0.0,0.0,20.0,13.333333333333334,0.0,0.0,0.0,13.333333333333334,6.666666666666667,0.0,6.666666666666667,0.0,0.0,1
18,-2,-1.2055555555555555,2118.2075,0.1111111111111111,6.009666252136229,5.555555555555555,5.555555555555555,11.11111111111111,5.555555555555555,5.555555555555555,5.555555555555555,22.22222222222222,0.0,0.0,0.0,0.0,0.0,5.555555555555555,0.0,5.555555555555555,11.11111111111111,5.555555555555555,5.555555555555555,5.555555555555555,0.0,0
12,4,0.4916666666666667,1508.8585999999998,0.08333333333333334,11.999967765808105,16.666666666666668,0.0,0.0,0.0,0.0,0.0,0.0,16.666666666666668,0.0,8.333333333333334,0.0,0.0,0.0,0.0,33.333333333333336,0.0,0.0,16.666666666666668,8.333333333333334,0.0,1
18,-1,-1.1833333333333333,2048.1971,0.1111111111111111,5.444800376892089,5.555555555555555,11.11111111111111,5.555555555555555,11.11111111111111,5.555555555555555,11.11111111111111,5.555555555555555,0.0,5.555555555555555,0.0,5.555555555555555,11.11111111111111,0.0,0.0,5.555555555555555,11.11111111111111,0.0,0.0,0.0,5.555555555555555,0
14,0,-0.22857142857142865,1728.0054999999998,0.14285714285714288,7.0108850479125975,0.0,7.142857142857143,7.142857142857143,0.0,7.142857142857143,7.142857142857143,21.428571428571427,0.0,7.142857142857143,14.285714285714286,7.142857142857143,0.0,0.0,7.142857142857143,0.0,0.0,0.0,7.142857142857143,0.0,7.142857142857143,0
33,3,0.4696969696969697,3317.9618,0.030303030303030304,9.243170738220215,3.0303030303030303,6.0606060606060606,3.0303030303030303,3.0303030303030303,3.0303030303030303,21.21212121212121,0.0,0.0,15.151515151515152,18.181818181818183,0.0,3.0303030303030303,0.0,3.0303030303030303,0.0,6.0606060606060606,0.0,15.151515151515152,0.0,0.0,1
15,-2,0.26,1647.8863000000001,0.06666666666666667,4.085211753845214,6.666666666666667,0.0,6.666666666666667,6.666666666666667,0.0,6.666666666666667,0.0,13.333333333333334,0.0,6.666666666666667,6.666666666666667,0.0,13.333333333333334,6.666666666666667,0.0,0.0,13.333333333333334,6.666666666666667,0.0,6.666666666666667,0
11,5,-1.0272727272727273,1676.0185999999999,0.5454545454545454,11.999967765808105,0.0,0.0,0.0,0.0,36.36363636363637,0.0,0.0,0.0,27.272727272727273,0.0,0.0,0.0,0.0,0.0,18.181818181818183,0.0,0.0,0.0,18.181818181818183,0.0,1
4,2,-2.15,388.4625,0.0,10.002737236022949,0.0,0.0,0.0,0.0,0.0,50.0,0.0,0.0,50.0,0.0,0.0,0.0,0.0,0.0,0.0,0.0,0.0,0.0,0.0,0.0,1
10,1,-0.02999999999999997,1278.5612,0.2,8.46871204376221,0.0,0.0,10.0,0.0,0.0,0.0,0.0,10.0,20.0,0.0,10.0,0.0,10.0,0.0,0.0,0.0,0.0,20.0,10.0,10.0,0
46,1,0.40434782608695646,4265.705599999999,0.08695652173913043,8.07300510406494,13.043478260869565,4.3478260869565215,0.0,0.0,2.1739130434782608,32.608695652173914,6.521739130434782,8.695652173913043,2.1739130434782608,2.1739130434782608,0.0,4.3478260869565215,2.1739130434782608,0.0,0.0,8.695652173913043,0.0,6.521739130434782,4.3478260869565215,2.1739130434782608,1
21,1,1.3428571428571427,1982.4137999999998,0.0,8.067976570129392,4.761904761904762,9.523809523809524,0.0,0.0,0.0,28.571428571428573,4.761904761904762,14.285714285714286,4.761904761904762,23.80952380952381,0.0,0.0,0.0,0.0,0.0,9.523809523809524,0.0,0.0,0.0,0.0,1
15,-4,-0.44666666666666666,1798.9626000000003,0.13333333333333333,4.0500284194946286,0.0,0.0,13.333333333333334,13.333333333333334,0.0,6.666666666666667,0.0,13.333333333333334,0.0,6.666666666666667,6.666666666666667,6.666666666666667,6.666666666666667,6.666666666666667,0.0,0.0,0.0,6.666666666666667,0.0,13.333333333333334,0
14,-1,-0.24285714285714288,1659.7908,0.28571428571428575,4.0500284194946286,7.142857142857143,0.0,7.142857142857143,0.0,7.142857142857143,0.0,0.0,0.0,0.0,7.142857142857143,0.0,7.142857142857143,14.285714285714286,0.0,0.0,14.285714285714286,7.142857142857143,7.142857142857143,7.142857142857143,14.285714285714286,0
16,4,-0.51875,1938.3481000000002,0.0625,10.098343849182129,0.0,12.5,0.0,0.0,0.0,6.25,0.0,12.5,6.25,0.0,6.25,6.25,6.25,6.25,18.75,0.0,6.25,6.25,0.0,6.25,1
50,1,-1.1740000000000002,5863.444299999999,0.12,7.7348432540893555,6.0,16.0,4.0,6.0,4.0,6.0,8.0,0.0,8.0,2.0,0.0,10.0,2.0,6.0,4.0,6.0,4.0,0.0,6.0,2.0,1
46,6,0.17608695652173917,4885.9027,0.021739130434782608,9.834410285949705,4.3478260869565215,4.3478260869565215,4.3478260869565215,4.3478260869565215,2.1739130434782608,17.391304347826086,0.0,19.565217391304348,17.391304347826086,4.3478260869565215,2.1739130434782608,4.3478260869565215,0.0,0.0,4.3478260869565215,2.1739130434782608,2.1739130434782608,6.521739130434782,0.0,0.0,1
28,3,0.8392857142857143,2834.4019,0.03571428571428572,10.001705741882326,32.142857142857146,0.0,3.5714285714285716,0.0,0.0,3.5714285714285716,0.0,0.0,14.285714285714286,21.428571428571427,0.0,7.142857142857143,0.0,0.0,0.0,0.0,3.5714285714285716,10.714285714285714,3.5714285714285716,0.0,1
15,3,-1.9333333333333333,1781.0223999999998,0.0,9.996096992492678,0.0,0.0,0.0,13.333333333333334,0.0,0.0,6.666666666666667,6.666666666666667,26.666666666666668,0.0,0.0,6.666666666666667,6.666666666666667,0.0,6.666666666666667,13.333333333333334,6.666666666666667,6.666666666666667,0.0,0.0,1
44,3,-0.49318181818181817,4628.152599999999,0.09090909090909091,8.847528266906739,9.090909090909092,9.090909090909092,2.272727272727273,0.0,0.0,18.181818181818183,6.818181818181818,4.545454545454546,9.090909090909092,0.0,2.272727272727273,9.090909090909092,0.0,2.272727272727273,0.0,4.545454545454546,9.090909090909092,4.545454545454546,4.545454545454546,4.545454545454546,1
20,5,-1.3599999999999999,2483.9927,0.1,10.121810340881346,10.0,0.0,0.0,10.0,0.0,0.0,0.0,0.0,30.0,10.0,10.0,0.0,0.0,5.0,5.0,10.0,0.0,0.0,5.0,5.0,1
12,-3,-0.5416666666666666,1221.3164,0.08333333333333334,4.0500284194946286,8.333333333333334,16.666666666666668,8.333333333333334,16.666666666666668,8.333333333333334,16.666666666666668,0.0,0.0,0.0,0.0,0.0,0.0,25.0,0.0,0.0,0.0,0.0,0.0,0.0,0.0,0
24,1,0.7166666666666667,2773.3035999999997,0.125,8.077131080627442,4.166666666666667,8.333333333333334,4.166666666666667,0.0,8.333333333333334,4.166666666666667,8.333333333333334,8.333333333333334,4.166666666666667,8.333333333333334,4.166666666666667,4.166666666666667,4.166666666666667,0.0,4.166666666666667,8.333333333333334,0.0,12.5,4.166666666666667,0.0,0
24,3,0.5458333333333333,2456.9206,0.04166666666666667,10.00138339996338,8.333333333333334,0.0,0.0,0.0,0.0,16.666666666666668,0.0,4.166666666666667,12.5,20.833333333333332,0.0,8.333333333333334,0.0,4.166666666666667,0.0,4.166666666666667,4.166666666666667,12.5,0.0,4.166666666666667,1
18,-3,-1.6,2344.5141,0.22222222222222224,4.526964378356933,0.0,0.0,11.11111111111111,11.11111111111111,5.555555555555555,5.555555555555555,5.555555555555555,0.0,0.0,0.0,16.666666666666668,5.555555555555555,0.0,11.11111111111111,5.555555555555555,5.555555555555555,0.0,0.0,0.0,16.666666666666668,0
10,7,-3.17,1258.4809,0.0,11.999967765808105,0.0,0.0,0.0,0.0,0.0,10.0,0.0,0.0,30.0,0.0,0.0,0.0,0.0,0.0,40.0,20.0,0.0,0.0,0.0,0.0,1
2,2,-3.9,274.3599,0.0,10.002737236022949,0.0,0.0,0.0,0.0,0.0,0.0,0.0,0.0,100.0,0.0,0.0,0.0,0.0,0.0,0.0,0.0,0.0,0.0,0.0,0.0,1
14,3,0.6714285714285715,1457.8235,0.0,10.302063941955566,28.571428571428573,0.0,0.0,0.0,0.0,0.0,0.0,7.142857142857143,21.428571428571427,14.285714285714286,7.142857142857143,7.142857142857143,0.0,0.0,0.0,7.142857142857143,0.0,7.142857142857143,0.0,0.0,1
9,-1,-0.8444444444444444,1018.0808999999999,0.1111111111111111,4.857142066955566,11.11111111111111,0.0,0.0,22.22222222222222,0.0,22.22222222222222,0.0,11.11111111111111,0.0,0.0,0.0,0.0,0.0,0.0,11.11111111111111,0.0,11.11111111111111,0.0,11.11111111111111,0.0,0
15,4,-0.6,1695.0191,0.0,11.999967765808105,6.666666666666667,0.0,0.0,0.0,0.0,6.666666666666667,0.0,13.333333333333334,13.333333333333334,13.333333333333334,0.0,0.0,6.666666666666667,13.333333333333334,13.333333333333334,13.333333333333334,0.0,0.0,0.0,0.0,1
6,-1,1.3,618.7431,0.0,4.0500284194946286,16.666666666666668,0.0,0.0,16.666666666666668,0.0,16.666666666666668,0.0,0.0,0.0,16.666666666666668,16.666666666666668,0.0,0.0,0.0,0.0,0.0,0.0,16.666666666666668,0.0,0.0,0
6,3,-2.6999999999999997,1045.2021000000002,0.5,11.999967765808105,0.0,0.0,0.0,0.0,0.0,0.0,0.0,0.0,0.0,0.0,0.0,0.0,0.0,0.0,50.0,0.0,0.0,0.0,50.0,0.0,1
12,1,0.04166666666666662,1469.7512,0.16666666666666669,10.18002529144287,0.0,0.0,0.0,0.0,0.0,8.333333333333334,0.0,16.666666666666668,0.0,8.333333333333334,8.333333333333334,8.333333333333334,16.666666666666668,0.0,8.333333333333334,8.333333333333334,0.0,0.0,16.666666666666668,0.0,0
23,6,-0.6652173913043479,2578.0923,0.043478260869565216,10.46665172576904,8.695652173913043,8.695652173913043,0.0,0.0,0.0,8.695652173913043,0.0,8.695652173913043,13.043478260869565,0.0,4.3478260869565215,4.3478260869565215,8.695652173913043,4.3478260869565215,13.043478260869565,4.3478260869565215,4.3478260869565215,4.3478260869565215,0.0,4.3478260869565215,1
17,6,-0.4647058823529412,2004.3102,0.17647058823529413,11.999967765808105,47.05882352941177,0.0,0.0,0.0,11.764705882352942,0.0,0.0,0.0,0.0,0.0,0.0,0.0,0.0,0.0,35.294117647058826,0.0,0.0,0.0,5.882352941176471,0.0,1
15,-1,-0.14000000000000007,1930.1453000000001,0.26666666666666666,5.376025199890138,0.0,6.666666666666667,0.0,13.333333333333334,13.333333333333334,0.0,6.666666666666667,0.0,0.0,13.333333333333334,0.0,6.666666666666667,0.0,0.0,6.666666666666667,13.333333333333334,0.0,6.666666666666667,6.666666666666667,6.666666666666667,0
47,8,-0.5319148936170213,5329.261799999999,0.06382978723404255,9.380101585388182,4.25531914893617,17.02127659574468,2.127659574468085,2.127659574468085,0.0,4.25531914893617,0.0,8.51063829787234,10.638297872340425,2.127659574468085,0.0,6.382978723404255,6.382978723404255,0.0,10.638297872340425,8.51063829787234,8.51063829787234,2.127659574468085,2.127659574468085,4.25531914893617,1
42,3,-0.16666666666666669,4980.8193,0.16666666666666669,9.498594474792483,7.142857142857143,4.761904761904762,2.380952380952381,2.380952380952381,7.142857142857143,9.523809523809524,2.380952380952381,2.380952380952381,2.380952380952381,2.380952380952381,9.523809523809524,0.0,4.761904761904762,7.142857142857143,9.523809523809524,2.380952380952381,7.142857142857143,7.142857142857143,7.142857142857143,2.380952380952381,0
13,2,1.5923076923076922,1448.7932999999998,0.15384615384615385,11.000836753845213,15.384615384615385,0.0,0.0,0.0,15.384615384615385,7.6923076923076925,0.0,23.076923076923077,7.6923076923076925,15.384615384615385,0.0,0.0,0.0,0.0,7.6923076923076925,7.6923076923076925,0.0,0.0,0.0,0.0,1
19,-1,-1.0894736842105264,2077.1920999999998,0.052631578947368425,5.35800724029541,10.526315789473685,5.2631578947368425,10.526315789473685,5.2631578947368425,0.0,5.2631578947368425,5.2631578947368425,0.0,5.2631578947368425,5.2631578947368425,0.0,5.2631578947368425,5.2631578947368425,5.2631578947368425,5.2631578947368425,15.789473684210526,0.0,5.2631578947368425,0.0,5.2631578947368425,0
26,1,-0.2153846153846154,2702.0771,0.038461538461538464,8.077066612243652,11.538461538461538,7.6923076923076925,0.0,0.0,0.0,11.538461538461538,7.6923076923076925,7.6923076923076925,0.0,0.0,7.6923076923076925,7.6923076923076925,11.538461538461538,0.0,3.8461538461538463,3.8461538461538463,15.384615384615385,0.0,0.0,3.8461538461538463,0
2,0,-0.5,235.2608,0.0,5.518122673034666,0.0,50.0,0.0,0.0,0.0,0.0,0.0,0.0,0.0,0.0,0.0,50.0,0.0,0.0,0.0,0.0,0.0,0.0,0.0,0.0,0
12,0,0.23333333333333325,1522.7026999999998,0.33333333333333337,6.657119178771974,0.0,0.0,0.0,0.0,25.0,0.0,16.666666666666668,8.333333333333334,0.0,0.0,0.0,0.0,8.333333333333334,8.333333333333334,0.0,8.333333333333334,8.333333333333334,8.333333333333334,0.0,8.333333333333334,0
7,0,2.8,1048.2319,1.0,5.525000190734862,0.0,0.0,0.0,0.0,100.0,0.0,0.0,0.0,0.0,0.0,0.0,0.0,0.0,0.0,0.0,0.0,0.0,0.0,0.0,0.0,1
6,3,-2.1333333333333333,962.1351000000001,0.33333333333333337,11.700318717956542,0.0,16.666666666666668,0.0,0.0,0.0,0.0,0.0,0.0,0.0,0.0,0.0,0.0,0.0,0.0,50.0,0.0,0.0,0.0,33.333333333333336,0.0,1
26,1,-1.3923076923076925,3319.6877999999997,0.23076923076923078,8.20651912689209,7.6923076923076925,3.8461538461538463,3.8461538461538463,3.8461538461538463,7.6923076923076925,0.0,3.8461538461538463,0.0,7.6923076923076925,0.0,3.8461538461538463,11.538461538461538,11.538461538461538,7.6923076923076925,3.8461538461538463,0.0,7.6923076923076925,0.0,15.384615384615385,0.0,0
26,1,-0.07692307692307694,2959.4411999999998,0.038461538461538464,8.0284574508667,0.0,7.6923076923076925,3.8461538461538463,0.0,3.8461538461538463,0.0,3.8461538461538463,7.6923076923076925,7.6923076923076925,7.6923076923076925,7.6923076923076925,3.8461538461538463,0.0,11.538461538461538,0.0,11.538461538461538,19.23076923076923,3.8461538461538463,0.0,0.0,0
19,8,-0.4263157894736842,2396.958,0.3684210526315789,10.845339012145995,21.05263157894737,0.0,0.0,0.0,31.57894736842105,0.0,0.0,0.0,42.10526315789474,0.0,0.0,0.0,0.0,0.0,0.0,0.0,0.0,0.0,5.2631578947368425,0.0,1
40,-1,0.16499999999999998,4331.8834,0.07500000000000001,5.380629158020019,12.5,2.5,5.0,2.5,2.5,7.5,2.5,10.0,0.0,5.0,2.5,0.0,5.0,10.0,5.0,7.5,7.5,7.5,2.5,2.5,0
29,1,-1.2034482758620688,3641.9578,0.2413793103448276,8.452788352966309,0.0,0.0,3.4482758620689653,6.896551724137931,17.24137931034483,3.4482758620689653,10.344827586206897,3.4482758620689653,10.344827586206897,0.0,0.0,6.896551724137931,3.4482758620689653,6.896551724137931,3.4482758620689653,10.344827586206897,3.4482758620689653,3.4482758620689653,3.4482758620689653,3.4482758620689653,0
20,3,1.585,2225.8422,0.15,9.390158653259277,15.0,10.0,0.0,0.0,15.0,0.0,0.0,0.0,15.0,30.0,0.0,0.0,5.0,0.0,0.0,5.0,0.0,5.0,0.0,0.0,1
26,3,-0.04615384615384616,2704.1742999999997,0.0,9.38448543548584,7.6923076923076925,7.6923076923076925,0.0,3.8461538461538463,0.0,15.384615384615385,0.0,11.538461538461538,11.538461538461538,11.538461538461538,0.0,3.8461538461538463,0.0,7.6923076923076925,3.8461538461538463,3.8461538461538463,11.538461538461538,0.0,0.0,0.0,1
13,0,-2.353846153846154,1634.7104,0.07692307692307693,6.924944496154786,0.0,0.0,0.0,15.384615384615385,0.0,7.6923076923076925,15.384615384615385,0.0,7.6923076923076925,7.6923076923076925,0.0,15.384615384615385,0.0,7.6923076923076925,7.6923076923076925,7.6923076923076925,0.0,0.0,7.6923076923076925,0.0,0
22,7,-0.16363636363636366,2495.1081,0.0,11.433484077453613,18.181818181818183,0.0,0.0,0.0,0.0,0.0,9.090909090909092,4.545454545454546,27.272727272727273,22.727272727272727,0.0,4.545454545454546,0.0,0.0,4.545454545454546,0.0,4.545454545454546,4.545454545454546,0.0,0.0,1
7,3,-2.6571428571428575,875.9733,0.0,11.999967765808105,0.0,0.0,0.0,0.0,0.0,0.0,0.0,0.0,14.285714285714286,0.0,0.0,0.0,0.0,14.285714285714286,28.571428571428573,14.285714285714286,28.571428571428573,0.0,0.0,0.0,0
4,0,-1.3250000000000002,462.4962,0.25,5.950042152404785,0.0,0.0,0.0,0.0,0.0,0.0,0.0,0.0,0.0,0.0,0.0,0.0,50.0,0.0,0.0,25.0,0.0,0.0,0.0,25.0,0
17,6,-0.0352941176470588,1797.1937000000003,0.17647058823529413,10.699318122863769,47.05882352941177,0.0,0.0,0.0,17.647058823529413,0.0,0.0,0.0,35.294117647058826,0.0,0.0,0.0,0.0,0.0,0.0,0.0,0.0,0.0,0.0,0.0,1
10,5,-3.85,1484.6402999999998,0.0,11.999967765808105,0.0,0.0,0.0,0.0,0.0,0.0,50.0,0.0,0.0,0.0,0.0,0.0,0.0,0.0,50.0,0.0,0.0,0.0,0.0,0.0,1
12,5,0.4416666666666667,1478.8741,0.0,11.999967765808105,8.333333333333334,0.0,0.0,0.0,0.0,0.0,0.0,16.666666666666668,8.333333333333334,8.333333333333334,0.0,0.0,0.0,0.0,33.333333333333336,0.0,0.0,25.0,0.0,0.0,1
20,-3,0.09499999999999997,2207.5059,0.1,4.13028507232666,25.0,15.0,5.0,10.0,0.0,0.0,5.0,0.0,0.0,5.0,10.0,0.0,5.0,5.0,0.0,5.0,0.0,0.0,0.0,10.0,0
37,-1,-0.818918918918919,4529.1359,0.16216216216216217,5.516588020324705,0.0,10.81081081081081,8.108108108108109,5.405405405405405,5.405405405405405,0.0,2.7027027027027026,8.108108108108109,8.108108108108109,2.7027027027027026,2.7027027027027026,2.7027027027027026,10.81081081081081,8.108108108108109,2.7027027027027026,5.405405405405405,5.405405405405405,0.0,2.7027027027027026,8.108108108108109,0
9,1,-0.8444444444444444,1134.287,0.2222222222222222,8.847657203674316,11.11111111111111,0.0,0.0,11.11111111111111,11.11111111111111,11.11111111111111,0.0,11.11111111111111,11.11111111111111,0.0,0.0,0.0,0.0,11.11111111111111,11.11111111111111,0.0,0.0,0.0,11.11111111111111,0.0,0
16,0,-0.4000000000000001,1864.0674,0.125,6.916702842712403,0.0,0.0,0.0,0.0,0.0,12.5,12.5,12.5,0.0,12.5,0.0,6.25,6.25,12.5,0.0,6.25,6.25,0.0,6.25,6.25,0
75,-3,-0.5,8278.0915,0.10666666666666666,4.9375123977661115,9.333333333333334,2.6666666666666665,6.666666666666667,8.0,4.0,9.333333333333334,1.3333333333333333,1.3333333333333333,4.0,6.666666666666667,0.0,1.3333333333333333,6.666666666666667,5.333333333333333,6.666666666666667,6.666666666666667,4.0,9.333333333333334,1.3333333333333333,5.333333333333333,0
20,3,0.1,2316.6946,0.2,10.00138339996338,10.0,0.0,5.0,0.0,15.0,0.0,0.0,5.0,20.0,5.0,0.0,0.0,0.0,5.0,0.0,20.0,0.0,10.0,5.0,0.0,1
34,1,-0.3941176470588236,4151.7021,0.3235294117647059,8.010019493103027,11.764705882352942,5.882352941176471,5.882352941176471,0.0,14.705882352941176,5.882352941176471,0.0,0.0,8.823529411764707,2.9411764705882355,2.9411764705882355,5.882352941176471,8.823529411764707,5.882352941176471,0.0,2.9411764705882355,0.0,0.0,11.764705882352942,5.882352941176471,0
26,7,-0.45384615384615395,3333.9858999999997,0.15384615384615385,11.999967765808105,0.0,0.0,0.0,0.0,11.538461538461538,7.6923076923076925,19.23076923076923,7.6923076923076925,11.538461538461538,19.23076923076923,0.0,0.0,0.0,0.0,15.384615384615385,3.8461538461538463,0.0,0.0,3.8461538461538463,0.0,1
12,4,0.7749999999999999,1561.9973,0.16666666666666669,11.097152519226071,0.0,0.0,0.0,0.0,8.333333333333334,0.0,0.0,16.666666666666668,16.666666666666668,25.0,0.0,0.0,0.0,0.0,16.666666666666668,0.0,0.0,8.333333333333334,0.0,8.333333333333334,1
26,-1,-0.6961538461538462,3206.5847999999996,0.19230769230769232,5.972664070129395,0.0,0.0,0.0,11.538461538461538,7.6923076923076925,3.8461538461538463,7.6923076923076925,11.538461538461538,3.8461538461538463,0.0,3.8461538461538463,3.8461538461538463,11.538461538461538,3.8461538461538463,3.8461538461538463,7.6923076923076925,3.8461538461538463,3.8461538461538463,3.8461538461538463,7.6923076923076925,0
14,0,1.0142857142857142,1684.0357,0.14285714285714288,6.917725944519043,7.142857142857143,0.0,0.0,0.0,7.142857142857143,7.142857142857143,14.285714285714286,21.428571428571427,0.0,0.0,14.285714285714286,0.0,0.0,7.142857142857143,0.0,0.0,7.142857142857143,7.142857142857143,7.142857142857143,0.0,0
24,-3,-0.47916666666666674,2710.9031999999997,0.16666666666666669,4.307509040832521,8.333333333333334,8.333333333333334,8.333333333333334,8.333333333333334,12.5,8.333333333333334,4.166666666666667,0.0,4.166666666666667,8.333333333333334,0.0,0.0,0.0,12.5,0.0,12.5,0.0,0.0,0.0,4.166666666666667,0
25,1,-0.7760000000000001,3292.9141999999997,0.2,8.155975914001466,0.0,4.0,0.0,16.0,8.0,0.0,0.0,4.0,12.0,8.0,12.0,4.0,8.0,0.0,8.0,4.0,0.0,0.0,8.0,4.0,0
33,-2,-1.081818181818182,4131.5869,0.18181818181818182,5.197039222717284,0.0,3.0303030303030303,12.121212121212121,0.0,3.0303030303030303,3.0303030303030303,6.0606060606060606,0.0,6.0606060606060606,6.0606060606060606,6.0606060606060606,6.0606060606060606,9.090909090909092,12.121212121212121,0.0,3.0303030303030303,3.0303030303030303,6.0606060606060606,12.121212121212121,3.0303030303030303,0
26,1,-1.1,3111.4044999999996,0.15384615384615385,8.154041862487794,7.6923076923076925,3.8461538461538463,3.8461538461538463,7.6923076923076925,3.8461538461538463,0.0,7.6923076923076925,0.0,7.6923076923076925,0.0,0.0,7.6923076923076925,7.6923076923076925,0.0,7.6923076923076925,7.6923076923076925,3.8461538461538463,11.538461538461538,0.0,11.538461538461538,0
12,0,0.06666666666666665,1486.7550999999999,0.25,6.180808448791503,0.0,8.333333333333334,0.0,8.333333333333334,8.333333333333334,8.333333333333334,0.0,8.333333333333334,8.333333333333334,0.0,8.333333333333334,8.333333333333334,8.333333333333334,0.0,0.0,0.0,0.0,8.333333333333334,8.333333333333334,8.333333333333334,0
44,1,-0.11590909090909095,5136.9272,0.1590909090909091,8.03110065460205,6.818181818181818,4.545454545454546,4.545454545454546,2.272727272727273,4.545454545454546,6.818181818181818,2.272727272727273,6.818181818181818,4.545454545454546,11.363636363636363,2.272727272727273,4.545454545454546,9.090909090909092,4.545454545454546,4.545454545454546,4.545454545454546,2.272727272727273,2.272727272727273,6.818181818181818,4.545454545454546,0
8,0,-0.475,1032.1502,0.375,5.524318122863768,12.5,0.0,0.0,0.0,0.0,0.0,0.0,0.0,0.0,0.0,0.0,12.5,25.0,0.0,0.0,0.0,0.0,12.5,25.0,12.5,0
23,1,1.056521739130435,2448.9215999999997,0.13043478260869565,8.598486900329593,21.73913043478261,0.0,0.0,4.3478260869565215,13.043478260869565,8.695652173913043,4.3478260869565215,8.695652173913043,8.695652173913043,13.043478260869565,4.3478260869565215,4.3478260869565215,0.0,0.0,0.0,4.3478260869565215,0.0,4.3478260869565215,0.0,0.0,1
47,6,-0.21063829787234042,5211.2518,0.0425531914893617,8.904389381408691,8.51063829787234,21.27659574468085,4.25531914893617,4.25531914893617,2.127659574468085,2.127659574468085,2.127659574468085,4.25531914893617,17.02127659574468,4.25531914893617,0.0,2.127659574468085,4.25531914893617,0.0,4.25531914893617,6.382978723404255,6.382978723404255,4.25531914893617,2.127659574468085,0.0,1
21,-1,-0.12380952380952388,2553.9514,0.14285714285714285,5.350163459777832,4.761904761904762,0.0,9.523809523809524,4.761904761904762,9.523809523809524,4.761904761904762,4.761904761904762,0.0,4.761904761904762,19.047619047619047,9.523809523809524,0.0,0.0,4.761904761904762,4.761904761904762,0.0,14.285714285714286,0.0,4.761904761904762,0.0,0
18,6,0.43333333333333335,1850.3823000000002,0.0,10.699318122863769,16.666666666666668,0.0,0.0,0.0,0.0,16.666666666666668,0.0,33.333333333333336,33.333333333333336,0.0,0.0,0.0,0.0,0.0,0.0,0.0,0.0,0.0,0.0,0.0,1
45,4,-0.3066666666666667,5391.241,0.15555555555555556,9.222347450256347,8.88888888888889,6.666666666666667,2.2222222222222223,0.0,2.2222222222222223,2.2222222222222223,11.11111111111111,6.666666666666667,8.88888888888889,2.2222222222222223,6.666666666666667,2.2222222222222223,0.0,4.444444444444445,2.2222222222222223,6.666666666666667,8.88888888888889,4.444444444444445,4.444444444444445,8.88888888888889,0
44,3,-0.7568181818181817,4888.5224,0.09090909090909091,9.516774559020995,2.272727272727273,2.272727272727273,0.0,6.818181818181818,4.545454545454546,11.363636363636363,4.545454545454546,6.818181818181818,9.090909090909092,2.272727272727273,0.0,4.545454545454546,13.636363636363637,4.545454545454546,4.545454545454546,6.818181818181818,4.545454545454546,6.818181818181818,2.272727272727273,2.272727272727273,0
27,-3,-0.674074074074074,3151.4219999999996,0.1111111111111111,4.7240819931030265,3.7037037037037037,3.7037037037037037,7.407407407407407,7.407407407407407,3.7037037037037037,3.7037037037037037,7.407407407407407,7.407407407407407,3.7037037037037037,7.407407407407407,0.0,7.407407407407407,7.407407407407407,7.407407407407407,0.0,11.11111111111111,0.0,3.7037037037037037,7.407407407407407,0.0,0
9,-2,-0.5777777777777778,1099.2165,0.1111111111111111,4.712941551208496,11.11111111111111,0.0,11.11111111111111,11.11111111111111,0.0,0.0,11.11111111111111,11.11111111111111,0.0,0.0,11.11111111111111,0.0,11.11111111111111,0.0,0.0,0.0,11.11111111111111,0.0,11.11111111111111,0.0,0
16,-1,-0.025000000000000015,1883.1950000000002,0.125,4.675598335266113,6.25,0.0,6.25,12.5,6.25,12.5,0.0,6.25,6.25,6.25,12.5,0.0,0.0,0.0,6.25,0.0,6.25,6.25,6.25,0.0,0
23,1,-0.35652173913043483,2939.5038999999997,0.21739130434782608,7.823899269104005,0.0,8.695652173913043,8.695652173913043,0.0,4.3478260869565215,8.695652173913043,4.3478260869565215,0.0,8.695652173913043,4.3478260869565215,17.391304347826086,0.0,0.0,4.3478260869565215,4.3478260869565215,4.3478260869565215,0.0,4.3478260869565215,13.043478260869565,4.3478260869565215,0
20,4,0.76,2154.7033,0.05,10.47786922454834,30.0,0.0,0.0,0.0,0.0,0.0,0.0,0.0,20.0,25.0,5.0,5.0,0.0,0.0,0.0,0.0,5.0,5.0,5.0,0.0,1
27,4,0.4333333333333333,2786.4451999999997,0.037037037037037035,9.59536151885986,7.407407407407407,7.407407407407407,3.7037037037037037,0.0,3.7037037037037037,18.51851851851852,0.0,3.7037037037037037,18.51851851851852,25.925925925925927,0.0,0.0,3.7037037037037037,3.7037037037037037,0.0,0.0,3.7037037037037037,0.0,0.0,0.0,1
26,-3,-0.7846153846153847,3018.3190999999997,0.07692307692307693,4.6265462875366214,0.0,3.8461538461538463,3.8461538461538463,7.6923076923076925,0.0,11.538461538461538,7.6923076923076925,3.8461538461538463,0.0,11.538461538461538,7.6923076923076925,15.384615384615385,3.8461538461538463,11.538461538461538,0.0,0.0,0.0,3.8461538461538463,0.0,7.6923076923076925,0
22,5,-0.9636363636363636,2515.9085,0.13636363636363635,10.602486610412598,18.181818181818183,0.0,0.0,0.0,4.545454545454546,4.545454545454546,0.0,0.0,22.727272727272727,9.090909090909092,0.0,9.090909090909092,4.545454545454546,9.090909090909092,0.0,4.545454545454546,4.545454545454546,0.0,9.090909090909092,0.0,1
12,4,0.9166666666666666,1421.7796999999998,0.0,11.999967765808105,16.666666666666668,0.0,0.0,0.0,0.0,0.0,0.0,16.666666666666668,0.0,8.333333333333334,0.0,0.0,0.0,0.0,33.333333333333336,0.0,0.0,25.0,0.0,0.0,1
15,1,-0.14,1763.0016999999998,0.13333333333333333,9.177155113220216,0.0,0.0,0.0,0.0,6.666666666666667,0.0,0.0,6.666666666666667,0.0,6.666666666666667,0.0,13.333333333333334,13.333333333333334,6.666666666666667,6.666666666666667,0.0,20.0,13.333333333333334,0.0,6.666666666666667,0
28,0,0.3178571428571429,3346.0348000000004,0.10714285714285715,5.937651252746583,3.5714285714285716,0.0,3.5714285714285716,7.142857142857143,3.5714285714285716,0.0,0.0,10.714285714285714,7.142857142857143,7.142857142857143,10.714285714285714,3.5714285714285716,10.714285714285714,0.0,3.5714285714285716,3.5714285714285716,7.142857142857143,10.714285714285714,7.142857142857143,0.0,0
31,-3,-0.6806451612903226,3886.4424,0.12903225806451613,4.699925422668456,6.451612903225806,0.0,9.67741935483871,12.903225806451612,3.225806451612903,6.451612903225806,3.225806451612903,9.67741935483871,0.0,0.0,16.129032258064516,3.225806451612903,3.225806451612903,0.0,12.903225806451612,0.0,0.0,3.225806451612903,6.451612903225806,3.225806451612903,0
35,2,0.019999999999999966,4303.2921,0.17142857142857143,8.72980899810791,0.0,5.714285714285714,0.0,5.714285714285714,2.857142857142857,8.571428571428571,0.0,11.428571428571429,8.571428571428571,2.857142857142857,20.0,0.0,5.714285714285714,5.714285714285714,2.857142857142857,2.857142857142857,2.857142857142857,0.0,2.857142857142857,11.428571428571429,0
15,1,0.23333333333333334,1749.0828999999999,0.13333333333333333,7.9490968704223635,6.666666666666667,20.0,0.0,6.666666666666667,13.333333333333334,0.0,0.0,6.666666666666667,13.333333333333334,6.666666666666667,0.0,6.666666666666667,0.0,6.666666666666667,0.0,0.0,13.333333333333334,0.0,0.0,0.0,0
16,4,-1.25625,1986.3064,0.125,11.999967765808105,0.0,0.0,0.0,0.0,6.25,6.25,0.0,0.0,6.25,0.0,6.25,6.25,12.5,12.5,18.75,6.25,0.0,12.5,6.25,0.0,1
20,10,-1.475,2553.1938999999998,0.05,11.999967765808105,0.0,0.0,0.0,5.0,5.0,5.0,0.0,10.0,35.0,15.0,0.0,5.0,0.0,0.0,20.0,0.0,0.0,0.0,0.0,0.0,1
4,1,-0.8500000000000001,594.662,0.5,9.750021171569824,0.0,0.0,0.0,0.0,25.0,0.0,0.0,0.0,0.0,0.0,0.0,0.0,0.0,0.0,25.0,25.0,0.0,0.0,25.0,0.0,0
22,3,-1.7636363636363634,2721.9907,0.09090909090909091,11.711342811584473,4.545454545454546,0.0,0.0,4.545454545454546,0.0,4.545454545454546,13.636363636363637,0.0,4.545454545454546,4.545454545454546,0.0,4.545454545454546,9.090909090909092,9.090909090909092,13.636363636363637,4.545454545454546,9.090909090909092,4.545454545454546,9.090909090909092,0.0,0
11,4,-0.03636363636363642,1536.9447,0.36363636363636365,10.477740287780762,0.0,0.0,0.0,0.0,18.181818181818183,0.0,0.0,0.0,36.36363636363637,27.272727272727273,0.0,0.0,0.0,0.0,0.0,0.0,0.0,0.0,18.181818181818183,0.0,1
37,8,-0.4540540540540541,4100.8564,0.08108108108108109,11.203074073791505,2.7027027027027026,0.0,2.7027027027027026,2.7027027027027026,8.108108108108109,16.216216216216218,0.0,5.405405405405405,18.91891891891892,10.81081081081081,0.0,5.405405405405405,2.7027027027027026,2.7027027027027026,8.108108108108109,2.7027027027027026,2.7027027027027026,8.108108108108109,0.0,0.0,1
26,6,-1.3153846153846156,3214.6850999999997,0.07692307692307693,11.466491889953613,3.8461538461538463,0.0,0.0,7.6923076923076925,3.8461538461538463,3.8461538461538463,3.8461538461538463,3.8461538461538463,11.538461538461538,11.538461538461538,0.0,3.8461538461538463,0.0,7.6923076923076925,19.23076923076923,7.6923076923076925,3.8461538461538463,3.8461538461538463,0.0,3.8461538461538463,0
21,2,0.00952380952380947,2241.6548,0.047619047619047616,8.8418550491333,14.285714285714286,9.523809523809524,0.0,0.0,0.0,0.0,9.523809523809524,0.0,9.523809523809524,14.285714285714286,4.761904761904762,0.0,14.285714285714286,0.0,0.0,19.047619047619047,0.0,0.0,0.0,4.761904761904762,0
20,3,0.795,2199.7969,0.05,8.529376792907716,0.0,40.0,0.0,0.0,5.0,10.0,5.0,10.0,10.0,0.0,5.0,0.0,0.0,0.0,5.0,5.0,5.0,0.0,0.0,0.0,1
11,4,-1.4454545454545455,1577.9122,0.45454545454545453,10.477740287780762,0.0,0.0,0.0,0.0,18.181818181818183,0.0,0.0,0.0,36.36363636363637,0.0,0.0,0.0,18.181818181818183,0.0,0.0,0.0,0.0,0.0,27.272727272727273,0.0,1
18,-2,-0.8388888888888889,2124.2251,0.16666666666666666,4.411581230163575,11.11111111111111,0.0,16.666666666666668,0.0,11.11111111111111,0.0,5.555555555555555,5.555555555555555,0.0,0.0,0.0,11.11111111111111,5.555555555555555,5.555555555555555,5.555555555555555,0.0,11.11111111111111,5.555555555555555,0.0,5.555555555555555,0
11,3,0.5727272727272728,1237.5325,0.18181818181818182,10.302063941955566,9.090909090909092,0.0,0.0,0.0,18.181818181818183,9.090909090909092,0.0,0.0,27.272727272727273,18.181818181818183,0.0,0.0,0.0,0.0,0.0,9.090909090909092,0.0,9.090909090909092,0.0,0.0,1
25,1,-0.7160000000000001,3093.5615,0.16,8.420747566223149,0.0,8.0,8.0,4.0,8.0,0.0,4.0,4.0,8.0,4.0,4.0,4.0,12.0,0.0,8.0,8.0,4.0,4.0,8.0,0.0,0
23,3,-0.7347826086956522,2769.1909,0.13043478260869565,10.045608711242675,4.3478260869565215,4.3478260869565215,4.3478260869565215,0.0,0.0,8.695652173913043,0.0,13.043478260869565,4.3478260869565215,0.0,8.695652173913043,13.043478260869565,4.3478260869565215,0.0,13.043478260869565,8.695652173913043,0.0,0.0,8.695652173913043,4.3478260869565215,0
13,1,1.6384615384615384,1392.7682,0.0,8.750052070617677,0.0,0.0,0.0,0.0,0.0,7.6923076923076925,0.0,7.6923076923076925,7.6923076923076925,46.15384615384615,0.0,7.6923076923076925,7.6923076923076925,0.0,0.0,7.6923076923076925,0.0,7.6923076923076925,0.0,0.0,1
7,3,-1.9142857142857144,1192.3759,0.5714285714285714,11.999967765808105,0.0,0.0,0.0,0.0,14.285714285714286,0.0,0.0,0.0,0.0,0.0,0.0,0.0,0.0,0.0,42.857142857142854,0.0,0.0,0.0,42.857142857142854,0.0,1
26,2,0.7,2417.7985,0.038461538461538464,10.002737236022949,3.8461538461538463,0.0,0.0,0.0,3.8461538461538463,30.76923076923077,0.0,3.8461538461538463,7.6923076923076925,19.23076923076923,0.0,0.0,0.0,3.8461538461538463,0.0,11.538461538461538,7.6923076923076925,7.6923076923076925,0.0,0.0,1
25,-1,0.304,2864.2999,0.16,5.967946434020996,4.0,4.0,4.0,0.0,8.0,8.0,8.0,4.0,0.0,4.0,12.0,8.0,4.0,0.0,0.0,0.0,16.0,8.0,0.0,8.0,0
14,3,0.5428571428571428,1659.1372999999999,0.07142857142857144,10.061983680725099,0.0,7.142857142857143,0.0,0.0,7.142857142857143,7.142857142857143,7.142857142857143,0.0,14.285714285714286,14.285714285714286,14.285714285714286,0.0,7.142857142857143,0.0,7.142857142857143,0.0,0.0,14.285714285714286,0.0,0.0,0
24,0,-1.4833333333333334,3100.3882999999996,0.16666666666666669,7.098303413391113,0.0,0.0,4.166666666666667,4.166666666666667,0.0,4.166666666666667,16.666666666666668,0.0,4.166666666666667,4.166666666666667,4.166666666666667,4.166666666666667,4.166666666666667,12.5,4.166666666666667,4.166666666666667,4.166666666666667,8.333333333333334,12.5,4.166666666666667,0
44,3,-0.44090909090909086,4845.441199999999,0.11363636363636365,8.650190544128417,6.818181818181818,13.636363636363637,2.272727272727273,4.545454545454546,2.272727272727273,13.636363636363637,2.272727272727273,2.272727272727273,6.818181818181818,2.272727272727273,0.0,9.090909090909092,0.0,0.0,6.818181818181818,6.818181818181818,4.545454545454546,6.818181818181818,4.545454545454546,4.545454545454546,1
13,1,0.2307692307692307,1531.8356999999999,0.15384615384615385,9.0063138961792,0.0,0.0,0.0,7.6923076923076925,7.6923076923076925,7.6923076923076925,0.0,7.6923076923076925,15.384615384615385,23.076923076923077,0.0,0.0,7.6923076923076925,0.0,0.0,7.6923076923076925,7.6923076923076925,0.0,7.6923076923076925,0.0,1
40,4,0.04249999999999997,4446.197999999999,0.1,8.743411827087403,7.5,20.0,0.0,0.0,2.5,7.5,12.5,0.0,5.0,5.0,2.5,0.0,2.5,0.0,5.0,10.0,7.5,5.0,2.5,5.0,1
20,-1,-0.09500000000000003,2436.7419,0.15000000000000002,5.3206071853637695,10.0,0.0,5.0,5.0,10.0,0.0,5.0,5.0,0.0,10.0,5.0,10.0,0.0,15.0,5.0,0.0,0.0,10.0,0.0,5.0,0
21,-2,-0.6000000000000001,2428.6605,0.09523809523809523,5.274397087097167,4.761904761904762,9.523809523809524,4.761904761904762,9.523809523809524,0.0,14.285714285714286,9.523809523809524,4.761904761904762,0.0,14.285714285714286,0.0,9.523809523809524,0.0,4.761904761904762,4.761904761904762,0.0,0.0,0.0,4.761904761904762,4.761904761904762,0
15,-1,-1.5066666666666668,1892.9794000000002,0.2,6.026661109924316,6.666666666666667,0.0,6.666666666666667,6.666666666666667,0.0,6.666666666666667,13.333333333333334,6.666666666666667,0.0,6.666666666666667,0.0,13.333333333333334,0.0,6.666666666666667,6.666666666666667,0.0,0.0,0.0,0.0,20.0,0
9,4,-1.7666666666666666,1444.7285,0.4444444444444444,11.999967765808105,0.0,0.0,0.0,0.0,0.0,0.0,0.0,11.11111111111111,22.22222222222222,0.0,0.0,0.0,0.0,0.0,22.22222222222222,0.0,0.0,0.0,44.44444444444444,0.0,1
32,2,-0.6062500000000001,4039.6076000000003,0.15625,9.112299919128418,9.375,3.125,6.25,3.125,3.125,0.0,12.5,12.5,6.25,6.25,3.125,3.125,0.0,3.125,9.375,6.25,0.0,0.0,6.25,6.25,0
24,2,-0.09166666666666669,3033.4858,0.2916666666666667,9.04744472503662,4.166666666666667,4.166666666666667,0.0,0.0,8.333333333333334,4.166666666666667,12.5,4.166666666666667,4.166666666666667,0.0,4.166666666666667,0.0,4.166666666666667,4.166666666666667,4.166666666666667,4.166666666666667,4.166666666666667,12.5,4.166666666666667,16.666666666666668,0
25,1,-0.7,2839.2165,0.04,7.978494453430176,12.0,12.0,0.0,4.0,0.0,0.0,12.0,0.0,8.0,4.0,4.0,8.0,4.0,8.0,0.0,4.0,12.0,4.0,4.0,0.0,0
12,0,0.27499999999999997,1610.9221,0.25,6.735329627990722,0.0,8.333333333333334,8.333333333333334,0.0,8.333333333333334,0.0,8.333333333333334,0.0,0.0,8.333333333333334,16.666666666666668,0.0,0.0,0.0,8.333333333333334,8.333333333333334,0.0,8.333333333333334,16.666666666666668,0.0,0
11,2,0.7545454545454546,1219.4741999999999,0.18181818181818182,10.002737236022949,18.181818181818183,0.0,0.0,0.0,9.090909090909092,9.090909090909092,0.0,0.0,18.181818181818183,18.181818181818183,0.0,0.0,0.0,0.0,0.0,9.090909090909092,0.0,9.090909090909092,9.090909090909092,0.0,1
28,1,-0.6607142857142857,2953.3374999999996,0.0,8.230952644348147,17.857142857142858,3.5714285714285716,3.5714285714285716,3.5714285714285716,0.0,7.142857142857143,3.5714285714285716,3.5714285714285716,3.5714285714285716,3.5714285714285716,7.142857142857143,3.5714285714285716,10.714285714285714,7.142857142857143,7.142857142857143,3.5714285714285716,10.714285714285714,0.0,0.0,0.0,0
10,-1,-1.5,1182.2373,0.1,4.3702592849731445,10.0,0.0,10.0,10.0,0.0,0.0,0.0,0.0,10.0,10.0,0.0,10.0,0.0,10.0,0.0,0.0,20.0,0.0,0.0,10.0,1
14,1,0.5714285714285714,1596.8476999999998,0.14285714285714288,8.249712944030762,7.142857142857143,7.142857142857143,0.0,0.0,14.285714285714286,0.0,0.0,21.428571428571427,0.0,0.0,0.0,7.142857142857143,7.142857142857143,7.142857142857143,7.142857142857143,14.285714285714286,7.142857142857143,0.0,0.0,0.0,0
19,3,-0.7210526315789474,2352.7534,0.2105263157894737,9.787026023864744,0.0,5.2631578947368425,0.0,5.2631578947368425,10.526315789473685,5.2631578947368425,0.0,10.526315789473685,15.789473684210526,0.0,0.0,0.0,10.526315789473685,5.2631578947368425,5.2631578947368425,5.2631578947368425,10.526315789473685,0.0,10.526315789473685,0.0,1
19,8,-1.4210526315789473,2609.0859,0.4210526315789474,11.763691139221194,0.0,0.0,0.0,0.0,21.05263157894737,15.789473684210526,0.0,0.0,26.31578947368421,0.0,0.0,0.0,0.0,0.0,15.789473684210526,0.0,0.0,0.0,15.789473684210526,5.2631578947368425,1
11,5,-2.6545454545454543,1493.7197999999999,0.18181818181818182,11.166069221496581,0.0,0.0,0.0,0.0,9.090909090909092,9.090909090909092,27.272727272727273,0.0,27.272727272727273,0.0,0.0,0.0,0.0,0.0,18.181818181818183,0.0,0.0,0.0,0.0,9.090909090909092,1
25,5,-0.52,2859.3316999999997,0.16,10.295294761657711,8.0,0.0,4.0,0.0,4.0,16.0,4.0,0.0,20.0,8.0,0.0,4.0,0.0,0.0,4.0,0.0,4.0,12.0,8.0,4.0,1
43,0,-0.6511627906976745,5333.136799999999,0.18604651162790697,6.929093742370605,4.651162790697675,0.0,4.651162790697675,6.976744186046512,6.976744186046512,9.30232558139535,4.651162790697675,2.3255813953488373,4.651162790697675,4.651162790697675,11.627906976744185,0.0,4.651162790697675,9.30232558139535,6.976744186046512,0.0,2.3255813953488373,4.651162790697675,6.976744186046512,4.651162790697675,0
11,-1,0.5,1339.4934,0.2727272727272727,4.0500284194946286,0.0,0.0,0.0,9.090909090909092,18.181818181818183,9.090909090909092,0.0,9.090909090909092,0.0,9.090909090909092,0.0,9.090909090909092,0.0,9.090909090909092,0.0,9.090909090909092,0.0,9.090909090909092,9.090909090909092,0.0,0
18,4,0.5222222222222223,2098.5887,0.1111111111111111,9.007538795471191,0.0,33.333333333333336,0.0,0.0,11.11111111111111,11.11111111111111,0.0,11.11111111111111,0.0,0.0,0.0,0.0,0.0,0.0,22.22222222222222,0.0,11.11111111111111,0.0,0.0,0.0,1
19,3,0.031578947368421054,2103.4942,0.052631578947368425,9.157685661315917,5.2631578947368425,15.789473684210526,0.0,0.0,0.0,10.526315789473685,5.2631578947368425,10.526315789473685,10.526315789473685,5.2631578947368425,0.0,10.526315789473685,0.0,0.0,5.2631578947368425,5.2631578947368425,5.2631578947368425,5.2631578947368425,5.2631578947368425,0.0,1
25,1,1.112,2624.1304999999998,0.04,8.76197872161865,8.0,0.0,0.0,4.0,4.0,8.0,8.0,4.0,4.0,12.0,0.0,0.0,8.0,0.0,4.0,8.0,0.0,28.0,0.0,0.0,1
13,1,-1.4461538461538461,1652.8711999999998,0.15384615384615385,8.437960624694828,0.0,0.0,15.384615384615385,0.0,0.0,7.6923076923076925,7.6923076923076925,7.6923076923076925,15.384615384615385,7.6923076923076925,7.6923076923076925,7.6923076923076925,0.0,0.0,7.6923076923076925,0.0,0.0,0.0,0.0,15.384615384615385,0
8,-2,-1.8375,949.9821,0.0,4.377705192565918,0.0,12.5,12.5,25.0,0.0,0.0,0.0,0.0,12.5,0.0,0.0,25.0,0.0,0.0,0.0,0.0,0.0,12.5,0.0,0.0,0
16,1,-0.012500000000000004,1780.0373,0.0625,8.072038078308104,6.25,12.5,6.25,0.0,6.25,6.25,0.0,12.5,0.0,0.0,0.0,6.25,6.25,6.25,12.5,6.25,6.25,6.25,0.0,0.0,0
51,2,-0.9686274509803922,5711.3967999999995,0.0392156862745098,9.057501792907715,13.72549019607843,0.0,3.9215686274509802,9.803921568627452,1.9607843137254901,1.9607843137254901,1.9607843137254901,1.9607843137254901,17.647058823529413,7.8431372549019605,0.0,3.9215686274509802,1.9607843137254901,13.72549019607843,0.0,3.9215686274509802,5.882352941176471,7.8431372549019605,0.0,1.9607843137254901,1
21,0,-0.7142857142857143,2420.7261,0.09523809523809523,6.918351173400879,4.761904761904762,0.0,4.761904761904762,0.0,0.0,9.523809523809524,9.523809523809524,4.761904761904762,0.0,0.0,9.523809523809524,4.761904761904762,14.285714285714286,9.523809523809524,4.761904761904762,4.761904761904762,0.0,9.523809523809524,4.761904761904762,4.761904761904762,0
14,3,1.0214285714285716,1497.9304,0.0,10.302063941955566,28.571428571428573,0.0,0.0,0.0,0.0,0.0,0.0,14.285714285714286,21.428571428571427,21.428571428571427,7.142857142857143,7.142857142857143,0.0,0.0,0.0,0.0,0.0,0.0,0.0,0.0,1
21,0,-0.25238095238095243,2518.9321,0.09523809523809523,6.855487251281737,4.761904761904762,0.0,0.0,9.523809523809524,0.0,4.761904761904762,4.761904761904762,9.523809523809524,0.0,14.285714285714286,4.761904761904762,9.523809523809524,14.285714285714286,0.0,9.523809523809524,0.0,0.0,4.761904761904762,4.761904761904762,4.761904761904762,0
46,5,-0.45,5702.6278999999995,0.13043478260869565,9.745186042785644,6.521739130434782,6.521739130434782,4.3478260869565215,4.3478260869565215,4.3478260869565215,0.0,6.521739130434782,6.521739130434782,6.521739130434782,6.521739130434782,2.1739130434782608,2.1739130434782608,2.1739130434782608,2.1739130434782608,13.043478260869565,4.3478260869565215,6.521739130434782,6.521739130434782,6.521739130434782,2.1739130434782608,0
13,-3,-1.5,1585.7757,0.0,4.334905433654787,0.0,7.6923076923076925,15.384615384615385,23.076923076923077,0.0,0.0,0.0,0.0,15.384615384615385,7.6923076923076925,15.384615384615385,0.0,0.0,7.6923076923076925,0.0,7.6923076923076925,0.0,0.0,0.0,0.0,0
23,-2,-1.0521739130434782,2673.868,0.13043478260869565,5.74570598602295,0.0,0.0,4.3478260869565215,8.695652173913043,4.3478260869565215,13.043478260869565,13.043478260869565,4.3478260869565215,4.3478260869565215,4.3478260869565215,4.3478260869565215,8.695652173913043,4.3478260869565215,4.3478260869565215,0.0,4.3478260869565215,4.3478260869565215,4.3478260869565215,0.0,8.695652173913043,0
15,-1,-1.4200000000000002,1798.8683,0.13333333333333333,5.3206071853637695,13.333333333333334,0.0,6.666666666666667,6.666666666666667,6.666666666666667,0.0,6.666666666666667,0.0,0.0,0.0,0.0,20.0,6.666666666666667,6.666666666666667,6.666666666666667,0.0,6.666666666666667,6.666666666666667,6.666666666666667,0.0,0
3,0,2.7999999999999994,459.5367,1.0,5.525000190734862,0.0,0.0,0.0,0.0,100.0,0.0,0.0,0.0,0.0,0.0,0.0,0.0,0.0,0.0,0.0,0.0,0.0,0.0,0.0,0.0,1
16,-1,-0.29375,1841.1799,0.0,5.55029354095459,6.25,0.0,0.0,12.5,0.0,0.0,6.25,6.25,6.25,0.0,18.75,6.25,12.5,6.25,0.0,6.25,0.0,12.5,0.0,0.0,0
24,3,1.4749999999999999,2442.0782999999997,0.04166666666666667,9.390158653259277,16.666666666666668,8.333333333333334,0.0,0.0,4.166666666666667,4.166666666666667,0.0,8.333333333333334,12.5,12.5,0.0,0.0,8.333333333333334,0.0,0.0,4.166666666666667,4.166666666666667,16.666666666666668,0.0,0.0,1
11,1,-0.1636363636363637,1255.4932,0.0,8.01595058441162,9.090909090909092,9.090909090909092,0.0,0.0,0.0,0.0,18.181818181818183,0.0,0.0,0.0,18.181818181818183,0.0,9.090909090909092,0.0,9.090909090909092,18.181818181818183,0.0,9.090909090909092,0.0,0.0,0
12,0,0.25,1487.8527,0.08333333333333334,5.660561180114747,0.0,16.666666666666668,0.0,8.333333333333334,0.0,0.0,0.0,0.0,0.0,0.0,25.0,0.0,8.333333333333334,0.0,8.333333333333334,0.0,16.666666666666668,8.333333333333334,8.333333333333334,0.0,0
18,6,-2.861111111111111,2405.687,0.1111111111111111,11.122359657287596,0.0,0.0,0.0,5.555555555555555,5.555555555555555,5.555555555555555,33.333333333333336,0.0,22.22222222222222,0.0,0.0,0.0,0.0,0.0,16.666666666666668,5.555555555555555,0.0,0.0,0.0,5.555555555555555,1
28,7,0.48214285714285715,3065.8644999999997,0.07142857142857144,10.778420829772951,7.142857142857143,0.0,0.0,0.0,3.5714285714285716,10.714285714285714,0.0,7.142857142857143,25.0,21.428571428571427,0.0,0.0,3.5714285714285716,0.0,0.0,0.0,10.714285714285714,7.142857142857143,3.5714285714285716,0.0,1
31,4,0.07419354838709677,3378.0189,0.06451612903225806,9.592202568054198,6.451612903225806,6.451612903225806,3.225806451612903,3.225806451612903,3.225806451612903,12.903225806451612,0.0,12.903225806451612,16.129032258064516,9.67741935483871,0.0,6.451612903225806,0.0,0.0,3.225806451612903,3.225806451612903,6.451612903225806,3.225806451612903,3.225806451612903,0.0,1
33,0,-0.8242424242424242,4013.5407000000005,0.15151515151515152,5.991023063659667,0.0,12.121212121212121,9.090909090909092,6.0606060606060606,0.0,9.090909090909092,0.0,6.0606060606060606,6.0606060606060606,3.0303030303030303,3.0303030303030303,3.0303030303030303,3.0303030303030303,3.0303030303030303,9.090909090909092,3.0303030303030303,6.0606060606060606,3.0303030303030303,9.090909090909092,6.0606060606060606,0
7,-6,-2.742857142857143,779.6175999999999,0.0,4.0500284194946286,14.285714285714286,0.0,85.71428571428571,0.0,0.0,0.0,0.0,0.0,0.0,0.0,0.0,0.0,0.0,0.0,0.0,0.0,0.0,0.0,0.0,0.0,1
32,1,-0.46875,3975.6612999999998,0.1875,8.020141029357909,6.25,6.25,9.375,0.0,3.125,0.0,3.125,3.125,9.375,6.25,9.375,6.25,9.375,0.0,3.125,0.0,6.25,3.125,9.375,6.25,0
11,6,-1.6090909090909091,1611.9435999999998,0.18181818181818182,11.999967765808105,0.0,0.0,0.0,0.0,9.090909090909092,0.0,0.0,18.181818181818183,0.0,0.0,0.0,0.0,9.090909090909092,0.0,54.54545454545455,0.0,0.0,0.0,9.090909090909092,0.0,1
25,6,0.012000000000000042,2300.6594,0.04,10.699318122863769,60.0,0.0,0.0,0.0,0.0,0.0,0.0,0.0,24.0,0.0,0.0,0.0,0.0,0.0,0.0,12.0,0.0,0.0,4.0,0.0,1
34,-1,0.2029411764705882,3903.5041,0.14705882352941177,5.999321556091308,2.9411764705882355,0.0,5.882352941176471,2.9411764705882355,5.882352941176471,11.764705882352942,5.882352941176471,5.882352941176471,5.882352941176471,5.882352941176471,8.823529411764707,2.9411764705882355,0.0,2.9411764705882355,0.0,0.0,11.764705882352942,11.764705882352942,2.9411764705882355,5.882352941176471,0
25,3,-0.19599999999999998,2665.1576999999997,0.12,9.143696022033694,4.0,8.0,4.0,4.0,4.0,20.0,0.0,4.0,20.0,0.0,4.0,0.0,4.0,0.0,0.0,4.0,0.0,12.0,0.0,8.0,0
17,1,0.9117647058823529,1769.0924,0.05882352941176471,8.598357963562016,11.764705882352942,0.0,5.882352941176471,0.0,5.882352941176471,11.764705882352942,5.882352941176471,23.529411764705884,11.764705882352942,5.882352941176471,0.0,0.0,0.0,0.0,0.0,11.764705882352942,0.0,5.882352941176471,0.0,0.0,1
8,0,-0.17500000000000002,928.0443,0.0,5.972209358215332,12.5,0.0,0.0,12.5,0.0,0.0,0.0,0.0,0.0,25.0,0.0,25.0,0.0,0.0,12.5,0.0,0.0,12.5,0.0,0.0,1
6,-3,-2.283333333333333,705.6682,0.0,4.0500284194946286,0.0,0.0,66.66666666666667,0.0,0.0,0.0,0.0,0.0,16.666666666666668,0.0,0.0,0.0,0.0,0.0,0.0,0.0,0.0,16.666666666666668,0.0,0.0,1
19,5,-0.6526315789473685,2620.029,0.368421052631579,11.999967765808105,0.0,0.0,0.0,0.0,21.05263157894737,10.526315789473685,10.526315789473685,10.526315789473685,5.2631578947368425,0.0,0.0,0.0,0.0,0.0,21.05263157894737,5.2631578947368425,0.0,0.0,15.789473684210526,0.0,1
21,2,0.4285714285714285,2597.9737,0.28571428571428575,11.00096569061279,14.285714285714286,0.0,0.0,0.0,28.571428571428573,0.0,23.80952380952381,9.523809523809524,4.761904761904762,4.761904761904762,0.0,0.0,0.0,0.0,4.761904761904762,9.523809523809524,0.0,0.0,0.0,0.0,1
49,5,-0.28775510204081634,5403.4663,0.04081632653061225,8.763074684143067,6.122448979591836,20.408163265306122,2.0408163265306123,6.122448979591836,2.0408163265306123,6.122448979591836,2.0408163265306123,6.122448979591836,14.285714285714286,4.081632653061225,0.0,2.0408163265306123,8.16326530612245,2.0408163265306123,4.081632653061225,2.0408163265306123,8.16326530612245,2.0408163265306123,2.0408163265306123,0.0,1
11,2,1.0818181818181818,1279.5707,0.2727272727272727,10.002737236022949,18.181818181818183,0.0,0.0,0.0,18.181818181818183,9.090909090909092,0.0,0.0,18.181818181818183,18.181818181818183,0.0,0.0,0.0,0.0,0.0,0.0,0.0,9.090909090909092,9.090909090909092,0.0,1
24,4,1.1291666666666667,2589.2952999999998,0.08333333333333334,9.70128307342529,8.333333333333334,8.333333333333334,0.0,0.0,8.333333333333334,8.333333333333334,0.0,20.833333333333332,16.666666666666668,12.5,0.0,0.0,8.333333333333334,0.0,0.0,0.0,8.333333333333334,0.0,0.0,0.0,1
46,5,0.20434782608695654,4802.767699999999,0.021739130434782608,9.627982521057131,4.3478260869565215,4.3478260869565215,4.3478260869565215,4.3478260869565215,2.1739130434782608,17.391304347826086,0.0,10.869565217391305,17.391304347826086,10.869565217391305,2.1739130434782608,4.3478260869565215,0.0,0.0,2.1739130434782608,4.3478260869565215,2.1739130434782608,8.695652173913043,0.0,0.0,1
17,0,0.36470588235294116,2033.3294999999998,0.23529411764705885,5.483109855651855,0.0,11.764705882352942,0.0,0.0,17.647058823529413,0.0,0.0,0.0,0.0,0.0,11.764705882352942,11.764705882352942,0.0,5.882352941176471,0.0,17.647058823529413,11.764705882352942,5.882352941176471,5.882352941176471,0.0,0
10,-2,-1.1800000000000002,1171.2345,0.1,4.0500284194946286,10.0,10.0,20.0,10.0,0.0,0.0,0.0,0.0,10.0,10.0,0.0,10.0,0.0,0.0,0.0,0.0,10.0,0.0,0.0,10.0,1
25,9,-0.35999999999999993,2423.9444,0.04,10.903296089172361,60.0,0.0,0.0,0.0,0.0,0.0,0.0,0.0,36.0,0.0,0.0,0.0,0.0,0.0,0.0,0.0,0.0,0.0,4.0,0.0,1
20,-1,-0.40499999999999997,2169.4793999999997,0.05,5.1940835952758775,10.0,0.0,10.0,0.0,0.0,10.0,5.0,10.0,5.0,0.0,10.0,0.0,15.0,10.0,0.0,0.0,5.0,5.0,0.0,5.0,0
20,2,-0.9450000000000001,2260.5206,0.05,8.958091545104981,10.0,10.0,5.0,0.0,0.0,15.0,15.0,5.0,5.0,5.0,0.0,5.0,0.0,5.0,10.0,0.0,5.0,0.0,5.0,0.0,0
17,-1,-0.7117647058823531,1951.1664999999998,0.05882352941176471,6.0026750564575195,5.882352941176471,5.882352941176471,0.0,11.764705882352942,0.0,5.882352941176471,11.764705882352942,0.0,0.0,17.647058823529413,0.0,0.0,11.764705882352942,5.882352941176471,5.882352941176471,5.882352941176471,5.882352941176471,0.0,0.0,5.882352941176471,0
23,-2,1.1695652173913043,2457.9449999999997,0.043478260869565216,4.0500284194946286,4.3478260869565215,0.0,0.0,8.695652173913043,4.3478260869565215,8.695652173913043,0.0,13.043478260869565,0.0,8.695652173913043,8.695652173913043,8.695652173913043,8.695652173913043,0.0,0.0,0.0,8.695652173913043,17.391304347826086,0.0,0.0,0
22,5,-0.6181818181818183,3008.4896,0.36363636363636365,11.999967765808105,0.0,0.0,0.0,0.0,18.181818181818183,13.636363636363637,4.545454545454546,4.545454545454546,4.545454545454546,9.090909090909092,0.0,0.0,0.0,9.090909090909092,18.181818181818183,0.0,0.0,0.0,18.181818181818183,0.0,1
13,1,1.9615384615384615,1427.8122999999998,0.07692307692307693,8.750052070617677,7.6923076923076925,0.0,0.0,0.0,7.6923076923076925,0.0,0.0,15.384615384615385,7.6923076923076925,38.46153846153846,0.0,0.0,7.6923076923076925,0.0,0.0,15.384615384615385,0.0,0.0,0.0,0.0,1
8,4,-1.3875,1227.4665,0.25,11.999967765808105,0.0,0.0,0.0,0.0,0.0,0.0,0.0,12.5,0.0,0.0,0.0,0.0,0.0,0.0,50.0,0.0,0.0,12.5,25.0,0.0,1
9,2,0.03333333333333331,1055.2964,0.1111111111111111,9.314472770690916,11.11111111111111,11.11111111111111,0.0,0.0,0.0,11.11111111111111,11.11111111111111,11.11111111111111,22.22222222222222,11.11111111111111,0.0,0.0,0.0,0.0,0.0,0.0,0.0,0.0,11.11111111111111,0.0,0
5,0,1.02,515.6003000000001,0.0,5.954987144470215,0.0,0.0,0.0,0.0,0.0,0.0,0.0,20.0,0.0,20.0,0.0,0.0,20.0,0.0,0.0,40.0,0.0,0.0,0.0,0.0,0
15,-1,0.16,1818.0585,0.2,5.218353843688964,0.0,0.0,0.0,6.666666666666667,0.0,6.666666666666667,6.666666666666667,13.333333333333334,0.0,0.0,6.666666666666667,6.666666666666667,6.666666666666667,0.0,0.0,13.333333333333334,0.0,13.333333333333334,13.333333333333334,6.666666666666667,0
26,-5,-0.3692307692307693,3169.52,0.15384615384615385,4.0500284194946286,7.6923076923076925,3.8461538461538463,11.538461538461538,11.538461538461538,3.8461538461538463,0.0,3.8461538461538463,11.538461538461538,0.0,0.0,7.6923076923076925,3.8461538461538463,7.6923076923076925,0.0,3.8461538461538463,3.8461538461538463,3.8461538461538463,3.8461538461538463,7.6923076923076925,3.8461538461538463,0
24,4,0.8708333333333332,2596.2018,0.08333333333333334,9.70128307342529,12.5,8.333333333333334,0.0,0.0,8.333333333333334,0.0,0.0,4.166666666666667,16.666666666666668,12.5,0.0,4.166666666666667,4.166666666666667,0.0,0.0,4.166666666666667,12.5,12.5,0.0,0.0,1
12,4,1.0333333333333334,1485.9097,0.0,11.526383018493654,0.0,16.666666666666668,0.0,0.0,0.0,0.0,0.0,16.666666666666668,0.0,8.333333333333334,0.0,0.0,0.0,0.0,33.333333333333336,0.0,0.0,25.0,0.0,0.0,1
12,4,0.7583333333333333,1469.8441,0.0,11.999967765808105,0.0,8.333333333333334,0.0,0.0,0.0,0.0,0.0,16.666666666666668,0.0,8.333333333333334,0.0,0.0,0.0,0.0,33.333333333333336,8.333333333333334,0.0,25.0,0.0,0.0,1
8,3,-1.825,1047.2098,0.25,10.301354789733885,0.0,0.0,0.0,0.0,12.5,0.0,12.5,0.0,37.5,0.0,0.0,0.0,0.0,0.0,0.0,25.0,0.0,0.0,12.5,0.0,1
11,3,-2.0454545454545454,1473.6836999999998,0.09090909090909091,11.166327095031736,0.0,0.0,0.0,0.0,0.0,0.0,18.181818181818183,0.0,18.181818181818183,18.181818181818183,0.0,18.181818181818183,0.0,9.090909090909092,9.090909090909092,0.0,0.0,0.0,9.090909090909092,0.0,0
14,1,-0.0071428571428571175,1590.8018,0.07142857142857144,8.206261253356931,7.142857142857143,7.142857142857143,7.142857142857143,0.0,0.0,0.0,7.142857142857143,7.142857142857143,7.142857142857143,0.0,0.0,7.142857142857143,0.0,0.0,7.142857142857143,14.285714285714286,0.0,21.428571428571427,0.0,7.142857142857143,0
12,-2,-1.2416666666666667,1496.6226,0.16666666666666669,4.353093910217285,8.333333333333334,0.0,8.333333333333334,8.333333333333334,0.0,8.333333333333334,8.333333333333334,0.0,0.0,0.0,16.666666666666668,0.0,0.0,16.666666666666668,0.0,0.0,8.333333333333334,0.0,8.333333333333334,8.333333333333334,0
8,1,-1.025,950.0481,0.25,8.590879631042483,0.0,0.0,0.0,0.0,0.0,12.5,0.0,0.0,12.5,0.0,0.0,12.5,12.5,0.0,0.0,12.5,0.0,12.5,12.5,12.5,0
21,1,-0.30952380952380953,2689.0726999999997,0.2857142857142857,8.127803230285647,4.761904761904762,4.761904761904762,9.523809523809524,0.0,9.523809523809524,0.0,4.761904761904762,0.0,9.523809523809524,4.761904761904762,4.761904761904762,9.523809523809524,0.0,0.0,4.761904761904762,0.0,0.0,14.285714285714286,0.0,19.047619047619047,0
16,1,-0.25625,2044.4005000000002,0.125,8.197815895080566,6.25,6.25,0.0,12.5,0.0,0.0,0.0,12.5,0.0,6.25,6.25,0.0,0.0,6.25,18.75,0.0,6.25,6.25,0.0,12.5,0
15,1,-1.6,1821.0795000000003,0.06666666666666667,8.336551856994632,6.666666666666667,0.0,20.0,6.666666666666667,0.0,0.0,0.0,6.666666666666667,33.333333333333336,6.666666666666667,0.0,0.0,0.0,6.666666666666667,0.0,0.0,0.0,6.666666666666667,0.0,6.666666666666667,1
25,1,-1.06,3037.3641,0.12,8.504427528381349,0.0,0.0,4.0,4.0,4.0,0.0,4.0,4.0,8.0,8.0,4.0,16.0,4.0,4.0,4.0,8.0,12.0,4.0,4.0,4.0,0
26,3,0.28846153846153844,2848.3887999999997,0.038461538461538464,11.00038547515869,7.6923076923076925,0.0,0.0,3.8461538461538463,0.0,11.538461538461538,0.0,11.538461538461538,7.6923076923076925,15.384615384615385,0.0,0.0,3.8461538461538463,7.6923076923076925,7.6923076923076925,3.8461538461538463,7.6923076923076925,7.6923076923076925,3.8461538461538463,0.0,1
11,4,-1.5727272727272728,1530.778,0.18181818181818182,11.999967765808105,0.0,0.0,0.0,0.0,9.090909090909092,0.0,0.0,9.090909090909092,9.090909090909092,0.0,0.0,9.090909090909092,0.0,18.181818181818183,27.272727272727273,0.0,0.0,9.090909090909092,9.090909090909092,0.0,1
10,2,-0.85,1288.5213999999999,0.1,9.986878013610841,10.0,0.0,10.0,0.0,0.0,0.0,10.0,10.0,10.0,0.0,10.0,0.0,0.0,0.0,20.0,0.0,0.0,10.0,0.0,10.0,0
7,4,-2.957142857142857,1201.3878,0.42857142857142855,11.999967765808105,0.0,0.0,0.0,0.0,0.0,0.0,0.0,0.0,0.0,0.0,0.0,0.0,0.0,0.0,57.142857142857146,0.0,0.0,0.0,42.857142857142854,0.0,1
26,3,-0.7653846153846153,3151.6937999999996,0.07692307692307693,9.158588218688966,11.538461538461538,11.538461538461538,0.0,7.6923076923076925,0.0,3.8461538461538463,3.8461538461538463,7.6923076923076925,7.6923076923076925,0.0,7.6923076923076925,3.8461538461538463,0.0,7.6923076923076925,11.538461538461538,0.0,7.6923076923076925,0.0,7.6923076923076925,0.0,0
13,2,1.2,1358.6675,0.07692307692307693,10.003317451477052,15.384615384615385,0.0,0.0,0.0,7.6923076923076925,0.0,0.0,0.0,15.384615384615385,15.384615384615385,0.0,0.0,7.6923076923076925,0.0,0.0,15.384615384615385,0.0,23.076923076923077,0.0,0.0,1
12,-2,-1.125,1411.4932999999999,0.25,4.353093910217285,0.0,8.333333333333334,8.333333333333334,8.333333333333334,8.333333333333334,8.333333333333334,8.333333333333334,0.0,0.0,0.0,0.0,0.0,25.0,0.0,0.0,8.333333333333334,0.0,0.0,0.0,16.666666666666668,0
38,11,-0.9526315789473685,4421.3016,0.052631578947368425,10.08222675323486,2.6315789473684212,15.789473684210526,0.0,5.2631578947368425,0.0,10.526315789473685,0.0,2.6315789473684212,15.789473684210526,5.2631578947368425,0.0,0.0,2.6315789473684212,2.6315789473684212,18.42105263157895,5.2631578947368425,2.6315789473684212,5.2631578947368425,0.0,5.2631578947368425,1
24,13,-1.15,3400.1070999999997,0.125,11.999967765808105,0.0,0.0,0.0,0.0,0.0,0.0,0.0,0.0,0.0,0.0,0.0,0.0,0.0,0.0,54.166666666666664,0.0,0.0,33.333333333333336,12.5,0.0,1
15,1,-1.8866666666666667,1911.0777000000003,0.2,8.38670825958252,6.666666666666667,0.0,13.333333333333334,0.0,0.0,0.0,6.666666666666667,0.0,20.0,6.666666666666667,0.0,0.0,0.0,13.333333333333334,0.0,6.666666666666667,6.666666666666667,0.0,6.666666666666667,13.333333333333334,1
16,-2,-1.225,2046.1312000000003,0.3125,4.0500284194946286,0.0,0.0,18.75,0.0,6.25,6.25,0.0,6.25,0.0,0.0,6.25,12.5,0.0,0.0,6.25,12.5,0.0,0.0,6.25,18.75,0
5,0,0.72,589.7051,0.0,5.494989204406737,0.0,0.0,0.0,0.0,0.0,0.0,0.0,20.0,0.0,0.0,20.0,40.0,0.0,0.0,0.0,0.0,0.0,20.0,0.0,0.0,0
25,6,-0.27599999999999997,2450.8453999999997,0.04,10.699318122863769,60.0,0.0,0.0,0.0,0.0,0.0,12.0,0.0,24.0,0.0,0.0,0.0,0.0,0.0,0.0,0.0,0.0,0.0,4.0,0.0,1
37,10,-0.7756756756756756,4243.0587,0.08108108108108109,11.624568367004397,2.7027027027027026,0.0,2.7027027027027026,2.7027027027027026,8.108108108108109,13.513513513513514,0.0,8.108108108108109,21.62162162162162,10.81081081081081,0.0,5.405405405405405,2.7027027027027026,2.7027027027027026,10.81081081081081,2.7027027027027026,2.7027027027027026,2.7027027027027026,0.0,0.0,1
20,-2,-0.9700000000000001,2342.5382,0.2,4.536456489562989,5.0,10.0,10.0,5.0,5.0,5.0,5.0,0.0,5.0,0.0,5.0,0.0,10.0,5.0,0.0,10.0,5.0,0.0,0.0,15.0,0
27,3,-1.0333333333333334,3575.0905999999995,0.22222222222222224,11.417689323425293,0.0,0.0,3.7037037037037037,7.407407407407407,18.51851851851852,0.0,3.7037037037037037,0.0,3.7037037037037037,14.814814814814815,0.0,0.0,11.11111111111111,11.11111111111111,18.51851851851852,3.7037037037037037,0.0,0.0,3.7037037037037037,0.0,1
14,0,-0.7285714285714285,1486.6263999999999,0.0,5.86364688873291,0.0,0.0,0.0,14.285714285714286,0.0,14.285714285714286,0.0,21.428571428571427,7.142857142857143,0.0,0.0,7.142857142857143,7.142857142857143,0.0,7.142857142857143,21.428571428571427,0.0,0.0,0.0,0.0,1
26,7,0.01538461538461535,3075.7733,0.11538461538461539,10.778420829772951,0.0,0.0,0.0,0.0,7.6923076923076925,0.0,3.8461538461538463,3.8461538461538463,26.923076923076923,23.076923076923077,0.0,0.0,0.0,0.0,0.0,15.384615384615385,11.538461538461538,3.8461538461538463,3.8461538461538463,0.0,1
16,2,0.85625,1787.1756,0.0,11.999967765808105,0.0,0.0,0.0,0.0,0.0,6.25,0.0,6.25,0.0,31.25,6.25,6.25,0.0,0.0,12.5,12.5,12.5,6.25,0.0,0.0,0
33,4,0.09696969696969697,3486.135,0.06060606060606061,9.5143892288208,6.0606060606060606,6.0606060606060606,3.0303030303030303,3.0303030303030303,6.0606060606060606,12.121212121212121,0.0,0.0,18.181818181818183,12.121212121212121,3.0303030303030303,9.090909090909092,0.0,0.0,0.0,9.090909090909092,0.0,12.121212121212121,0.0,0.0,1
6,0,1.6500000000000001,557.6401999999999,0.0,5.57001667022705,50.0,0.0,0.0,0.0,0.0,0.0,0.0,0.0,0.0,16.666666666666668,0.0,16.666666666666668,0.0,0.0,0.0,0.0,0.0,16.666666666666668,0.0,0.0,1
15,3,-0.78,1721.9948,0.06666666666666667,10.289686012268067,0.0,0.0,6.666666666666667,0.0,6.666666666666667,6.666666666666667,0.0,6.666666666666667,20.0,13.333333333333334,0.0,0.0,0.0,6.666666666666667,6.666666666666667,13.333333333333334,13.333333333333334,0.0,0.0,0.0,1
18,-2,-0.7055555555555556,2200.4038,0.2777777777777778,4.139208793640137,0.0,11.11111111111111,22.22222222222222,0.0,16.666666666666668,5.555555555555555,0.0,0.0,11.11111111111111,0.0,0.0,0.0,5.555555555555555,5.555555555555555,0.0,5.555555555555555,0.0,5.555555555555555,5.555555555555555,5.555555555555555,0
12,1,-1.3166666666666667,1384.5011,0.16666666666666669,9.605289649963382,8.333333333333334,0.0,8.333333333333334,0.0,16.666666666666668,16.666666666666668,8.333333333333334,0.0,0.0,0.0,0.0,0.0,16.666666666666668,8.333333333333334,16.666666666666668,0.0,0.0,0.0,0.0,0.0,0
15,8,-1.5266666666666666,1998.5475000000001,0.2,10.845339012145995,0.0,0.0,0.0,0.0,0.0,6.666666666666667,0.0,0.0,53.333333333333336,20.0,0.0,0.0,0.0,0.0,0.0,0.0,0.0,0.0,20.0,0.0,1
16,1,1.28125,1615.9536,0.0625,8.59094409942627,6.25,0.0,6.25,0.0,6.25,18.75,0.0,12.5,12.5,12.5,0.0,0.0,0.0,0.0,0.0,6.25,0.0,18.75,0.0,0.0,1
44,-1,-0.7636363636363637,5400.024399999999,0.18181818181818182,6.0464979171752935,2.272727272727273,2.272727272727273,2.272727272727273,9.090909090909092,6.818181818181818,6.818181818181818,4.545454545454546,6.818181818181818,6.818181818181818,6.818181818181818,2.272727272727273,4.545454545454546,2.272727272727273,9.090909090909092,2.272727272727273,2.272727272727273,11.363636363636363,0.0,9.090909090909092,2.272727272727273,0
18,4,-0.43333333333333335,2186.687,0.1111111111111111,11.263867759704592,11.11111111111111,0.0,0.0,0.0,5.555555555555555,0.0,0.0,11.11111111111111,16.666666666666668,5.555555555555555,11.11111111111111,11.11111111111111,11.11111111111111,5.555555555555555,5.555555555555555,0.0,0.0,0.0,5.555555555555555,0.0,0
44,-1,-0.5090909090909091,5379.0351,0.13636363636363635,6.4337987899780265,4.545454545454546,4.545454545454546,6.818181818181818,6.818181818181818,6.818181818181818,2.272727272727273,9.090909090909092,9.090909090909092,2.272727272727273,4.545454545454546,2.272727272727273,2.272727272727273,2.272727272727273,4.545454545454546,9.090909090909092,2.272727272727273,9.090909090909092,4.545454545454546,2.272727272727273,4.545454545454546,0
12,1,0.21666666666666665,1413.7095,0.08333333333333334,8.231146049499515,8.333333333333334,8.333333333333334,0.0,0.0,0.0,8.333333333333334,8.333333333333334,0.0,8.333333333333334,16.666666666666668,8.333333333333334,0.0,0.0,16.666666666666668,0.0,0.0,0.0,8.333333333333334,8.333333333333334,0.0,0
31,1,0.8483870967741934,3806.6124,0.22580645161290322,7.867995643615723,6.451612903225806,16.129032258064516,6.451612903225806,0.0,12.903225806451612,0.0,3.225806451612903,6.451612903225806,3.225806451612903,9.67741935483871,6.451612903225806,0.0,3.225806451612903,0.0,6.451612903225806,6.451612903225806,0.0,3.225806451612903,6.451612903225806,3.225806451612903,0
33,-5,0.906060606060606,3779.4217,0.09090909090909091,4.089019966125488,15.151515151515152,0.0,0.0,18.181818181818183,6.0606060606060606,0.0,0.0,12.121212121212121,0.0,9.090909090909092,6.0606060606060606,3.0303030303030303,3.0303030303030303,6.0606060606060606,3.0303030303030303,0.0,0.0,15.151515151515152,0.0,3.0303030303030303,0
13,3,0.43076923076923074,1485.8781999999999,0.07692307692307693,10.302063941955566,15.384615384615385,0.0,0.0,0.0,0.0,7.6923076923076925,0.0,15.384615384615385,23.076923076923077,15.384615384615385,7.6923076923076925,7.6923076923076925,0.0,0.0,0.0,0.0,0.0,0.0,7.6923076923076925,0.0,1
25,0,-0.84,2754.9689999999996,0.12,7.09864444732666,8.0,0.0,0.0,4.0,8.0,16.0,16.0,4.0,4.0,4.0,0.0,8.0,8.0,4.0,0.0,0.0,12.0,0.0,4.0,0.0,0
12,4,0.39166666666666666,1283.6459,0.0,10.477740287780762,25.0,0.0,0.0,0.0,0.0,0.0,0.0,0.0,33.333333333333336,25.0,0.0,0.0,0.0,0.0,0.0,0.0,8.333333333333334,8.333333333333334,0.0,0.0,1
19,0,-0.6947368421052632,2298.6481,0.10526315789473685,6.98508014678955,0.0,21.05263157894737,5.2631578947368425,5.2631578947368425,0.0,5.2631578947368425,15.789473684210526,5.2631578947368425,5.2631578947368425,5.2631578947368425,0.0,0.0,10.526315789473685,0.0,5.2631578947368425,0.0,5.2631578947368425,0.0,5.2631578947368425,5.2631578947368425,0
32,-6,-0.08437500000000002,3845.3309,0.125,4.0500284194946286,6.25,3.125,6.25,15.625,3.125,0.0,3.125,9.375,3.125,9.375,6.25,6.25,3.125,3.125,0.0,3.125,3.125,6.25,3.125,6.25,0
19,0,-0.7894736842105263,2372.7428999999997,0.15789473684210528,6.748288917541504,0.0,5.2631578947368425,5.2631578947368425,10.526315789473685,0.0,10.526315789473685,5.2631578947368425,5.2631578947368425,10.526315789473685,5.2631578947368425,10.526315789473685,5.2631578947368425,0.0,0.0,5.2631578947368425,0.0,0.0,5.2631578947368425,5.2631578947368425,10.526315789473685,0
40,-2,0.25249999999999995,4412.0936,0.1,4.751194190979004,10.0,2.5,5.0,5.0,5.0,7.5,2.5,7.5,5.0,10.0,7.5,7.5,5.0,2.5,0.0,7.5,0.0,5.0,2.5,2.5,0
10,4,-0.41999999999999993,1182.4624999999999,0.0,11.999967765808105,20.0,0.0,0.0,0.0,0.0,0.0,0.0,10.0,20.0,10.0,0.0,0.0,0.0,10.0,20.0,0.0,0.0,10.0,0.0,0.0,1
12,0,-0.9750000000000001,1320.5352,0.0,6.069006156921386,8.333333333333334,0.0,8.333333333333334,8.333333333333334,0.0,8.333333333333334,0.0,0.0,16.666666666666668,8.333333333333334,16.666666666666668,8.333333333333334,8.333333333333334,0.0,0.0,8.333333333333334,0.0,0.0,0.0,0.0,0
44,3,-0.4954545454545455,4568.0345,0.09090909090909091,8.847528266906739,11.363636363636363,9.090909090909092,2.272727272727273,0.0,0.0,18.181818181818183,6.818181818181818,4.545454545454546,9.090909090909092,0.0,0.0,9.090909090909092,0.0,2.272727272727273,0.0,4.545454545454546,9.090909090909092,4.545454545454546,4.545454545454546,4.545454545454546,1
17,1,-0.4882352941176471,1989.3470000000002,0.0,8.231081581115724,5.882352941176471,5.882352941176471,0.0,11.764705882352942,0.0,5.882352941176471,5.882352941176471,5.882352941176471,5.882352941176471,11.764705882352942,11.764705882352942,5.882352941176471,0.0,0.0,11.764705882352942,5.882352941176471,5.882352941176471,0.0,0.0,0.0,0
18,-3,-0.9722222222222222,2106.1669,0.16666666666666666,4.308247947692872,5.555555555555555,0.0,11.11111111111111,11.11111111111111,5.555555555555555,11.11111111111111,5.555555555555555,0.0,0.0,5.555555555555555,0.0,5.555555555555555,0.0,0.0,5.555555555555555,11.11111111111111,5.555555555555555,5.555555555555555,11.11111111111111,0.0,0
35,7,0.0028571428571428754,3817.6157999999996,0.05714285714285714,10.728973579406738,14.285714285714286,0.0,0.0,5.714285714285714,2.857142857142857,11.428571428571429,0.0,14.285714285714286,20.0,5.714285714285714,0.0,5.714285714285714,2.857142857142857,0.0,5.714285714285714,0.0,0.0,8.571428571428571,2.857142857142857,0.0,1
16,-3,0.02499999999999994,1965.1661,0.3125,4.0500284194946286,6.25,6.25,12.5,6.25,18.75,6.25,6.25,6.25,0.0,0.0,6.25,0.0,6.25,0.0,0.0,6.25,0.0,0.0,6.25,6.25,0
33,8,-0.5787878787878789,4091.7499,0.24242424242424243,11.481641960144042,6.0606060606060606,3.0303030303030303,3.0303030303030303,0.0,15.151515151515152,6.0606060606060606,3.0303030303030303,0.0,12.121212121212121,0.0,0.0,3.0303030303030303,3.0303030303030303,0.0,15.151515151515152,3.0303030303030303,6.0606060606060606,12.121212121212121,6.0606060606060606,3.0303030303030303,0
22,-2,-1.2227272727272729,2745.9373,0.13636363636363635,5.357723045349121,0.0,0.0,4.545454545454546,13.636363636363637,9.090909090909092,4.545454545454546,9.090909090909092,0.0,0.0,9.090909090909092,4.545454545454546,18.181818181818183,0.0,0.0,9.090909090909092,4.545454545454546,4.545454545454546,4.545454545454546,4.545454545454546,0.0,0
11,0,0.009090909090909028,1357.5551,0.2727272727272727,6.452498817443847,9.090909090909092,9.090909090909092,0.0,0.0,0.0,0.0,9.090909090909092,0.0,0.0,9.090909090909092,9.090909090909092,0.0,9.090909090909092,0.0,0.0,18.181818181818183,0.0,0.0,9.090909090909092,18.181818181818183,0
16,1,1.2375,1615.9536,0.0625,8.59094409942627,6.25,0.0,6.25,0.0,6.25,18.75,0.0,6.25,12.5,18.75,0.0,0.0,0.0,0.0,0.0,6.25,0.0,18.75,0.0,0.0,1
13,-2,0.16153846153846146,1496.7253999999998,0.07692307692307693,4.0500284194946286,0.0,7.6923076923076925,7.6923076923076925,7.6923076923076925,0.0,0.0,0.0,15.384615384615385,0.0,15.384615384615385,0.0,7.6923076923076925,23.076923076923077,0.0,0.0,7.6923076923076925,0.0,0.0,7.6923076923076925,0.0,0
34,-3,1.2294117647058822,3710.4474,0.08823529411764706,4.0500284194946286,11.764705882352942,8.823529411764707,8.823529411764707,0.0,5.882352941176471,0.0,0.0,8.823529411764707,0.0,14.705882352941176,8.823529411764707,2.9411764705882355,5.882352941176471,2.9411764705882355,0.0,8.823529411764707,2.9411764705882355,5.882352941176471,0.0,2.9411764705882355,0
12,4,0.9166666666666666,1421.7796999999998,0.0,11.999967765808105,16.666666666666668,0.0,0.0,0.0,0.0,0.0,0.0,16.666666666666668,0.0,8.333333333333334,0.0,0.0,0.0,0.0,33.333333333333336,0.0,0.0,25.0,0.0,0.0,1
11,0,-0.5818181818181819,1458.6208,0.2727272727272727,6.744537544250489,0.0,0.0,9.090909090909092,0.0,18.181818181818183,0.0,9.090909090909092,9.090909090909092,0.0,0.0,0.0,9.090909090909092,9.090909090909092,9.090909090909092,9.090909090909092,0.0,0.0,9.090909090909092,9.090909090909092,0.0,0
34,7,-0.4470588235294118,3994.8622000000005,0.08823529411764706,9.41884708404541,0.0,17.647058823529413,0.0,5.882352941176471,2.9411764705882355,5.882352941176471,0.0,5.882352941176471,20.58823529411765,11.764705882352942,0.0,5.882352941176471,2.9411764705882355,0.0,5.882352941176471,5.882352941176471,2.9411764705882355,0.0,2.9411764705882355,2.9411764705882355,1
25,2,-0.848,3097.4440999999997,0.16,9.520836067199706,12.0,0.0,4.0,4.0,0.0,0.0,4.0,8.0,0.0,12.0,0.0,8.0,4.0,4.0,16.0,4.0,4.0,0.0,0.0,16.0,1
19,1,0.5631578947368421,2187.6302,0.10526315789473685,8.455947303771975,5.2631578947368425,10.526315789473685,5.2631578947368425,0.0,10.526315789473685,5.2631578947368425,0.0,5.2631578947368425,0.0,5.2631578947368425,10.526315789473685,10.526315789473685,5.2631578947368425,0.0,10.526315789473685,0.0,5.2631578947368425,10.526315789473685,0.0,0.0,0
46,2,-1.0891304347826087,5526.1695,0.10869565217391304,8.907741737365722,10.869565217391305,2.1739130434782608,10.869565217391305,4.3478260869565215,0.0,2.1739130434782608,6.521739130434782,4.3478260869565215,8.695652173913043,4.3478260869565215,4.3478260869565215,2.1739130434782608,2.1739130434782608,2.1739130434782608,10.869565217391305,6.521739130434782,2.1739130434782608,4.3478260869565215,2.1739130434782608,8.695652173913043,0
30,1,-0.39333333333333337,3442.9649,0.0,8.285557365417482,6.666666666666667,0.0,6.666666666666667,6.666666666666667,0.0,6.666666666666667,3.3333333333333335,6.666666666666667,6.666666666666667,26.666666666666668,0.0,3.3333333333333335,0.0,10.0,10.0,3.3333333333333335,3.3333333333333335,0.0,0.0,0.0,1
44,-3,-0.4454545454545455,4821.2341,0.11363636363636363,4.219238090515137,9.090909090909092,2.272727272727273,6.818181818181818,2.272727272727273,6.818181818181818,6.818181818181818,2.272727272727273,2.272727272727273,0.0,2.272727272727273,2.272727272727273,11.363636363636363,11.363636363636363,6.818181818181818,2.272727272727273,2.272727272727273,9.090909090909092,9.090909090909092,2.272727272727273,2.272727272727273,0
20,-3,-0.28500000000000003,2289.5683,0.1,4.308247947692872,5.0,10.0,10.0,10.0,5.0,10.0,5.0,5.0,0.0,0.0,5.0,0.0,10.0,5.0,5.0,0.0,0.0,10.0,5.0,0.0,0
16,2,0.775,1644.9949000000001,0.0625,9.703023719787598,6.25,0.0,6.25,0.0,6.25,18.75,0.0,12.5,18.75,12.5,0.0,0.0,0.0,0.0,0.0,6.25,0.0,12.5,0.0,0.0,1
26,-3,-1.4769230769230768,3091.3041,0.07692307692307693,4.42675724029541,0.0,3.8461538461538463,11.538461538461538,7.6923076923076925,3.8461538461538463,3.8461538461538463,3.8461538461538463,3.8461538461538463,3.8461538461538463,3.8461538461538463,3.8461538461538463,11.538461538461538,7.6923076923076925,7.6923076923076925,3.8461538461538463,0.0,15.384615384615385,0.0,3.8461538461538463,0.0,0
43,2,-0.5813953488372093,4480.8261999999995,0.11627906976744186,8.789248847961428,13.953488372093023,4.651162790697675,2.3255813953488373,0.0,0.0,18.6046511627907,4.651162790697675,4.651162790697675,6.976744186046512,0.0,0.0,16.27906976744186,0.0,0.0,0.0,2.3255813953488373,9.30232558139535,4.651162790697675,6.976744186046512,4.651162790697675,1
11,-1,-0.045454545454545484,1182.3066999999999,0.0,5.076483726501464,0.0,9.090909090909092,9.090909090909092,0.0,0.0,9.090909090909092,9.090909090909092,27.272727272727273,0.0,0.0,0.0,18.181818181818183,9.090909090909092,0.0,0.0,9.090909090909092,0.0,0.0,0.0,0.0,0
36,5,-0.5138888888888888,4658.3385,0.2777777777777778,9.570476722717284,0.0,8.333333333333334,0.0,0.0,5.555555555555555,11.11111111111111,11.11111111111111,8.333333333333334,0.0,2.7777777777777777,2.7777777777777777,0.0,0.0,5.555555555555555,13.88888888888889,2.7777777777777777,2.7777777777777777,2.7777777777777777,5.555555555555555,16.666666666666668,0
20,7,-0.66,2376.8826,0.15000000000000002,10.778420829772951,10.0,0.0,0.0,0.0,10.0,0.0,5.0,5.0,35.0,10.0,0.0,0.0,0.0,0.0,0.0,15.0,5.0,0.0,5.0,0.0,1
11,0,1.009090909090909,1315.5996,0.18181818181818182,5.525000190734862,0.0,0.0,0.0,0.0,18.181818181818183,0.0,0.0,18.181818181818183,0.0,0.0,18.181818181818183,0.0,9.090909090909092,9.090909090909092,0.0,9.090909090909092,18.181818181818183,0.0,0.0,0.0,0
30,11,-0.5366666666666667,3638.4861,0.16666666666666669,11.789736366271974,3.3333333333333335,0.0,0.0,3.3333333333333335,16.666666666666668,3.3333333333333335,0.0,6.666666666666667,30.0,3.3333333333333335,0.0,0.0,6.666666666666667,0.0,10.0,6.666666666666667,0.0,10.0,0.0,0.0,1
25,1,1.16,2576.1274999999996,0.0,8.60557842254639,8.0,0.0,0.0,4.0,0.0,8.0,8.0,4.0,8.0,20.0,0.0,0.0,8.0,0.0,0.0,8.0,0.0,24.0,0.0,0.0,1
19,5,-1.7421052631578948,2390.7898999999998,0.10526315789473685,11.451599693298341,0.0,0.0,5.2631578947368425,0.0,0.0,0.0,0.0,5.2631578947368425,5.2631578947368425,5.2631578947368425,0.0,5.2631578947368425,31.57894736842105,0.0,26.31578947368421,0.0,0.0,5.2631578947368425,0.0,10.526315789473685,1
18,4,-1.4611111111111112,2136.4645,0.05555555555555555,11.999967765808105,0.0,0.0,0.0,0.0,0.0,5.555555555555555,5.555555555555555,11.11111111111111,0.0,0.0,0.0,11.11111111111111,33.333333333333336,0.0,22.22222222222222,0.0,0.0,5.555555555555555,0.0,5.555555555555555,1
15,-3,-1.1933333333333336,1851.9210000000003,0.2,4.0500284194946286,6.666666666666667,0.0,20.0,0.0,0.0,0.0,6.666666666666667,0.0,0.0,13.333333333333334,0.0,0.0,6.666666666666667,13.333333333333334,0.0,6.666666666666667,6.666666666666667,0.0,6.666666666666667,13.333333333333334,1
29,1,-0.8793103448275862,3579.0959999999995,0.13793103448275862,8.387675285339355,6.896551724137931,6.896551724137931,6.896551724137931,6.896551724137931,3.4482758620689653,0.0,3.4482758620689653,3.4482758620689653,10.344827586206897,3.4482758620689653,3.4482758620689653,3.4482758620689653,6.896551724137931,6.896551724137931,6.896551724137931,3.4482758620689653,0.0,6.896551724137931,6.896551724137931,3.4482758620689653,0
46,3,-0.5891304347826087,5353.134999999999,0.15217391304347827,9.255806541442869,2.1739130434782608,2.1739130434782608,6.521739130434782,0.0,4.3478260869565215,6.521739130434782,0.0,4.3478260869565215,8.695652173913043,8.695652173913043,6.521739130434782,10.869565217391305,8.695652173913043,0.0,4.3478260869565215,4.3478260869565215,8.695652173913043,2.1739130434782608,0.0,10.869565217391305,0
15,5,-0.26,1871.2422000000001,0.13333333333333333,11.999967765808105,6.666666666666667,0.0,0.0,0.0,0.0,13.333333333333334,0.0,0.0,0.0,20.0,0.0,0.0,0.0,0.0,33.333333333333336,0.0,0.0,13.333333333333334,6.666666666666667,6.666666666666667,1
13,3,-0.2846153846153846,1829.1573999999998,0.3846153846153846,11.999967765808105,23.076923076923077,0.0,0.0,0.0,0.0,0.0,0.0,7.6923076923076925,7.6923076923076925,7.6923076923076925,0.0,0.0,0.0,0.0,15.384615384615385,0.0,0.0,0.0,38.46153846153846,0.0,1
31,3,-0.7354838709677419,3828.3467,0.16129032258064516,9.502462577819824,0.0,6.451612903225806,0.0,3.225806451612903,6.451612903225806,6.451612903225806,6.451612903225806,9.67741935483871,6.451612903225806,3.225806451612903,0.0,12.903225806451612,3.225806451612903,6.451612903225806,6.451612903225806,0.0,9.67741935483871,3.225806451612903,9.67741935483871,0.0,0
12,0,-0.6166666666666667,1571.82,0.25,6.230599403381347,0.0,8.333333333333334,0.0,16.666666666666668,8.333333333333334,8.333333333333334,0.0,0.0,8.333333333333334,8.333333333333334,8.333333333333334,0.0,0.0,0.0,8.333333333333334,8.333333333333334,0.0,0.0,16.666666666666668,0.0,0
8,0,2.8,1195.4057,1.0,5.525000190734862,0.0,0.0,0.0,0.0,100.0,0.0,0.0,0.0,0.0,0.0,0.0,0.0,0.0,0.0,0.0,0.0,0.0,0.0,0.0,0.0,1
38,2,-1.2026315789473685,4408.9496,0.052631578947368425,9.346191215515137,7.894736842105263,0.0,2.6315789473684212,10.526315789473685,0.0,5.2631578947368425,2.6315789473684212,7.894736842105263,13.157894736842104,2.6315789473684212,2.6315789473684212,5.2631578947368425,5.2631578947368425,10.526315789473685,5.2631578947368425,5.2631578947368425,2.6315789473684212,5.2631578947368425,2.6315789473684212,2.6315789473684212,0
4,2,-0.050000000000000044,500.6751,0.0,10.002737236022949,0.0,0.0,0.0,0.0,0.0,0.0,0.0,0.0,50.0,50.0,0.0,0.0,0.0,0.0,0.0,0.0,0.0,0.0,0.0,0.0,1
25,1,-0.9760000000000001,2959.3451,0.08,8.239204597473147,4.0,4.0,4.0,4.0,4.0,4.0,8.0,0.0,0.0,4.0,8.0,0.0,12.0,8.0,12.0,4.0,12.0,4.0,0.0,4.0,0
11,0,-0.3454545454545455,1319.5338,0.0,6.731635093688964,0.0,18.181818181818183,0.0,9.090909090909092,0.0,0.0,9.090909090909092,9.090909090909092,0.0,9.090909090909092,9.090909090909092,18.181818181818183,0.0,0.0,9.090909090909092,9.090909090909092,0.0,0.0,0.0,0.0,0
21,1,-0.04761904761904766,2499.9287,0.19047619047619047,8.054953956604006,0.0,9.523809523809524,4.761904761904762,0.0,9.523809523809524,9.523809523809524,4.761904761904762,9.523809523809524,4.761904761904762,4.761904761904762,4.761904761904762,0.0,9.523809523809524,4.761904761904762,4.761904761904762,4.761904761904762,4.761904761904762,0.0,4.761904761904762,4.761904761904762,0
14,6,-0.17142857142857143,1796.2652999999998,0.0,11.999967765808105,0.0,14.285714285714286,0.0,0.0,0.0,0.0,0.0,14.285714285714286,0.0,7.142857142857143,0.0,0.0,7.142857142857143,0.0,42.857142857142854,0.0,0.0,14.285714285714286,0.0,0.0,1
24,0,-0.6791666666666667,2788.1279999999997,0.125,7.086026191711425,4.166666666666667,4.166666666666667,8.333333333333334,0.0,4.166666666666667,8.333333333333334,16.666666666666668,0.0,4.166666666666667,4.166666666666667,4.166666666666667,0.0,12.5,0.0,4.166666666666667,4.166666666666667,4.166666666666667,8.333333333333334,4.166666666666667,4.166666666666667,0
26,6,-0.03846153846153848,2843.4519,0.07692307692307693,10.699318122863769,3.8461538461538463,0.0,0.0,0.0,3.8461538461538463,11.538461538461538,0.0,11.538461538461538,23.076923076923077,15.384615384615385,0.0,3.8461538461538463,3.8461538461538463,0.0,0.0,7.6923076923076925,11.538461538461538,0.0,3.8461538461538463,0.0,1
20,5,-0.5900000000000001,2439.8936,0.2,10.301548194885253,5.0,0.0,5.0,0.0,15.0,0.0,5.0,5.0,30.0,10.0,0.0,0.0,0.0,0.0,0.0,15.0,5.0,0.0,5.0,0.0,1
13,-3,-1.0,1570.6516,0.15384615384615385,4.0500284194946286,7.6923076923076925,0.0,7.6923076923076925,15.384615384615385,0.0,0.0,0.0,7.6923076923076925,0.0,7.6923076923076925,0.0,0.0,7.6923076923076925,15.384615384615385,0.0,0.0,15.384615384615385,0.0,0.0,15.384615384615385,0
69,-2,-0.07391304347826089,8119.230299999999,0.18840579710144928,5.402625846862793,4.3478260869565215,2.898550724637681,7.246376811594203,2.898550724637681,11.594202898550725,5.797101449275362,2.898550724637681,1.4492753623188406,4.3478260869565215,2.898550724637681,7.246376811594203,4.3478260869565215,4.3478260869565215,5.797101449275362,2.898550724637681,5.797101449275362,4.3478260869565215,11.594202898550725,4.3478260869565215,2.898550724637681,0
18,-1,-0.3777777777777778,2178.4679,0.1111111111111111,5.940891075134277,5.555555555555555,0.0,0.0,5.555555555555555,0.0,0.0,11.11111111111111,5.555555555555555,0.0,5.555555555555555,5.555555555555555,0.0,11.11111111111111,16.666666666666668,0.0,0.0,11.11111111111111,11.11111111111111,5.555555555555555,5.555555555555555,0
17,1,1.1764705882352942,1971.4274,0.17647058823529413,8.197493553161618,5.882352941176471,5.882352941176471,0.0,0.0,11.764705882352942,0.0,0.0,17.647058823529413,5.882352941176471,5.882352941176471,5.882352941176471,5.882352941176471,11.764705882352942,0.0,0.0,0.0,11.764705882352942,5.882352941176471,0.0,5.882352941176471,0
10,-1,0.55,1182.416,0.1,5.239100074768066,0.0,40.0,0.0,10.0,10.0,0.0,10.0,10.0,0.0,0.0,0.0,0.0,10.0,10.0,0.0,0.0,0.0,0.0,0.0,0.0,0
17,5,-0.7058823529411765,1912.2860999999998,0.11764705882352942,10.060887718200682,11.764705882352942,11.764705882352942,0.0,0.0,5.882352941176471,5.882352941176471,0.0,0.0,17.647058823529413,5.882352941176471,0.0,0.0,11.764705882352942,0.0,11.764705882352942,11.764705882352942,0.0,0.0,0.0,5.882352941176471,0
11,-1,-1.1,1387.4551999999999,0.18181818181818182,5.968742179870605,0.0,0.0,9.090909090909092,0.0,9.090909090909092,0.0,18.181818181818183,0.0,0.0,18.181818181818183,0.0,18.181818181818183,0.0,9.090909090909092,0.0,9.090909090909092,0.0,0.0,0.0,9.090909090909092,0
19,0,0.331578947368421,2249.6367,0.15789473684210525,6.709808921813964,5.2631578947368425,21.05263157894737,5.2631578947368425,0.0,15.789473684210526,0.0,5.2631578947368425,5.2631578947368425,0.0,5.2631578947368425,5.2631578947368425,10.526315789473685,5.2631578947368425,5.2631578947368425,5.2631578947368425,5.2631578947368425,0.0,0.0,0.0,0.0,0
18,1,-1.2555555555555555,2119.3179999999998,0.1111111111111111,7.98029956817627,5.555555555555555,16.666666666666668,0.0,5.555555555555555,0.0,0.0,5.555555555555555,0.0,11.11111111111111,0.0,0.0,22.22222222222222,0.0,5.555555555555555,0.0,5.555555555555555,5.555555555555555,5.555555555555555,0.0,11.11111111111111,0
19,4,-1.1684210526315788,2207.5821,0.052631578947368425,11.723011589050294,0.0,0.0,0.0,0.0,0.0,5.2631578947368425,5.2631578947368425,5.2631578947368425,5.2631578947368425,5.2631578947368425,0.0,10.526315789473685,31.57894736842105,0.0,15.789473684210526,0.0,0.0,10.526315789473685,0.0,5.2631578947368425,1
29,0,0.1517241379310345,2916.3369999999995,0.034482758620689655,5.962319374084472,0.0,20.689655172413794,0.0,3.4482758620689653,0.0,17.24137931034483,0.0,0.0,0.0,3.4482758620689653,0.0,6.896551724137931,10.344827586206897,0.0,3.4482758620689653,3.4482758620689653,17.24137931034483,10.344827586206897,3.4482758620689653,0.0,1
23,2,-0.2652173913043479,2965.6108999999997,0.13043478260869565,8.9037446975708,4.3478260869565215,8.695652173913043,8.695652173913043,0.0,8.695652173913043,0.0,8.695652173913043,4.3478260869565215,4.3478260869565215,4.3478260869565215,21.73913043478261,0.0,0.0,4.3478260869565215,13.043478260869565,0.0,4.3478260869565215,0.0,0.0,4.3478260869565215,0
26,1,-0.8153846153846154,3232.6254,0.23076923076923078,8.164227867126463,3.8461538461538463,3.8461538461538463,0.0,11.538461538461538,11.538461538461538,3.8461538461538463,3.8461538461538463,0.0,7.6923076923076925,3.8461538461538463,0.0,3.8461538461538463,7.6923076923076925,3.8461538461538463,7.6923076923076925,3.8461538461538463,3.8461538461538463,7.6923076923076925,3.8461538461538463,7.6923076923076925,0
23,3,0.12608695652173912,2484.8727999999996,0.13043478260869565,9.626822090148927,17.391304347826086,4.3478260869565215,4.3478260869565215,0.0,0.0,13.043478260869565,0.0,0.0,8.695652173913043,13.043478260869565,0.0,0.0,0.0,0.0,8.695652173913043,8.695652173913043,0.0,8.695652173913043,4.3478260869565215,8.695652173913043,1
12,6,-0.575,1636.9943999999998,0.08333333333333334,11.999967765808105,0.0,0.0,0.0,0.0,0.0,0.0,0.0,0.0,0.0,0.0,0.0,0.0,0.0,0.0,50.0,0.0,0.0,41.666666666666664,8.333333333333334,0.0,1
17,2,1.2058823529411764,1910.4141,0.05882352941176471,8.956479835510255,0.0,11.764705882352942,0.0,0.0,5.882352941176471,11.764705882352942,0.0,17.647058823529413,5.882352941176471,17.647058823529413,5.882352941176471,0.0,0.0,5.882352941176471,5.882352941176471,0.0,11.764705882352942,0.0,0.0,0.0,1
12,-1,0.22499999999999998,1356.524,0.16666666666666669,5.24182834625244,8.333333333333334,0.0,0.0,8.333333333333334,8.333333333333334,8.333333333333334,8.333333333333334,16.666666666666668,0.0,0.0,0.0,8.333333333333334,16.666666666666668,0.0,0.0,0.0,0.0,8.333333333333334,0.0,8.333333333333334,0
9,1,1.8555555555555554,965.1885,0.2222222222222222,8.750052070617677,22.22222222222222,0.0,0.0,0.0,22.22222222222222,11.11111111111111,0.0,0.0,11.11111111111111,22.22222222222222,0.0,0.0,0.0,0.0,0.0,0.0,0.0,11.11111111111111,0.0,0.0,1
29,8,-0.4379310344827586,3063.5687,0.10344827586206896,11.999967765808105,24.137931034482758,0.0,0.0,0.0,6.896551724137931,17.24137931034483,6.896551724137931,0.0,17.24137931034483,3.4482758620689653,0.0,0.0,0.0,0.0,10.344827586206897,3.4482758620689653,0.0,6.896551724137931,3.4482758620689653,0.0,1
29,-3,-0.7310344827586207,3424.7722999999996,0.06896551724137931,4.699129676818846,0.0,0.0,3.4482758620689653,17.24137931034483,0.0,10.344827586206897,3.4482758620689653,17.24137931034483,0.0,3.4482758620689653,0.0,3.4482758620689653,6.896551724137931,6.896551724137931,10.344827586206897,0.0,3.4482758620689653,6.896551724137931,0.0,6.896551724137931,0
112,5,-0.4053571428571429,12735.509399999999,0.08035714285714286,9.020883750915527,6.25,5.357142857142857,2.6785714285714284,7.142857142857143,3.5714285714285716,7.142857142857143,3.5714285714285716,3.5714285714285716,4.464285714285714,13.392857142857142,0.0,2.6785714285714284,5.357142857142857,5.357142857142857,9.821428571428571,6.25,4.464285714285714,4.464285714285714,0.0,4.464285714285714,1
15,0,-0.7466666666666667,1830.0777000000003,0.13333333333333333,6.899025917053222,6.666666666666667,13.333333333333334,6.666666666666667,0.0,0.0,0.0,13.333333333333334,0.0,0.0,0.0,6.666666666666667,0.0,13.333333333333334,6.666666666666667,6.666666666666667,6.666666666666667,0.0,6.666666666666667,6.666666666666667,6.666666666666667,0
15,-3,-0.8666666666666667,1819.9405000000002,0.2,4.156487846374512,13.333333333333334,0.0,13.333333333333334,13.333333333333334,6.666666666666667,0.0,0.0,0.0,6.666666666666667,6.666666666666667,6.666666666666667,6.666666666666667,0.0,0.0,0.0,6.666666666666667,6.666666666666667,0.0,6.666666666666667,6.666666666666667,0
12,1,0.7916666666666666,1465.8255,0.08333333333333334,9.598842811584472,0.0,0.0,0.0,8.333333333333334,8.333333333333334,8.333333333333334,0.0,16.666666666666668,0.0,16.666666666666668,16.666666666666668,0.0,0.0,0.0,16.666666666666668,8.333333333333334,0.0,0.0,0.0,0.0,0
16,-2,0.74375,1835.1072,0.1875,4.0500284194946286,12.5,0.0,18.75,0.0,18.75,6.25,0.0,0.0,0.0,6.25,12.5,0.0,0.0,0.0,6.25,0.0,6.25,12.5,0.0,0.0,0
33,2,0.6060606060606061,3265.7965,0.0,8.840114402770997,9.090909090909092,6.0606060606060606,3.0303030303030303,0.0,0.0,9.090909090909092,0.0,3.0303030303030303,9.090909090909092,18.181818181818183,0.0,3.0303030303030303,0.0,3.0303030303030303,0.0,18.181818181818183,9.090909090909092,9.090909090909092,0.0,0.0,1
23,4,-0.6869565217391305,2871.3639,0.17391304347826086,10.161458396911616,0.0,0.0,0.0,8.695652173913043,8.695652173913043,8.695652173913043,4.3478260869565215,0.0,13.043478260869565,13.043478260869565,4.3478260869565215,4.3478260869565215,0.0,0.0,13.043478260869565,4.3478260869565215,0.0,8.695652173913043,0.0,8.695652173913043,1
14,5,-2.292857142857143,1838.1263999999999,0.14285714285714288,11.834348487854005,0.0,0.0,0.0,0.0,0.0,0.0,0.0,7.142857142857143,0.0,0.0,0.0,7.142857142857143,35.714285714285715,0.0,35.714285714285715,0.0,0.0,0.0,0.0,14.285714285714286,1
21,-1,0.1476190476190476,2424.7545,0.09523809523809523,6.256233787536622,0.0,4.761904761904762,0.0,4.761904761904762,9.523809523809524,4.761904761904762,14.285714285714286,4.761904761904762,0.0,4.761904761904762,4.761904761904762,4.761904761904762,4.761904761904762,9.523809523809524,0.0,4.761904761904762,9.523809523809524,14.285714285714286,0.0,0.0,0
28,-3,0.2571428571428572,2976.3374999999996,0.03571428571428572,4.0500284194946286,14.285714285714286,3.5714285714285716,3.5714285714285716,10.714285714285714,0.0,3.5714285714285716,0.0,10.714285714285714,3.5714285714285716,3.5714285714285716,3.5714285714285716,10.714285714285714,3.5714285714285716,0.0,0.0,7.142857142857143,7.142857142857143,10.714285714285714,3.5714285714285716,0.0,0
21,2,-2.3333333333333335,2598.8417,0.14285714285714288,9.156460762023926,4.761904761904762,0.0,9.523809523809524,14.285714285714286,0.0,4.761904761904762,0.0,0.0,23.80952380952381,0.0,4.761904761904762,0.0,0.0,0.0,9.523809523809524,14.285714285714286,0.0,0.0,0.0,14.285714285714286,0
7,-1,0.7285714285714285,813.9382999999999,0.0,4.0500284194946286,0.0,0.0,0.0,14.285714285714286,0.0,0.0,0.0,0.0,0.0,42.857142857142854,0.0,28.571428571428573,0.0,0.0,0.0,0.0,0.0,14.285714285714286,0.0,0.0,1
25,1,1.1239999999999999,3035.6904,0.2,8.16803150177002,4.0,4.0,4.0,0.0,8.0,8.0,0.0,16.0,0.0,8.0,8.0,0.0,0.0,8.0,8.0,0.0,0.0,12.0,4.0,8.0,0
49,1,-0.6571428571428573,5822.542299999999,0.14285714285714285,8.253065299987792,2.0408163265306123,2.0408163265306123,2.0408163265306123,2.0408163265306123,10.204081632653061,8.16326530612245,14.285714285714286,4.081632653061225,2.0408163265306123,2.0408163265306123,8.16326530612245,4.081632653061225,6.122448979591836,10.204081632653061,4.081632653061225,8.16326530612245,2.0408163265306123,4.081632653061225,2.0408163265306123,2.0408163265306123,0
26,3,0.9923076923076923,2573.0438999999997,0.07692307692307693,11.999967765808105,7.6923076923076925,0.0,0.0,0.0,7.6923076923076925,26.923076923076923,0.0,7.6923076923076925,3.8461538461538463,11.538461538461538,0.0,3.8461538461538463,0.0,0.0,7.6923076923076925,0.0,7.6923076923076925,15.384615384615385,0.0,0.0,1
16,2,-0.51875,1982.3362000000002,0.0625,9.495822334289553,0.0,6.25,0.0,6.25,0.0,6.25,12.5,18.75,6.25,0.0,6.25,0.0,0.0,0.0,12.5,0.0,18.75,0.0,6.25,0.0,0
14,-3,0.8714285714285713,1503.6914,0.07142857142857144,4.0500284194946286,7.142857142857143,0.0,14.285714285714286,7.142857142857143,0.0,7.142857142857143,0.0,14.285714285714286,0.0,14.285714285714286,0.0,0.0,7.142857142857143,0.0,0.0,7.142857142857143,0.0,14.285714285714286,0.0,7.142857142857143,0
12,0,-0.7749999999999999,1441.6072,0.16666666666666669,5.952713584899903,8.333333333333334,8.333333333333334,16.666666666666668,0.0,8.333333333333334,0.0,0.0,0.0,16.666666666666668,0.0,0.0,0.0,0.0,8.333333333333334,0.0,0.0,16.666666666666668,8.333333333333334,8.333333333333334,0.0,0
31,3,-0.02580645161290324,3346.9518,0.06451612903225806,8.978528022766113,9.67741935483871,12.903225806451612,0.0,3.225806451612903,6.451612903225806,9.67741935483871,3.225806451612903,0.0,3.225806451612903,3.225806451612903,3.225806451612903,3.225806451612903,12.903225806451612,3.225806451612903,9.67741935483871,0.0,6.451612903225806,9.67741935483871,0.0,0.0,0
12,4,-1.5083333333333335,1619.8943,0.16666666666666669,11.999967765808105,8.333333333333334,0.0,0.0,0.0,8.333333333333334,0.0,0.0,0.0,8.333333333333334,0.0,8.333333333333334,8.333333333333334,0.0,16.666666666666668,25.0,0.0,0.0,8.333333333333334,8.333333333333334,0.0,1
10,2,-2.0300000000000002,1195.3519,0.0,9.314472770690916,0.0,10.0,0.0,0.0,0.0,0.0,10.0,0.0,20.0,10.0,0.0,30.0,10.0,10.0,0.0,0.0,0.0,0.0,0.0,0.0,0
14,4,-0.7785714285714286,1742.1019,0.07142857142857144,10.098537254333493,0.0,14.285714285714286,0.0,0.0,0.0,7.142857142857143,0.0,14.285714285714286,7.142857142857143,0.0,7.142857142857143,7.142857142857143,0.0,7.142857142857143,21.428571428571427,0.0,7.142857142857143,0.0,0.0,7.142857142857143,1
17,0,1.7823529411764705,1619.9853,0.0,5.525000190734862,5.882352941176471,0.0,0.0,0.0,0.0,23.529411764705884,0.0,11.764705882352942,0.0,35.294117647058826,0.0,5.882352941176471,5.882352941176471,0.0,0.0,5.882352941176471,0.0,5.882352941176471,0.0,0.0,1
37,-1,-0.7351351351351351,4205.661,0.1081081081081081,5.517270088195799,8.108108108108109,5.405405405405405,8.108108108108109,5.405405405405405,2.7027027027027026,5.405405405405405,2.7027027027027026,5.405405405405405,8.108108108108109,2.7027027027027026,2.7027027027027026,2.7027027027027026,5.405405405405405,5.405405405405405,2.7027027027027026,5.405405405405405,10.81081081081081,2.7027027027027026,2.7027027027027026,5.405405405405405,0
12,-3,-0.7833333333333333,1457.6082,0.08333333333333334,4.0500284194946286,0.0,16.666666666666668,25.0,8.333333333333334,8.333333333333334,0.0,0.0,8.333333333333334,0.0,0.0,8.333333333333334,8.333333333333334,8.333333333333334,0.0,8.333333333333334,0.0,0.0,0.0,0.0,0.0,0
23,1,-0.36086956521739133,2791.1865,0.21739130434782608,8.163905525207518,8.695652173913043,4.3478260869565215,4.3478260869565215,0.0,0.0,4.3478260869565215,4.3478260869565215,8.695652173913043,8.695652173913043,0.0,0.0,0.0,8.695652173913043,8.695652173913043,0.0,0.0,8.695652173913043,8.695652173913043,13.043478260869565,8.695652173913043,0
26,0,-0.7615384615384616,3125.4955,0.19230769230769232,6.842414283752441,3.8461538461538463,3.8461538461538463,3.8461538461538463,7.6923076923076925,3.8461538461538463,7.6923076923076925,3.8461538461538463,3.8461538461538463,3.8461538461538463,0.0,3.8461538461538463,3.8461538461538463,11.538461538461538,0.0,7.6923076923076925,7.6923076923076925,0.0,7.6923076923076925,7.6923076923076925,7.6923076923076925,0
15,0,-0.27999999999999997,1601.7584000000002,0.06666666666666667,6.246173286437989,13.333333333333334,0.0,6.666666666666667,6.666666666666667,0.0,6.666666666666667,0.0,6.666666666666667,6.666666666666667,0.0,0.0,0.0,6.666666666666667,0.0,6.666666666666667,20.0,0.0,13.333333333333334,6.666666666666667,0.0,0
20,7,-0.925,2419.9073,0.15000000000000002,10.778420829772951,5.0,0.0,0.0,0.0,10.0,0.0,5.0,5.0,35.0,10.0,0.0,5.0,0.0,0.0,0.0,15.0,5.0,0.0,5.0,0.0,1
10,2,-0.55,1490.752,0.5,11.999967765808105,0.0,0.0,0.0,0.0,20.0,0.0,0.0,0.0,0.0,10.0,0.0,0.0,20.0,0.0,20.0,0.0,0.0,0.0,30.0,0.0,1
19,-1,0.06842105263157891,2237.5117,0.2105263157894737,4.207813453674317,5.2631578947368425,5.2631578947368425,10.526315789473685,0.0,10.526315789473685,10.526315789473685,0.0,5.2631578947368425,0.0,5.2631578947368425,5.2631578947368425,0.0,0.0,10.526315789473685,5.2631578947368425,5.2631578947368425,5.2631578947368425,5.2631578947368425,5.2631578947368425,5.2631578947368425,0
20,7,-2.41,2346.6501,0.0,11.592334175109865,0.0,0.0,0.0,10.0,0.0,10.0,0.0,5.0,25.0,0.0,0.0,0.0,0.0,5.0,20.0,20.0,5.0,0.0,0.0,0.0,1
33,5,0.2606060606060606,3503.2273,0.0,9.786316871643066,9.090909090909092,6.0606060606060606,6.0606060606060606,0.0,0.0,6.0606060606060606,0.0,15.151515151515152,18.181818181818183,12.121212121212121,0.0,3.0303030303030303,0.0,0.0,3.0303030303030303,9.090909090909092,9.090909090909092,3.0303030303030303,0.0,0.0,1
19,-4,-1.068421052631579,2340.5191,0.15789473684210528,4.172573280334471,0.0,5.2631578947368425,10.526315789473685,15.789473684210526,5.2631578947368425,0.0,5.2631578947368425,5.2631578947368425,5.2631578947368425,5.2631578947368425,0.0,5.2631578947368425,10.526315789473685,5.2631578947368425,0.0,0.0,5.2631578947368425,5.2631578947368425,0.0,10.526315789473685,0
21,-4,-1.2,2505.6702999999998,0.09523809523809523,4.290684700012207,4.761904761904762,0.0,14.285714285714286,14.285714285714286,0.0,4.761904761904762,4.761904761904762,4.761904761904762,4.761904761904762,0.0,4.761904761904762,0.0,4.761904761904762,4.761904761904762,4.761904761904762,4.761904761904762,4.761904761904762,9.523809523809524,4.761904761904762,4.761904761904762,0
12,2,-1.4000000000000001,1487.745,0.16666666666666669,9.699800300598145,0.0,0.0,0.0,8.333333333333334,8.333333333333334,8.333333333333334,0.0,0.0,16.666666666666668,0.0,16.666666666666668,8.333333333333334,8.333333333333334,0.0,8.333333333333334,8.333333333333334,0.0,0.0,0.0,8.333333333333334,0
26,0,0.026923076923076886,3188.8295999999996,0.11538461538461539,6.174840354919433,3.8461538461538463,3.8461538461538463,3.8461538461538463,7.6923076923076925,3.8461538461538463,7.6923076923076925,0.0,7.6923076923076925,3.8461538461538463,11.538461538461538,15.384615384615385,0.0,0.0,7.6923076923076925,7.6923076923076925,0.0,7.6923076923076925,0.0,7.6923076923076925,0.0,0
7,4,-2.6142857142857143,1089.3342,0.42857142857142855,10.477740287780762,0.0,0.0,0.0,0.0,0.0,0.0,0.0,0.0,57.142857142857146,0.0,0.0,0.0,0.0,0.0,0.0,0.0,0.0,0.0,42.857142857142854,0.0,1
14,0,-0.3357142857142857,1666.8712999999998,0.14285714285714288,6.068267250061035,7.142857142857143,0.0,7.142857142857143,7.142857142857143,0.0,0.0,0.0,14.285714285714286,7.142857142857143,0.0,0.0,7.142857142857143,7.142857142857143,0.0,7.142857142857143,7.142857142857143,0.0,14.285714285714286,0.0,14.285714285714286,0
18,-1,1.1277777777777778,1847.2424,0.0,4.856573677062988,0.0,0.0,0.0,11.11111111111111,0.0,16.666666666666668,0.0,11.11111111111111,5.555555555555555,27.77777777777778,0.0,0.0,11.11111111111111,0.0,0.0,5.555555555555555,0.0,11.11111111111111,0.0,0.0,1
9,0,0.5333333333333333,1109.2524,0.4444444444444444,5.516758537292478,0.0,11.11111111111111,0.0,0.0,11.11111111111111,22.22222222222222,0.0,11.11111111111111,0.0,0.0,0.0,0.0,0.0,0.0,0.0,0.0,11.11111111111111,0.0,11.11111111111111,22.22222222222222,0
20,0,-1.075,2252.4638,0.05,6.09770984649658,5.0,0.0,20.0,0.0,5.0,10.0,0.0,0.0,10.0,5.0,5.0,0.0,0.0,10.0,10.0,10.0,0.0,10.0,0.0,0.0,0
24,5,-0.975,2885.4256,0.125,10.000158500671386,4.166666666666667,0.0,4.166666666666667,4.166666666666667,4.166666666666667,4.166666666666667,0.0,4.166666666666667,29.166666666666668,8.333333333333334,4.166666666666667,0.0,0.0,8.333333333333334,0.0,8.333333333333334,4.166666666666667,4.166666666666667,4.166666666666667,4.166666666666667,1
19,-1,-0.41578947368421054,2428.715,0.2631578947368421,4.558112144470216,5.2631578947368425,5.2631578947368425,10.526315789473685,5.2631578947368425,15.789473684210526,0.0,0.0,5.2631578947368425,5.2631578947368425,10.526315789473685,0.0,0.0,0.0,15.789473684210526,5.2631578947368425,0.0,5.2631578947368425,0.0,0.0,10.526315789473685,0
17,6,-0.2529411764705882,1836.2298,0.17647058823529413,10.699318122863769,47.05882352941177,0.0,0.0,0.0,11.764705882352942,0.0,0.0,0.0,35.294117647058826,0.0,0.0,0.0,0.0,0.0,0.0,0.0,0.0,0.0,5.882352941176471,0.0,1
18,1,-0.3611111111111111,2220.5758,0.16666666666666666,7.957800102233887,0.0,16.666666666666668,11.11111111111111,0.0,5.555555555555555,5.555555555555555,0.0,0.0,5.555555555555555,0.0,5.555555555555555,0.0,0.0,5.555555555555555,11.11111111111111,5.555555555555555,5.555555555555555,11.11111111111111,11.11111111111111,0.0,0
20,1,-0.4,2377.6964,0.2,8.504427528381349,5.0,0.0,5.0,5.0,10.0,10.0,5.0,0.0,10.0,10.0,0.0,0.0,5.0,5.0,5.0,5.0,0.0,10.0,5.0,5.0,0
42,4,0.030952380952380926,4754.5506,0.09523809523809523,8.982718467712402,2.380952380952381,14.285714285714286,0.0,2.380952380952381,4.761904761904762,9.523809523809524,2.380952380952381,2.380952380952381,0.0,9.523809523809524,0.0,7.142857142857143,7.142857142857143,4.761904761904762,11.904761904761905,4.761904761904762,2.380952380952381,9.523809523809524,2.380952380952381,2.380952380952381,1
29,0,-0.48965517241379314,3241.6373999999996,0.10344827586206896,6.875551414489746,3.4482758620689653,17.24137931034483,3.4482758620689653,3.4482758620689653,0.0,10.344827586206897,6.896551724137931,3.4482758620689653,6.896551724137931,6.896551724137931,0.0,10.344827586206897,3.4482758620689653,0.0,0.0,6.896551724137931,6.896551724137931,0.0,6.896551724137931,3.4482758620689653,1
29,-2,-0.5103448275862069,3374.8243999999995,0.06896551724137931,4.49769229888916,6.896551724137931,6.896551724137931,6.896551724137931,6.896551724137931,0.0,6.896551724137931,0.0,6.896551724137931,0.0,0.0,10.344827586206897,3.4482758620689653,3.4482758620689653,13.793103448275861,6.896551724137931,0.0,6.896551724137931,6.896551724137931,3.4482758620689653,3.4482758620689653,0
11,-1,0.21818181818181814,1128.2345,0.09090909090909091,5.076711082458496,9.090909090909092,0.0,9.090909090909092,0.0,9.090909090909092,18.181818181818183,9.090909090909092,9.090909090909092,0.0,9.090909090909092,0.0,0.0,9.090909090909092,0.0,0.0,0.0,18.181818181818183,0.0,0.0,0.0,0
28,-1,0.17857142857142855,3226.7218999999996,0.10714285714285715,5.429112815856932,3.5714285714285716,3.5714285714285716,10.714285714285714,3.5714285714285716,7.142857142857143,7.142857142857143,3.5714285714285716,10.714285714285714,7.142857142857143,10.714285714285714,3.5714285714285716,3.5714285714285716,0.0,3.5714285714285716,3.5714285714285716,3.5714285714285716,3.5714285714285716,7.142857142857143,0.0,3.5714285714285716,0
14,1,-0.21428571428571433,1555.7792,0.0,8.76417064666748,0.0,0.0,0.0,0.0,0.0,7.142857142857143,14.285714285714286,7.142857142857143,7.142857142857143,14.285714285714286,0.0,21.428571428571427,7.142857142857143,0.0,0.0,0.0,7.142857142857143,14.285714285714286,0.0,0.0,0
12,5,3.700743415417188e-17,1535.9253999999999,0.0,11.999967765808105,0.0,0.0,0.0,0.0,0.0,0.0,0.0,16.666666666666668,8.333333333333334,8.333333333333334,0.0,0.0,0.0,8.333333333333334,33.333333333333336,0.0,0.0,25.0,0.0,0.0,1
25,6,0.336,2433.0155,0.04,10.699318122863769,60.0,0.0,0.0,0.0,0.0,0.0,0.0,0.0,24.0,0.0,12.0,0.0,0.0,0.0,0.0,0.0,0.0,0.0,4.0,0.0,1
15,5,0.17333333333333334,1803.281,0.13333333333333333,10.602486610412598,6.666666666666667,0.0,0.0,0.0,6.666666666666667,0.0,0.0,0.0,33.333333333333336,20.0,0.0,0.0,0.0,0.0,0.0,0.0,13.333333333333334,13.333333333333334,6.666666666666667,0.0,1
12,3,-2.275,1656.8086999999998,0.16666666666666669,11.999967765808105,0.0,0.0,0.0,8.333333333333334,16.666666666666668,0.0,16.666666666666668,0.0,0.0,0.0,0.0,0.0,0.0,8.333333333333334,33.333333333333336,8.333333333333334,8.333333333333334,0.0,0.0,0.0,0
36,-2,-0.33333333333333337,4349.9018,0.16666666666666669,4.824630165100097,2.7777777777777777,8.333333333333334,8.333333333333334,5.555555555555555,5.555555555555555,5.555555555555555,2.7777777777777777,5.555555555555555,2.7777777777777777,8.333333333333334,2.7777777777777777,5.555555555555555,2.7777777777777777,2.7777777777777777,5.555555555555555,2.7777777777777777,8.333333333333334,2.7777777777777777,8.333333333333334,2.7777777777777777,0
31,-3,-0.44193548387096776,3945.3734999999997,0.25806451612903225,4.572037696838379,3.225806451612903,0.0,3.225806451612903,12.903225806451612,6.451612903225806,6.451612903225806,3.225806451612903,3.225806451612903,0.0,12.903225806451612,3.225806451612903,6.451612903225806,3.225806451612903,0.0,6.451612903225806,6.451612903225806,0.0,3.225806451612903,12.903225806451612,6.451612903225806,0
6,0,-0.41666666666666674,765.8126,0.33333333333333337,6.741127204895021,0.0,0.0,0.0,0.0,33.333333333333336,0.0,16.666666666666668,0.0,0.0,0.0,0.0,16.666666666666668,0.0,0.0,0.0,0.0,33.333333333333336,0.0,0.0,0.0,0
11,0,0.5090909090909089,1324.5865,0.18181818181818182,5.835682106018066,0.0,0.0,9.090909090909092,0.0,18.181818181818183,0.0,0.0,0.0,9.090909090909092,27.272727272727273,9.090909090909092,9.090909090909092,9.090909090909092,0.0,0.0,9.090909090909092,0.0,0.0,0.0,0.0,0
11,1,-0.05454545454545467,1593.8284999999998,0.45454545454545453,8.761785316467286,0.0,0.0,0.0,0.0,27.272727272727273,0.0,18.181818181818183,0.0,0.0,18.181818181818183,0.0,0.0,0.0,9.090909090909092,9.090909090909092,0.0,0.0,0.0,9.090909090909092,9.090909090909092,1
36,2,-0.5666666666666668,3875.4416,0.05555555555555555,8.82212772369385,8.333333333333334,5.555555555555555,2.7777777777777777,5.555555555555555,2.7777777777777777,16.666666666666668,5.555555555555555,2.7777777777777777,8.333333333333334,5.555555555555555,5.555555555555555,0.0,5.555555555555555,5.555555555555555,5.555555555555555,2.7777777777777777,5.555555555555555,2.7777777777777777,0.0,2.7777777777777777,0
27,0,-0.3814814814814816,3221.7515999999996,0.18518518518518517,7.319634437561036,0.0,7.407407407407407,0.0,3.7037037037037037,7.407407407407407,7.407407407407407,11.11111111111111,7.407407407407407,3.7037037037037037,3.7037037037037037,7.407407407407407,0.0,18.51851851851852,7.407407407407407,0.0,3.7037037037037037,0.0,0.0,0.0,11.11111111111111,0
11,2,0.3272727272727272,1610.9402,0.5454545454545454,10.002737236022949,9.090909090909092,0.0,0.0,0.0,18.181818181818183,0.0,0.0,0.0,18.181818181818183,18.181818181818183,0.0,0.0,0.0,0.0,0.0,0.0,0.0,0.0,36.36363636363637,0.0,1
19,4,-2.4157894736842103,2339.6159,0.052631578947368425,10.87815341949463,5.2631578947368425,0.0,5.2631578947368425,10.526315789473685,0.0,5.2631578947368425,0.0,0.0,10.526315789473685,5.2631578947368425,0.0,5.2631578947368425,15.789473684210526,0.0,26.31578947368421,0.0,5.2631578947368425,0.0,0.0,5.2631578947368425,1
15,0,-0.15333333333333332,1694.9692999999997,0.06666666666666667,6.054966926574706,6.666666666666667,13.333333333333334,6.666666666666667,6.666666666666667,6.666666666666667,0.0,0.0,0.0,13.333333333333334,6.666666666666667,0.0,6.666666666666667,6.666666666666667,6.666666666666667,0.0,0.0,6.666666666666667,13.333333333333334,0.0,0.0,0
17,-1,-0.8352941176470589,1969.1997999999999,0.17647058823529413,4.370202445983887,11.764705882352942,11.764705882352942,5.882352941176471,5.882352941176471,0.0,5.882352941176471,0.0,0.0,5.882352941176471,5.882352941176471,0.0,0.0,17.647058823529413,11.764705882352942,0.0,0.0,0.0,0.0,5.882352941176471,11.764705882352942,0
10,5,-2.7,1729.9932999999999,0.5,11.999967765808105,0.0,0.0,0.0,0.0,0.0,0.0,0.0,0.0,0.0,0.0,0.0,0.0,0.0,0.0,50.0,0.0,0.0,0.0,50.0,0.0,1
11,-1,1.2,1268.4153999999999,0.2727272727272727,5.056760597229004,0.0,0.0,9.090909090909092,0.0,18.181818181818183,9.090909090909092,9.090909090909092,0.0,0.0,0.0,0.0,0.0,0.0,0.0,0.0,9.090909090909092,0.0,36.36363636363637,0.0,9.090909090909092,0
9,0,-0.6777777777777778,1031.0795,0.1111111111111111,6.4564207077026365,11.11111111111111,0.0,0.0,0.0,11.11111111111111,0.0,11.11111111111111,11.11111111111111,0.0,0.0,0.0,22.22222222222222,0.0,11.11111111111111,0.0,11.11111111111111,11.11111111111111,0.0,0.0,0.0,0
18,7,-0.8333333333333334,2458.9596,0.2777777777777778,10.334878349304198,0.0,22.22222222222222,0.0,0.0,11.11111111111111,5.555555555555555,0.0,0.0,5.555555555555555,0.0,0.0,0.0,0.0,0.0,33.333333333333336,0.0,0.0,5.555555555555555,5.555555555555555,11.11111111111111,1
25,6,0.6480000000000001,2378.9003,0.04,10.699318122863769,60.0,0.0,0.0,0.0,0.0,0.0,0.0,12.0,24.0,0.0,0.0,0.0,0.0,0.0,0.0,0.0,0.0,0.0,4.0,0.0,1
19,6,-0.7263157894736842,2449.9778,0.2105263157894737,10.676173973083493,5.2631578947368425,0.0,0.0,5.2631578947368425,10.526315789473685,0.0,0.0,5.2631578947368425,31.57894736842105,10.526315789473685,0.0,5.2631578947368425,0.0,0.0,5.2631578947368425,5.2631578947368425,0.0,5.2631578947368425,10.526315789473685,0.0,1
13,-3,-1.0461538461538462,1483.5428,0.07692307692307693,5.174872016906736,7.6923076923076925,0.0,7.6923076923076925,15.384615384615385,0.0,15.384615384615385,23.076923076923077,0.0,0.0,7.6923076923076925,0.0,0.0,7.6923076923076925,0.0,0.0,0.0,0.0,7.6923076923076925,7.6923076923076925,0.0,0
27,-2,-0.6555555555555556,3426.8525,0.18518518518518517,4.5132661819458,0.0,3.7037037037037037,7.407407407407407,11.11111111111111,7.407407407407407,3.7037037037037037,0.0,7.407407407407407,3.7037037037037037,3.7037037037037037,7.407407407407407,3.7037037037037037,0.0,7.407407407407407,7.407407407407407,3.7037037037037037,7.407407407407407,3.7037037037037037,7.407407407407407,3.7037037037037037,0
16,1,1.3,1629.9802,0.0625,8.59094409942627,6.25,0.0,6.25,0.0,6.25,18.75,0.0,18.75,12.5,12.5,0.0,0.0,0.0,0.0,0.0,6.25,0.0,12.5,0.0,0.0,1
12,1,0.3916666666666666,1482.7466,0.25,8.22224941253662,16.666666666666668,8.333333333333334,0.0,0.0,16.666666666666668,0.0,0.0,8.333333333333334,8.333333333333334,8.333333333333334,0.0,0.0,0.0,25.0,0.0,0.0,0.0,0.0,8.333333333333334,0.0,0
20,7,-0.38,2479.0588,0.2,10.778420829772951,5.0,0.0,0.0,0.0,15.0,0.0,5.0,5.0,35.0,15.0,0.0,0.0,0.0,0.0,0.0,10.0,5.0,0.0,5.0,0.0,1
12,4,-2.225,1573.7647,0.16666666666666669,11.097281455993649,8.333333333333334,0.0,0.0,0.0,8.333333333333334,8.333333333333334,33.333333333333336,0.0,16.666666666666668,0.0,0.0,0.0,0.0,0.0,16.666666666666668,0.0,0.0,0.0,0.0,8.333333333333334,1
19,6,-0.29473684210526313,1763.138,0.0,10.048380851745605,42.10526315789474,10.526315789473685,0.0,0.0,0.0,10.526315789473685,0.0,0.0,31.57894736842105,0.0,0.0,0.0,0.0,0.0,0.0,5.2631578947368425,0.0,0.0,0.0,0.0,1
36,10,-0.8611111111111112,4129.9561,0.027777777777777776,10.10285663604736,2.7777777777777777,16.666666666666668,0.0,5.555555555555555,0.0,11.11111111111111,0.0,2.7777777777777777,13.88888888888889,5.555555555555555,0.0,0.0,2.7777777777777777,2.7777777777777777,19.444444444444443,5.555555555555555,2.7777777777777777,5.555555555555555,0.0,2.7777777777777777,1
46,-1,-0.15869565217391307,5291.9726,0.10869565217391304,6.4230562210083,6.521739130434782,6.521739130434782,2.1739130434782608,4.3478260869565215,0.0,4.3478260869565215,8.695652173913043,6.521739130434782,2.1739130434782608,6.521739130434782,2.1739130434782608,2.1739130434782608,4.3478260869565215,8.695652173913043,2.1739130434782608,6.521739130434782,6.521739130434782,8.695652173913043,2.1739130434782608,8.695652173913043,0
12,-3,0.11666666666666665,1358.4951999999998,0.16666666666666669,4.0500284194946286,8.333333333333334,8.333333333333334,16.666666666666668,8.333333333333334,0.0,16.666666666666668,0.0,8.333333333333334,0.0,0.0,8.333333333333334,0.0,0.0,0.0,0.0,0.0,0.0,8.333333333333334,8.333333333333334,8.333333333333334,0
16,2,1.2,1701.1012,0.0625,9.703023719787598,12.5,0.0,6.25,0.0,6.25,6.25,0.0,12.5,18.75,12.5,0.0,0.0,0.0,0.0,0.0,6.25,0.0,18.75,0.0,0.0,1
11,0,0.14545454545454548,1335.465,0.2727272727272727,6.45607967376709,18.181818181818183,0.0,0.0,0.0,9.090909090909092,0.0,9.090909090909092,0.0,0.0,0.0,0.0,0.0,0.0,18.181818181818183,0.0,9.090909090909092,0.0,18.181818181818183,9.090909090909092,9.090909090909092,0
60,-1,-0.19833333333333336,7181.2613,0.16666666666666669,6.542645454406738,6.666666666666667,6.666666666666667,0.0,8.333333333333334,6.666666666666667,3.3333333333333335,8.333333333333334,8.333333333333334,6.666666666666667,3.3333333333333335,3.3333333333333335,3.3333333333333335,6.666666666666667,6.666666666666667,0.0,1.6666666666666667,5.0,5.0,5.0,5.0,0
19,2,0.9105263157894737,2031.5094,0.0,8.956479835510255,10.526315789473685,10.526315789473685,0.0,0.0,0.0,5.2631578947368425,0.0,15.789473684210526,5.2631578947368425,5.2631578947368425,5.2631578947368425,0.0,5.2631578947368425,10.526315789473685,5.2631578947368425,5.2631578947368425,5.2631578947368425,10.526315789473685,0.0,0.0,0
16,1,1.7874999999999999,1721.132,0.1875,8.750052070617677,0.0,0.0,0.0,0.0,18.75,18.75,0.0,6.25,6.25,31.25,0.0,0.0,6.25,0.0,0.0,6.25,0.0,6.25,0.0,0.0,1
12,0,-0.6916666666666668,1540.7646,0.16666666666666669,6.742889213562012,0.0,8.333333333333334,8.333333333333334,8.333333333333334,16.666666666666668,0.0,8.333333333333334,8.333333333333334,8.333333333333334,0.0,8.333333333333334,8.333333333333334,0.0,0.0,8.333333333333334,0.0,8.333333333333334,0.0,0.0,0.0,0
10,2,0.010000000000000009,984.1142,0.0,11.999967765808105,30.0,0.0,0.0,0.0,0.0,20.0,0.0,0.0,0.0,10.0,0.0,10.0,0.0,0.0,20.0,0.0,0.0,10.0,0.0,0.0,1
18,6,0.13333333333333336,1923.4346,0.05555555555555555,10.699318122863769,16.666666666666668,0.0,0.0,0.0,0.0,16.666666666666668,0.0,27.77777777777778,33.333333333333336,0.0,0.0,0.0,0.0,0.0,0.0,0.0,0.0,0.0,5.555555555555555,0.0,1
10,1,1.52,1120.3828,0.2,8.750052070617677,0.0,0.0,0.0,0.0,20.0,10.0,0.0,10.0,10.0,20.0,0.0,0.0,10.0,0.0,0.0,10.0,0.0,10.0,0.0,0.0,1
12,6,-0.1499999999999999,1549.9154999999998,0.0,11.999967765808105,0.0,0.0,0.0,0.0,0.0,0.0,0.0,0.0,0.0,0.0,0.0,0.0,0.0,0.0,50.0,0.0,0.0,50.0,0.0,0.0,1
14,-1,-1.55,1718.8250999999998,0.14285714285714288,6.255438041687013,0.0,0.0,14.285714285714286,0.0,7.142857142857143,7.142857142857143,21.428571428571427,0.0,7.142857142857143,7.142857142857143,0.0,0.0,7.142857142857143,7.142857142857143,0.0,0.0,14.285714285714286,0.0,7.142857142857143,0.0,0
44,2,-0.3568181818181818,4845.4378,0.11363636363636365,8.318629646301272,4.545454545454546,13.636363636363637,2.272727272727273,4.545454545454546,2.272727272727273,13.636363636363637,2.272727272727273,4.545454545454546,6.818181818181818,2.272727272727273,0.0,11.363636363636363,0.0,0.0,4.545454545454546,6.818181818181818,4.545454545454546,6.818181818181818,4.545454545454546,4.545454545454546,1
20,6,-0.5900000000000001,2438.9088,0.2,10.699318122863769,5.0,0.0,0.0,0.0,15.0,0.0,5.0,5.0,30.0,10.0,0.0,5.0,0.0,0.0,0.0,15.0,5.0,0.0,5.0,0.0,1
21,9,-0.7000000000000001,2811.4431,0.0,11.999967765808105,0.0,0.0,0.0,0.0,0.0,0.0,14.285714285714286,0.0,0.0,28.571428571428573,0.0,0.0,0.0,0.0,42.857142857142854,0.0,0.0,14.285714285714286,0.0,0.0,1
21,1,1.0523809523809522,2421.961,0.09523809523809523,8.22224941253662,4.761904761904762,4.761904761904762,0.0,4.761904761904762,4.761904761904762,4.761904761904762,0.0,4.761904761904762,4.761904761904762,23.80952380952381,4.761904761904762,4.761904761904762,0.0,0.0,4.761904761904762,0.0,14.285714285714286,9.523809523809524,4.761904761904762,0.0,0
15,4,-0.8066666666666666,1773.0497,0.13333333333333333,11.723011589050294,6.666666666666667,0.0,0.0,0.0,6.666666666666667,13.333333333333334,6.666666666666667,13.333333333333334,6.666666666666667,0.0,0.0,0.0,6.666666666666667,0.0,20.0,0.0,13.333333333333334,0.0,0.0,6.666666666666667,1
15,9,-1.4866666666666668,2014.5103,0.26666666666666666,11.999967765808105,0.0,0.0,0.0,0.0,26.666666666666668,6.666666666666667,0.0,0.0,40.0,6.666666666666667,0.0,0.0,0.0,0.0,20.0,0.0,0.0,0.0,0.0,0.0,1
25,1,-0.14400000000000002,2736.1112,0.16,8.605385017395022,4.0,0.0,0.0,0.0,4.0,16.0,8.0,4.0,4.0,0.0,4.0,0.0,16.0,4.0,0.0,8.0,4.0,12.0,8.0,4.0,0
11,3,0.5454545454545454,1421.7795999999998,0.18181818181818182,8.97536907196045,0.0,36.36363636363637,0.0,0.0,9.090909090909092,0.0,0.0,0.0,0.0,9.090909090909092,0.0,0.0,0.0,0.0,27.272727272727273,0.0,0.0,9.090909090909092,0.0,9.090909090909092,1
24,5,-2.4541666666666666,3036.2934,0.125,10.283368110656735,4.166666666666667,0.0,4.166666666666667,4.166666666666667,4.166666666666667,8.333333333333334,29.166666666666668,0.0,16.666666666666668,0.0,0.0,0.0,0.0,0.0,12.5,8.333333333333334,0.0,0.0,0.0,8.333333333333334,1
26,3,1.103846153846154,2619.1355,0.07692307692307693,10.860424613952638,7.6923076923076925,3.8461538461538463,0.0,0.0,7.6923076923076925,23.076923076923077,0.0,7.6923076923076925,3.8461538461538463,11.538461538461538,0.0,3.8461538461538463,0.0,0.0,7.6923076923076925,0.0,7.6923076923076925,15.384615384615385,0.0,0.0,1
27,5,-0.09259259259259262,2987.5687,0.07407407407407407,10.30167713165283,18.51851851851852,0.0,0.0,0.0,0.0,7.407407407407407,11.11111111111111,0.0,18.51851851851852,14.814814814814815,3.7037037037037037,3.7037037037037037,0.0,0.0,0.0,0.0,7.407407407407407,7.407407407407407,3.7037037037037037,3.7037037037037037,1
17,7,-0.24705882352941183,2132.7144,0.0,11.999967765808105,11.764705882352942,0.0,0.0,0.0,0.0,0.0,0.0,0.0,5.882352941176471,35.294117647058826,5.882352941176471,0.0,5.882352941176471,0.0,35.294117647058826,0.0,0.0,0.0,0.0,0.0,1
21,0,-0.0523809523809524,2181.4256,0.047619047619047616,6.0697450637817365,9.523809523809524,0.0,4.761904761904762,4.761904761904762,4.761904761904762,14.285714285714286,0.0,14.285714285714286,4.761904761904762,4.761904761904762,4.761904761904762,9.523809523809524,0.0,0.0,4.761904761904762,14.285714285714286,4.761904761904762,0.0,0.0,0.0,1
21,8,-1.280952380952381,2910.4346,0.38095238095238093,11.46939296722412,0.0,9.523809523809524,0.0,0.0,14.285714285714286,14.285714285714286,0.0,0.0,14.285714285714286,0.0,0.0,0.0,0.0,0.0,23.80952380952381,0.0,0.0,0.0,19.047619047619047,4.761904761904762,1
28,0,-0.6142857142857142,3528.1337999999996,0.10714285714285715,6.749141502380372,0.0,7.142857142857143,3.5714285714285716,10.714285714285714,3.5714285714285716,0.0,3.5714285714285716,7.142857142857143,7.142857142857143,7.142857142857143,10.714285714285714,3.5714285714285716,3.5714285714285716,3.5714285714285716,7.142857142857143,3.5714285714285716,10.714285714285714,0.0,7.142857142857143,0.0,0
15,4,-0.32,1791.1063,0.13333333333333333,9.842791175842283,0.0,13.333333333333334,0.0,0.0,0.0,6.666666666666667,0.0,6.666666666666667,6.666666666666667,0.0,0.0,0.0,0.0,0.0,20.0,13.333333333333334,6.666666666666667,13.333333333333334,0.0,13.333333333333334,1
18,0,0.16666666666666666,2363.6911,0.33333333333333337,6.062526512145996,0.0,5.555555555555555,5.555555555555555,5.555555555555555,16.666666666666668,0.0,0.0,5.555555555555555,0.0,0.0,0.0,5.555555555555555,5.555555555555555,0.0,11.11111111111111,5.555555555555555,0.0,16.666666666666668,11.11111111111111,5.555555555555555,0
2,0,0.6,284.3314,0.5,5.517440605163573,0.0,50.0,0.0,0.0,0.0,0.0,0.0,0.0,0.0,0.0,0.0,0.0,0.0,0.0,0.0,0.0,0.0,0.0,0.0,50.0,0
44,6,-0.24090909090909093,5045.8067,0.1590909090909091,9.377716255187988,0.0,13.636363636363637,0.0,0.0,6.818181818181818,11.363636363636363,0.0,2.272727272727273,0.0,6.818181818181818,0.0,2.272727272727273,6.818181818181818,6.818181818181818,13.636363636363637,9.090909090909092,6.818181818181818,4.545454545454546,0.0,9.090909090909092,1
77,6,-0.2285714285714286,8873.5306,0.051948051948051945,9.172642326354982,3.896103896103896,7.792207792207792,6.4935064935064934,5.194805194805195,2.5974025974025974,3.896103896103896,0.0,11.688311688311689,12.987012987012987,7.792207792207792,2.5974025974025974,1.2987012987012987,3.896103896103896,6.4935064935064934,6.4935064935064934,5.194805194805195,3.896103896103896,5.194805194805195,1.2987012987012987,1.2987012987012987,1
16,-2,0.39999999999999997,1822.0852,0.125,4.0500284194946286,0.0,0.0,12.5,0.0,0.0,6.25,0.0,6.25,0.0,12.5,6.25,12.5,12.5,0.0,0.0,0.0,0.0,18.75,0.0,12.5,0
18,1,-0.538888888888889,2066.3681,0.1111111111111111,8.081772804260254,5.555555555555555,11.11111111111111,0.0,5.555555555555555,0.0,11.11111111111111,5.555555555555555,0.0,0.0,5.555555555555555,0.0,0.0,16.666666666666668,0.0,11.11111111111111,0.0,11.11111111111111,5.555555555555555,11.11111111111111,0.0,0
29,6,-0.8620689655172413,3716.3658000000005,0.20689655172413793,10.577086067199705,0.0,3.4482758620689653,0.0,0.0,3.4482758620689653,3.4482758620689653,0.0,3.4482758620689653,13.793103448275861,0.0,6.896551724137931,10.344827586206897,3.4482758620689653,6.896551724137931,6.896551724137931,3.4482758620689653,6.896551724137931,10.344827586206897,13.793103448275861,3.4482758620689653,0
19,3,-1.4842105263157894,2472.7377,0.3157894736842105,9.821967887878415,5.2631578947368425,0.0,0.0,0.0,0.0,10.526315789473685,10.526315789473685,0.0,10.526315789473685,0.0,5.2631578947368425,0.0,0.0,5.2631578947368425,5.2631578947368425,10.526315789473685,5.2631578947368425,0.0,15.789473684210526,15.789473684210526,0
25,-2,-0.43200000000000005,2813.1459,0.12,4.0500284194946286,8.0,16.0,8.0,4.0,0.0,4.0,0.0,0.0,4.0,4.0,4.0,4.0,8.0,8.0,0.0,8.0,4.0,4.0,4.0,8.0,0
12,3,-1.5250000000000001,1619.8895,0.25,9.787090492248534,8.333333333333334,8.333333333333334,0.0,8.333333333333334,8.333333333333334,0.0,8.333333333333334,0.0,25.0,0.0,0.0,0.0,0.0,0.0,8.333333333333334,0.0,8.333333333333334,0.0,16.666666666666668,0.0,0
11,0,-0.6181818181818183,1310.3928,0.2727272727272727,6.452839851379394,9.090909090909092,9.090909090909092,0.0,0.0,0.0,0.0,9.090909090909092,0.0,0.0,0.0,0.0,0.0,9.090909090909092,0.0,0.0,36.36363636363637,0.0,0.0,18.181818181818183,9.090909090909092,0
19,-3,0.1473684210526315,2287.6318,0.15789473684210528,4.0500284194946286,5.2631578947368425,10.526315789473685,21.05263157894737,0.0,10.526315789473685,0.0,0.0,5.2631578947368425,5.2631578947368425,15.789473684210526,5.2631578947368425,5.2631578947368425,5.2631578947368425,5.2631578947368425,0.0,0.0,0.0,0.0,5.2631578947368425,0.0,0
29,-3,-0.06206896551724141,3387.7119000000002,0.20689655172413793,4.626716804504395,10.344827586206897,10.344827586206897,3.4482758620689653,6.896551724137931,13.793103448275861,3.4482758620689653,6.896551724137931,3.4482758620689653,0.0,0.0,3.4482758620689653,6.896551724137931,0.0,6.896551724137931,0.0,6.896551724137931,6.896551724137931,3.4482758620689653,3.4482758620689653,3.4482758620689653,0
16,1,-0.3125,1773.9898,0.0625,8.081643867492676,6.25,12.5,0.0,0.0,0.0,6.25,6.25,6.25,0.0,0.0,0.0,6.25,6.25,6.25,6.25,6.25,18.75,6.25,6.25,0.0,1
47,7,-0.07446808510638298,5030.0099,0.0425531914893617,9.940460777282716,2.127659574468085,4.25531914893617,4.25531914893617,4.25531914893617,2.127659574468085,19.148936170212767,0.0,19.148936170212767,19.148936170212767,6.382978723404255,0.0,2.127659574468085,0.0,0.0,4.25531914893617,6.382978723404255,2.127659574468085,2.127659574468085,2.127659574468085,0.0,1
4,2,-3.8,531.6462,0.0,9.703023719787598,0.0,0.0,0.0,25.0,0.0,0.0,0.0,0.0,75.0,0.0,0.0,0.0,0.0,0.0,0.0,0.0,0.0,0.0,0.0,0.0,1
7,-1,-2.257142857142857,881.9129999999999,0.0,5.982383537292479,0.0,0.0,0.0,14.285714285714286,0.0,0.0,28.571428571428573,0.0,0.0,0.0,14.285714285714286,14.285714285714286,0.0,14.285714285714286,0.0,14.285714285714286,0.0,0.0,0.0,0.0,0
10,1,0.75,1022.1967999999999,0.2,8.63491153717041,20.0,0.0,0.0,0.0,10.0,20.0,0.0,10.0,10.0,0.0,0.0,0.0,10.0,0.0,0.0,0.0,0.0,10.0,0.0,10.0,1
11,5,-0.19090909090909094,1421.8542,0.18181818181818182,10.301548194885253,0.0,0.0,0.0,0.0,9.090909090909092,0.0,0.0,9.090909090909092,45.45454545454545,27.272727272727273,0.0,0.0,0.0,0.0,0.0,0.0,0.0,0.0,0.0,9.090909090909092,1
27,-1,0.37777777777777777,3185.5685,0.25925925925925924,5.979996299743653,7.407407407407407,11.11111111111111,0.0,3.7037037037037037,14.814814814814815,7.407407407407407,7.407407407407407,11.11111111111111,0.0,0.0,0.0,7.407407407407407,0.0,7.407407407407407,0.0,7.407407407407407,0.0,3.7037037037037037,3.7037037037037037,7.407407407407407,0
17,-2,-0.35882352941176476,2197.5075,0.23529411764705885,4.809908866882325,0.0,0.0,11.764705882352942,5.882352941176471,5.882352941176471,0.0,5.882352941176471,5.882352941176471,5.882352941176471,0.0,17.647058823529413,0.0,0.0,0.0,0.0,5.882352941176471,11.764705882352942,5.882352941176471,5.882352941176471,11.764705882352942,0
44,1,0.9886363636363636,3968.6270999999997,0.045454545454545456,8.072102546691895,15.909090909090908,4.545454545454546,0.0,0.0,4.545454545454546,29.545454545454547,0.0,2.272727272727273,0.0,13.636363636363637,2.272727272727273,6.818181818181818,6.818181818181818,0.0,2.272727272727273,0.0,2.272727272727273,9.090909090909092,0.0,0.0,1
24,-1,-0.12916666666666668,2708.0119999999997,0.125,4.679292869567871,12.5,0.0,4.166666666666667,8.333333333333334,4.166666666666667,8.333333333333334,0.0,8.333333333333334,0.0,4.166666666666667,4.166666666666667,4.166666666666667,4.166666666666667,0.0,8.333333333333334,8.333333333333334,8.333333333333334,4.166666666666667,8.333333333333334,0.0,0
26,5,-0.13846153846153847,2816.433,0.07692307692307693,10.30167713165283,15.384615384615385,0.0,0.0,3.8461538461538463,7.6923076923076925,11.538461538461538,3.8461538461538463,7.6923076923076925,23.076923076923077,3.8461538461538463,7.6923076923076925,0.0,3.8461538461538463,3.8461538461538463,0.0,3.8461538461538463,0.0,3.8461538461538463,0.0,0.0,1
12,4,-0.7083333333333334,1571.9112,0.08333333333333334,11.723011589050294,0.0,0.0,8.333333333333334,0.0,8.333333333333334,0.0,0.0,16.666666666666668,16.666666666666668,8.333333333333334,0.0,0.0,0.0,8.333333333333334,25.0,0.0,0.0,8.333333333333334,0.0,0.0,1
12,0,-0.008333333333333323,1482.7017999999998,0.25,5.475720787048339,0.0,25.0,0.0,0.0,0.0,0.0,0.0,0.0,0.0,0.0,0.0,8.333333333333334,8.333333333333334,16.666666666666668,0.0,0.0,0.0,16.666666666666668,0.0,25.0,0
28,2,0.3892857142857143,3288.7695999999996,0.2142857142857143,9.111268424987792,0.0,3.5714285714285716,0.0,3.5714285714285716,7.142857142857143,7.142857142857143,0.0,0.0,3.5714285714285716,7.142857142857143,0.0,0.0,0.0,3.5714285714285716,7.142857142857143,10.714285714285714,10.714285714285714,21.428571428571427,3.5714285714285716,10.714285714285714,0
11,-1,-1.2,1218.296,0.09090909090909091,4.3702592849731445,9.090909090909092,9.090909090909092,9.090909090909092,9.090909090909092,0.0,9.090909090909092,0.0,0.0,0.0,0.0,0.0,0.0,18.181818181818183,0.0,9.090909090909092,9.090909090909092,9.090909090909092,0.0,9.090909090909092,0.0,0
22,3,0.4818181818181818,2544.0092999999997,0.13636363636363635,11.166327095031736,0.0,0.0,0.0,0.0,13.636363636363637,13.636363636363637,18.181818181818183,13.636363636363637,9.090909090909092,4.545454545454546,0.0,0.0,0.0,0.0,4.545454545454546,0.0,9.090909090909092,13.636363636363637,0.0,0.0,1
20,8,-0.665,2536.1532,0.2,10.845339012145995,0.0,0.0,0.0,0.0,15.0,0.0,5.0,5.0,40.0,15.0,0.0,0.0,0.0,0.0,0.0,10.0,5.0,0.0,5.0,0.0,1
16,-1,-0.56875,1704.8383000000001,0.0625,5.239668464660644,6.25,12.5,0.0,6.25,6.25,6.25,6.25,0.0,0.0,0.0,0.0,18.75,12.5,0.0,0.0,0.0,18.75,6.25,0.0,0.0,0
31,2,0.14838709677419354,3186.7844,0.0,8.787637138366701,6.451612903225806,6.451612903225806,6.451612903225806,3.225806451612903,0.0,12.903225806451612,0.0,3.225806451612903,16.129032258064516,19.35483870967742,0.0,0.0,3.225806451612903,3.225806451612903,0.0,6.451612903225806,6.451612903225806,6.451612903225806,0.0,0.0,1
27,-1,-0.14074074074074072,3165.6171999999997,0.18518518518518517,4.558112144470216,7.407407407407407,0.0,7.407407407407407,3.7037037037037037,3.7037037037037037,7.407407407407407,0.0,3.7037037037037037,3.7037037037037037,0.0,11.11111111111111,3.7037037037037037,7.407407407407407,0.0,3.7037037037037037,3.7037037037037037,7.407407407407407,11.11111111111111,7.407407407407407,7.407407407407407,0
17,1,-0.6470588235294118,2030.3772,0.11764705882352942,7.999124336242676,5.882352941176471,5.882352941176471,11.764705882352942,0.0,11.764705882352942,5.882352941176471,5.882352941176471,0.0,5.882352941176471,0.0,17.647058823529413,0.0,5.882352941176471,0.0,11.764705882352942,5.882352941176471,5.882352941176471,0.0,0.0,0.0,0
26,0,-0.3423076923076923,3009.3754999999996,0.15384615384615385,7.002870750427246,7.6923076923076925,3.8461538461538463,0.0,7.6923076923076925,7.6923076923076925,3.8461538461538463,7.6923076923076925,3.8461538461538463,3.8461538461538463,3.8461538461538463,3.8461538461538463,0.0,7.6923076923076925,3.8461538461538463,3.8461538461538463,15.384615384615385,3.8461538461538463,3.8461538461538463,3.8461538461538463,3.8461538461538463,0
44,-5,-0.890909090909091,5166.6439,0.11363636363636363,4.164956855773925,4.545454545454546,2.272727272727273,11.363636363636363,9.090909090909092,0.0,6.818181818181818,0.0,9.090909090909092,4.545454545454546,4.545454545454546,4.545454545454546,6.818181818181818,4.545454545454546,4.545454545454546,4.545454545454546,4.545454545454546,4.545454545454546,2.272727272727273,4.545454545454546,6.818181818181818,0
28,-3,-0.6357142857142858,3341.6836999999996,0.10714285714285714,4.642631721496582,7.142857142857143,3.5714285714285716,7.142857142857143,14.285714285714286,10.714285714285714,0.0,3.5714285714285716,10.714285714285714,3.5714285714285716,3.5714285714285716,3.5714285714285716,7.142857142857143,3.5714285714285716,3.5714285714285716,7.142857142857143,7.142857142857143,3.5714285714285716,0.0,0.0,0.0,0
18,7,-0.6444444444444444,2206.7249,0.05555555555555555,11.754278755187986,0.0,0.0,0.0,0.0,0.0,11.11111111111111,5.555555555555555,27.77777777777778,22.22222222222222,5.555555555555555,0.0,5.555555555555555,0.0,0.0,16.666666666666668,0.0,0.0,0.0,0.0,5.555555555555555,1
15,3,0.64,1624.0205,0.0,10.302063941955566,6.666666666666667,0.0,0.0,0.0,0.0,6.666666666666667,0.0,6.666666666666667,20.0,33.333333333333336,0.0,13.333333333333334,0.0,0.0,0.0,6.666666666666667,0.0,6.666666666666667,0.0,0.0,1
24,0,-0.7083333333333334,2928.306,0.125,6.921477317810059,4.166666666666667,0.0,4.166666666666667,4.166666666666667,0.0,4.166666666666667,8.333333333333334,8.333333333333334,4.166666666666667,4.166666666666667,8.333333333333334,8.333333333333334,4.166666666666667,4.166666666666667,4.166666666666667,4.166666666666667,8.333333333333334,4.166666666666667,8.333333333333334,4.166666666666667,0
22,3,-0.8227272727272728,2721.1232,0.18181818181818182,10.266283988952637,9.090909090909092,0.0,9.090909090909092,0.0,9.090909090909092,4.545454545454546,0.0,4.545454545454546,9.090909090909092,4.545454545454546,9.090909090909092,9.090909090909092,0.0,0.0,13.636363636363637,4.545454545454546,4.545454545454546,0.0,4.545454545454546,4.545454545454546,0
18,-5,-0.7444444444444445,2298.4806,0.2222222222222222,4.0500284194946286,0.0,0.0,22.22222222222222,5.555555555555555,5.555555555555555,0.0,0.0,16.666666666666668,0.0,0.0,5.555555555555555,0.0,11.11111111111111,11.11111111111111,0.0,5.555555555555555,0.0,0.0,11.11111111111111,5.555555555555555,0
18,2,-0.6833333333333333,2293.7109,0.16666666666666666,9.700831794738768,11.11111111111111,0.0,5.555555555555555,5.555555555555555,11.11111111111111,0.0,5.555555555555555,11.11111111111111,16.666666666666668,0.0,11.11111111111111,5.555555555555555,0.0,5.555555555555555,5.555555555555555,0.0,0.0,0.0,5.555555555555555,0.0,0
21,1,-1.119047619047619,2424.6538,0.09523809523809523,7.9691465377807615,4.761904761904762,14.285714285714286,4.761904761904762,0.0,0.0,9.523809523809524,9.523809523809524,0.0,0.0,4.761904761904762,0.0,0.0,4.761904761904762,14.285714285714286,9.523809523809524,4.761904761904762,9.523809523809524,0.0,0.0,9.523809523809524,0
26,5,-0.2153846153846154,2839.3005999999996,0.15384615384615385,10.30161266326904,15.384615384615385,0.0,0.0,0.0,7.6923076923076925,15.384615384615385,11.538461538461538,0.0,19.23076923076923,7.6923076923076925,0.0,0.0,0.0,0.0,0.0,3.8461538461538463,3.8461538461538463,7.6923076923076925,3.8461538461538463,3.8461538461538463,1
24,2,-0.12500000000000006,2771.265,0.0,9.98623332977295,8.333333333333334,0.0,4.166666666666667,4.166666666666667,0.0,4.166666666666667,4.166666666666667,8.333333333333334,8.333333333333334,29.166666666666668,0.0,4.166666666666667,0.0,12.5,8.333333333333334,4.166666666666667,0.0,0.0,0.0,0.0,1
20,2,1.43,1936.4479999999999,0.0,10.002737236022949,5.0,0.0,0.0,0.0,0.0,25.0,0.0,15.0,10.0,20.0,5.0,0.0,5.0,0.0,0.0,5.0,0.0,10.0,0.0,0.0,1
46,4,0.3065217391304348,4750.6915,0.043478260869565216,9.393188667297363,8.695652173913043,4.3478260869565215,6.521739130434782,4.3478260869565215,4.3478260869565215,19.565217391304348,0.0,19.565217391304348,17.391304347826086,2.1739130434782608,2.1739130434782608,0.0,0.0,0.0,2.1739130434782608,2.1739130434782608,2.1739130434782608,4.3478260869565215,0.0,0.0,1
15,6,0.16000000000000003,1828.3765000000003,0.13333333333333333,10.699318122863769,0.0,0.0,0.0,0.0,6.666666666666667,6.666666666666667,0.0,6.666666666666667,40.0,20.0,0.0,0.0,0.0,0.0,0.0,0.0,0.0,13.333333333333334,6.666666666666667,0.0,1
12,4,0.9166666666666666,1421.7796999999998,0.0,11.999967765808105,16.666666666666668,0.0,0.0,0.0,0.0,0.0,0.0,16.666666666666668,0.0,8.333333333333334,0.0,0.0,0.0,0.0,33.333333333333336,0.0,0.0,25.0,0.0,0.0,1
28,-3,0.36071428571428565,3347.883,0.17857142857142858,4.517188072204591,0.0,10.714285714285714,7.142857142857143,3.5714285714285716,10.714285714285714,7.142857142857143,7.142857142857143,0.0,0.0,17.857142857142858,7.142857142857143,3.5714285714285716,3.5714285714285716,7.142857142857143,0.0,3.5714285714285716,0.0,3.5714285714285716,3.5714285714285716,3.5714285714285716,0
12,3,0.2583333333333333,1473.7664,0.16666666666666669,11.711342811584473,16.666666666666668,0.0,0.0,0.0,0.0,8.333333333333334,0.0,0.0,0.0,25.0,0.0,0.0,0.0,0.0,25.0,0.0,0.0,8.333333333333334,8.333333333333334,8.333333333333334,1
11,2,-0.2727272727272727,1190.4149,0.09090909090909091,9.312409782409667,0.0,9.090909090909092,0.0,0.0,0.0,18.181818181818183,0.0,18.181818181818183,9.090909090909092,0.0,0.0,0.0,18.181818181818183,0.0,9.090909090909092,9.090909090909092,0.0,0.0,0.0,9.090909090909092,0
18,5,0.7333333333333333,1950.4996999999998,0.05555555555555555,10.602486610412598,33.333333333333336,0.0,0.0,0.0,0.0,0.0,0.0,0.0,27.77777777777778,33.333333333333336,0.0,0.0,0.0,0.0,0.0,0.0,0.0,0.0,5.555555555555555,0.0,1
12,3,0.31666666666666665,1516.8326,0.16666666666666669,9.6918062210083,0.0,16.666666666666668,0.0,0.0,8.333333333333334,0.0,0.0,0.0,0.0,8.333333333333334,0.0,0.0,0.0,0.0,25.0,0.0,16.666666666666668,16.666666666666668,0.0,8.333333333333334,1
12,5,-1.8083333333333333,1642.8994,0.41666666666666674,10.119102668762206,8.333333333333334,0.0,0.0,0.0,8.333333333333334,8.333333333333334,0.0,0.0,25.0,0.0,0.0,0.0,0.0,0.0,16.666666666666668,0.0,0.0,0.0,0.0,33.333333333333336,1
14,8,-2.707142857142857,1661.9116999999999,0.0,11.999967765808105,0.0,0.0,0.0,0.0,0.0,7.142857142857143,0.0,0.0,28.571428571428573,0.0,0.0,0.0,0.0,0.0,28.571428571428573,28.571428571428573,7.142857142857143,0.0,0.0,0.0,1
8,4,-2.1,1153.4212,0.25,10.477740287780762,0.0,0.0,0.0,0.0,0.0,0.0,12.5,0.0,50.0,12.5,0.0,0.0,0.0,0.0,0.0,0.0,0.0,0.0,25.0,0.0,1
11,4,-0.6000000000000001,1330.6277,0.0,11.999967765808105,0.0,0.0,0.0,0.0,0.0,9.090909090909092,9.090909090909092,0.0,9.090909090909092,18.181818181818183,0.0,0.0,9.090909090909092,0.0,27.272727272727273,0.0,0.0,18.181818181818183,0.0,0.0,1
19,6,-1.2105263157894737,2754.1248,0.42105263157894735,11.999967765808105,15.789473684210526,0.0,0.0,0.0,10.526315789473685,0.0,0.0,0.0,0.0,0.0,0.0,0.0,0.0,0.0,31.57894736842105,10.526315789473685,0.0,0.0,31.57894736842105,0.0,1
26,-2,-0.6038461538461539,3125.5553,0.11538461538461539,4.89835033416748,7.6923076923076925,3.8461538461538463,7.6923076923076925,11.538461538461538,3.8461538461538463,3.8461538461538463,3.8461538461538463,7.6923076923076925,7.6923076923076925,7.6923076923076925,7.6923076923076925,3.8461538461538463,3.8461538461538463,3.8461538461538463,3.8461538461538463,3.8461538461538463,0.0,0.0,3.8461538461538463,3.8461538461538463,0
26,3,-0.23461538461538464,3027.5831,0.07692307692307693,9.30203037261963,7.6923076923076925,7.6923076923076925,0.0,3.8461538461538463,0.0,0.0,0.0,11.538461538461538,11.538461538461538,7.6923076923076925,3.8461538461538463,3.8461538461538463,3.8461538461538463,7.6923076923076925,3.8461538461538463,7.6923076923076925,11.538461538461538,0.0,3.8461538461538463,3.8461538461538463,1
49,-4,0.14897959183673468,5725.6195,0.12244897959183673,4.686681938171386,6.122448979591836,12.244897959183673,6.122448979591836,8.16326530612245,4.081632653061225,4.081632653061225,4.081632653061225,4.081632653061225,4.081632653061225,10.204081632653061,6.122448979591836,6.122448979591836,0.0,2.0408163265306123,2.0408163265306123,2.0408163265306123,4.081632653061225,6.122448979591836,2.0408163265306123,6.122448979591836,0
20,6,-0.9099999999999999,2334.8325999999997,0.05,10.46665172576904,0.0,10.0,0.0,0.0,0.0,10.0,0.0,10.0,15.0,0.0,5.0,5.0,10.0,5.0,15.0,5.0,0.0,5.0,0.0,5.0,1
31,0,-0.23870967741935484,3451.9714,0.0967741935483871,6.991389274597168,6.451612903225806,9.67741935483871,3.225806451612903,3.225806451612903,0.0,12.903225806451612,9.67741935483871,6.451612903225806,6.451612903225806,3.225806451612903,9.67741935483871,0.0,0.0,3.225806451612903,0.0,3.225806451612903,12.903225806451612,0.0,0.0,9.67741935483871,0
36,3,-0.625,3893.3803,0.08333333333333333,8.687904548645019,0.0,16.666666666666668,0.0,2.7777777777777777,2.7777777777777777,19.444444444444443,0.0,2.7777777777777777,0.0,2.7777777777777777,0.0,13.88888888888889,8.333333333333334,5.555555555555555,11.11111111111111,2.7777777777777777,0.0,5.555555555555555,0.0,5.555555555555555,1
12,4,-1.2249999999999999,1536.8273,0.08333333333333334,11.712567710876463,8.333333333333334,8.333333333333334,0.0,0.0,8.333333333333334,0.0,0.0,0.0,8.333333333333334,0.0,8.333333333333334,8.333333333333334,0.0,16.666666666666668,25.0,0.0,0.0,8.333333333333334,0.0,0.0,1
17,6,-0.4647058823529412,2004.3102,0.17647058823529413,11.999967765808105,47.05882352941177,0.0,0.0,0.0,11.764705882352942,0.0,0.0,0.0,0.0,0.0,0.0,0.0,0.0,0.0,35.294117647058826,0.0,0.0,0.0,5.882352941176471,0.0,1
23,3,-0.09565217391304351,2592.0656,0.13043478260869565,10.00138339996338,0.0,0.0,0.0,4.3478260869565215,8.695652173913043,17.391304347826086,4.3478260869565215,8.695652173913043,17.391304347826086,8.695652173913043,4.3478260869565215,4.3478260869565215,0.0,0.0,0.0,4.3478260869565215,8.695652173913043,4.3478260869565215,4.3478260869565215,0.0,1
12,4,0.6083333333333333,1630.0296999999998,0.33333333333333337,11.097152519226071,0.0,0.0,0.0,0.0,25.0,0.0,0.0,16.666666666666668,16.666666666666668,8.333333333333334,0.0,0.0,0.0,0.0,16.666666666666668,0.0,0.0,8.333333333333334,0.0,8.333333333333334,1
14,1,-0.007142857142857221,1803.1564999999998,0.2142857142857143,8.76417064666748,0.0,0.0,0.0,0.0,14.285714285714286,0.0,14.285714285714286,7.142857142857143,7.142857142857143,7.142857142857143,14.285714285714286,0.0,7.142857142857143,7.142857142857143,0.0,7.142857142857143,7.142857142857143,0.0,7.142857142857143,0.0,0
13,6,-0.4538461538461539,1545.0085,0.07692307692307693,10.398315238952637,15.384615384615385,0.0,0.0,0.0,0.0,0.0,0.0,0.0,46.15384615384615,30.76923076923077,0.0,0.0,0.0,0.0,0.0,0.0,0.0,0.0,0.0,7.6923076923076925,1
16,2,0.34375,2043.4155,0.25,8.955835151672364,0.0,12.5,0.0,0.0,6.25,0.0,0.0,0.0,0.0,6.25,0.0,0.0,6.25,6.25,12.5,6.25,6.25,18.75,12.5,6.25,0
48,2,-0.5958333333333333,5409.2782,0.0625,8.802529335021976,10.416666666666666,4.166666666666667,8.333333333333334,2.0833333333333335,2.0833333333333335,8.333333333333334,2.0833333333333335,2.0833333333333335,8.333333333333334,6.25,10.416666666666666,2.0833333333333335,6.25,6.25,6.25,4.166666666666667,4.166666666666667,2.0833333333333335,4.166666666666667,0.0,0
23,2,-0.5391304347826087,2507.8848,0.043478260869565216,9.69612560272217,4.3478260869565215,0.0,4.3478260869565215,4.3478260869565215,0.0,13.043478260869565,0.0,4.3478260869565215,8.695652173913043,8.695652173913043,0.0,0.0,13.043478260869565,8.695652173913043,8.695652173913043,4.3478260869565215,0.0,13.043478260869565,0.0,4.3478260869565215,1
15,-2,0.11999999999999995,1605.7865000000002,0.13333333333333333,4.0500284194946286,6.666666666666667,0.0,0.0,13.333333333333334,6.666666666666667,20.0,0.0,0.0,0.0,6.666666666666667,13.333333333333334,0.0,0.0,6.666666666666667,0.0,13.333333333333334,0.0,6.666666666666667,0.0,6.666666666666667,0
20,-2,-0.555,2659.0436,0.30000000000000004,4.651100730895997,0.0,5.0,5.0,10.0,10.0,0.0,5.0,0.0,5.0,5.0,15.0,0.0,5.0,5.0,0.0,10.0,0.0,0.0,10.0,10.0,0
21,-1,-0.5476190476190477,2801.2059999999997,0.2857142857142857,4.679122352600097,4.761904761904762,4.761904761904762,4.761904761904762,9.523809523809524,9.523809523809524,4.761904761904762,0.0,4.761904761904762,0.0,0.0,14.285714285714286,4.761904761904762,0.0,4.761904761904762,9.523809523809524,0.0,4.761904761904762,0.0,14.285714285714286,4.761904761904762,0
28,2,0.44642857142857134,3529.2936,0.17857142857142858,8.903486824035646,3.5714285714285716,7.142857142857143,3.5714285714285716,0.0,3.5714285714285716,0.0,3.5714285714285716,3.5714285714285716,3.5714285714285716,14.285714285714286,10.714285714285714,0.0,3.5714285714285716,3.5714285714285716,7.142857142857143,3.5714285714285716,7.142857142857143,7.142857142857143,10.714285714285714,3.5714285714285716,0
26,6,0.11153846153846153,2890.4669,0.11538461538461539,10.699318122863769,11.538461538461538,0.0,0.0,0.0,7.6923076923076925,3.8461538461538463,3.8461538461538463,3.8461538461538463,23.076923076923077,11.538461538461538,0.0,0.0,0.0,0.0,0.0,11.538461538461538,11.538461538461538,7.6923076923076925,3.8461538461538463,0.0,1
28,-5,-0.23928571428571432,3304.6399,0.2142857142857143,4.0500284194946286,3.5714285714285716,14.285714285714286,10.714285714285714,7.142857142857143,3.5714285714285716,7.142857142857143,3.5714285714285716,0.0,0.0,3.5714285714285716,3.5714285714285716,3.5714285714285716,7.142857142857143,0.0,0.0,3.5714285714285716,3.5714285714285716,7.142857142857143,7.142857142857143,10.714285714285714,0
37,-4,-1.1702702702702703,4464.8272,0.08108108108108107,4.68889865875244,2.7027027027027026,10.81081081081081,13.513513513513514,8.108108108108109,2.7027027027027026,5.405405405405405,5.405405405405405,5.405405405405405,0.0,5.405405405405405,0.0,5.405405405405405,2.7027027027027026,10.81081081081081,10.81081081081081,0.0,2.7027027027027026,2.7027027027027026,2.7027027027027026,2.7027027027027026,0
9,4,-2.566666666666667,1152.3123,0.1111111111111111,11.097281455993649,11.11111111111111,0.0,0.0,0.0,0.0,11.11111111111111,22.22222222222222,0.0,22.22222222222222,0.0,0.0,0.0,0.0,0.0,22.22222222222222,0.0,0.0,0.0,0.0,11.11111111111111,1
33,-1,-0.6636363636363637,3774.1603000000005,0.12121212121212122,5.989545249938964,9.090909090909092,6.0606060606060606,3.0303030303030303,3.0303030303030303,6.0606060606060606,6.0606060606060606,6.0606060606060606,3.0303030303030303,3.0303030303030303,3.0303030303030303,6.0606060606060606,9.090909090909092,3.0303030303030303,12.121212121212121,0.0,3.0303030303030303,12.121212121212121,0.0,3.0303030303030303,3.0303030303030303,0
16,1,1.15625,1573.8739,0.0625,8.59094409942627,12.5,0.0,6.25,0.0,6.25,18.75,0.0,12.5,12.5,6.25,0.0,0.0,0.0,0.0,0.0,6.25,0.0,18.75,0.0,0.0,1
31,-5,-0.43548387096774194,3632.9562000000005,0.16129032258064516,4.0500284194946286,0.0,6.451612903225806,6.451612903225806,12.903225806451612,3.225806451612903,9.67741935483871,0.0,9.67741935483871,3.225806451612903,3.225806451612903,3.225806451612903,6.451612903225806,0.0,3.225806451612903,0.0,6.451612903225806,9.67741935483871,3.225806451612903,6.451612903225806,6.451612903225806,0
27,3,0.5925925925925926,2613.1031,0.037037037037037035,9.825642585754395,22.22222222222222,0.0,0.0,3.7037037037037037,0.0,18.51851851851852,0.0,3.7037037037037037,14.814814814814815,18.51851851851852,0.0,3.7037037037037037,0.0,0.0,0.0,3.7037037037037037,0.0,7.407407407407407,0.0,3.7037037037037037,1
29,2,0.42068965517241375,2995.5162,0.06896551724137931,8.859390449523925,10.344827586206897,6.896551724137931,3.4482758620689653,0.0,6.896551724137931,10.344827586206897,0.0,0.0,10.344827586206897,6.896551724137931,6.896551724137931,6.896551724137931,0.0,0.0,0.0,6.896551724137931,13.793103448275861,10.344827586206897,0.0,0.0,1
48,-1,0.11874999999999998,5668.593,0.10416666666666667,6.429479026794433,4.166666666666667,4.166666666666667,2.0833333333333335,6.25,2.0833333333333335,2.0833333333333335,8.333333333333334,10.416666666666666,4.166666666666667,4.166666666666667,8.333333333333334,4.166666666666667,2.0833333333333335,4.166666666666667,2.0833333333333335,6.25,6.25,10.416666666666666,2.0833333333333335,6.25,0
37,6,-0.6702702702702703,4425.2305,0.05405405405405405,10.605258750915528,0.0,0.0,5.405405405405405,8.108108108108109,5.405405405405405,5.405405405405405,0.0,8.108108108108109,16.216216216216218,16.216216216216218,0.0,2.7027027027027026,2.7027027027027026,2.7027027027027026,13.513513513513514,5.405405405405405,2.7027027027027026,5.405405405405405,0.0,0.0,1
26,1,-0.44615384615384623,2954.4294999999997,0.07692307692307693,8.266023445129395,3.8461538461538463,3.8461538461538463,7.6923076923076925,0.0,3.8461538461538463,11.538461538461538,0.0,11.538461538461538,3.8461538461538463,0.0,11.538461538461538,3.8461538461538463,7.6923076923076925,7.6923076923076925,7.6923076923076925,3.8461538461538463,7.6923076923076925,0.0,3.8461538461538463,0.0,0
24,4,1.1416666666666666,2571.1938,0.125,9.70128307342529,12.5,8.333333333333334,0.0,0.0,12.5,4.166666666666667,0.0,4.166666666666667,16.666666666666668,12.5,0.0,0.0,4.166666666666667,0.0,0.0,8.333333333333334,4.166666666666667,12.5,0.0,0.0,1
30,7,0.7033333333333333,3292.1796999999997,0.06666666666666667,10.778420829772951,6.666666666666667,0.0,0.0,0.0,3.3333333333333335,10.0,0.0,6.666666666666667,23.333333333333332,26.666666666666668,0.0,0.0,3.3333333333333335,0.0,0.0,0.0,10.0,6.666666666666667,3.3333333333333335,0.0,1
11,4,0.08181818181818178,1479.8918,0.2727272727272727,10.176866340637208,0.0,0.0,0.0,0.0,9.090909090909092,0.0,0.0,9.090909090909092,36.36363636363637,27.272727272727273,0.0,0.0,0.0,0.0,0.0,0.0,0.0,0.0,9.090909090909092,9.090909090909092,1
10,0,0.12999999999999995,1219.4526,0.2,5.510108375549315,10.0,20.0,0.0,0.0,0.0,0.0,0.0,0.0,0.0,10.0,10.0,0.0,10.0,20.0,0.0,0.0,0.0,0.0,0.0,20.0,0
14,8,-1.7785714285714285,2053.5498000000002,0.21428571428571427,11.999967765808105,0.0,0.0,0.0,0.0,0.0,0.0,0.0,0.0,28.571428571428573,21.428571428571427,0.0,0.0,0.0,0.0,28.571428571428573,0.0,0.0,0.0,21.428571428571427,0.0,1
23,0,0.1695652173913043,2805.3635999999997,0.08695652173913043,7.115411949157715,0.0,4.3478260869565215,4.3478260869565215,0.0,0.0,0.0,4.3478260869565215,8.695652173913043,4.3478260869565215,17.391304347826086,13.043478260869565,13.043478260869565,4.3478260869565215,8.695652173913043,0.0,4.3478260869565215,0.0,4.3478260869565215,4.3478260869565215,4.3478260869565215,0
6,3,-2.0833333333333335,1006.166,0.5,11.999967765808105,0.0,0.0,0.0,0.0,16.666666666666668,0.0,0.0,0.0,0.0,0.0,0.0,0.0,0.0,0.0,50.0,0.0,0.0,0.0,33.333333333333336,0.0,1
11,2,-1.2272727272727273,1259.4538,0.09090909090909091,9.699800300598145,0.0,0.0,9.090909090909092,0.0,0.0,9.090909090909092,0.0,0.0,18.181818181818183,9.090909090909092,0.0,0.0,18.181818181818183,0.0,9.090909090909092,9.090909090909092,0.0,9.090909090909092,0.0,9.090909090909092,1
11,0,-0.21818181818181823,1323.5222999999999,0.18181818181818182,6.713730812072753,0.0,27.272727272727273,0.0,0.0,0.0,9.090909090909092,9.090909090909092,9.090909090909092,0.0,0.0,0.0,9.090909090909092,9.090909090909092,9.090909090909092,0.0,0.0,0.0,0.0,9.090909090909092,9.090909090909092,0
25,-1,-0.8600000000000001,2779.9105999999997,0.12,6.531448173522949,0.0,4.0,4.0,0.0,8.0,8.0,20.0,0.0,0.0,8.0,0.0,8.0,8.0,0.0,0.0,20.0,8.0,0.0,0.0,4.0,0
6,0,0.16666666666666666,818.9829,0.16666666666666669,6.087706184387206,0.0,0.0,16.666666666666668,0.0,0.0,0.0,0.0,0.0,0.0,16.666666666666668,16.666666666666668,0.0,0.0,0.0,16.666666666666668,0.0,0.0,16.666666666666668,16.666666666666668,0.0,0
13,1,1.8615384615384616,1431.8025,0.15384615384615385,8.750052070617677,7.6923076923076925,0.0,0.0,0.0,15.384615384615385,7.6923076923076925,0.0,7.6923076923076925,7.6923076923076925,38.46153846153846,0.0,0.0,7.6923076923076925,0.0,0.0,7.6923076923076925,0.0,0.0,0.0,0.0,1
34,1,-1.088235294117647,3971.3682,0.11764705882352942,8.343643379211429,2.9411764705882355,0.0,8.823529411764707,2.9411764705882355,2.9411764705882355,2.9411764705882355,2.9411764705882355,2.9411764705882355,8.823529411764707,0.0,2.9411764705882355,5.882352941176471,8.823529411764707,5.882352941176471,5.882352941176471,8.823529411764707,5.882352941176471,11.764705882352942,0.0,8.823529411764707,0
18,-1,-0.7555555555555555,1858.9585000000002,0.05555555555555555,5.290425682067871,5.555555555555555,0.0,5.555555555555555,5.555555555555555,5.555555555555555,16.666666666666668,5.555555555555555,5.555555555555555,5.555555555555555,0.0,0.0,0.0,5.555555555555555,11.11111111111111,0.0,11.11111111111111,11.11111111111111,5.555555555555555,0.0,0.0,0
23,3,0.19999999999999998,2508.9768999999997,0.13043478260869565,10.00138339996338,4.3478260869565215,0.0,0.0,4.3478260869565215,13.043478260869565,17.391304347826086,4.3478260869565215,13.043478260869565,17.391304347826086,4.3478260869565215,4.3478260869565215,4.3478260869565215,0.0,0.0,0.0,8.695652173913043,0.0,4.3478260869565215,0.0,0.0,1
9,0,-1.5666666666666667,1056.1935,0.0,5.994262886047363,0.0,11.11111111111111,0.0,11.11111111111111,0.0,0.0,0.0,11.11111111111111,11.11111111111111,0.0,0.0,11.11111111111111,22.22222222222222,22.22222222222222,0.0,0.0,0.0,0.0,0.0,0.0,0
35,9,-0.28,4079.8419999999996,0.14285714285714285,11.999967765808105,2.857142857142857,0.0,0.0,0.0,11.428571428571429,14.285714285714286,2.857142857142857,14.285714285714286,14.285714285714286,8.571428571428571,0.0,5.714285714285714,0.0,2.857142857142857,11.428571428571429,2.857142857142857,5.714285714285714,0.0,0.0,2.857142857142857,1
21,2,1.2761904761904763,2007.4629999999997,0.047619047619047616,8.9037446975708,4.761904761904762,9.523809523809524,0.0,0.0,4.761904761904762,28.571428571428573,0.0,9.523809523809524,9.523809523809524,14.285714285714286,0.0,0.0,0.0,0.0,0.0,0.0,9.523809523809524,9.523809523809524,0.0,0.0,1
13,-1,-0.06153846153846155,1748.9980999999998,0.3076923076923077,4.0500284194946286,0.0,7.6923076923076925,0.0,7.6923076923076925,7.6923076923076925,0.0,0.0,0.0,0.0,7.6923076923076925,0.0,0.0,7.6923076923076925,23.076923076923077,0.0,0.0,0.0,15.384615384615385,23.076923076923077,0.0,0
20,4,-0.225,2472.9714,0.1,11.000256538391113,0.0,0.0,5.0,5.0,10.0,5.0,0.0,15.0,15.0,10.0,0.0,5.0,0.0,5.0,15.0,0.0,0.0,10.0,0.0,0.0,1
16,-2,-2.10625,1992.0926,0.0625,5.313445472717285,6.25,6.25,12.5,12.5,0.0,0.0,12.5,0.0,6.25,6.25,0.0,12.5,6.25,6.25,6.25,0.0,0.0,0.0,6.25,0.0,0
15,0,-1.0333333333333334,1813.9442,0.13333333333333333,6.499106788635253,6.666666666666667,0.0,13.333333333333334,0.0,0.0,0.0,6.666666666666667,0.0,0.0,0.0,6.666666666666667,6.666666666666667,0.0,0.0,13.333333333333334,13.333333333333334,6.666666666666667,13.333333333333334,0.0,13.333333333333334,0
17,-1,-0.2882352941176471,2077.3175,0.29411764705882354,4.370202445983887,5.882352941176471,11.764705882352942,5.882352941176471,5.882352941176471,17.647058823529413,5.882352941176471,0.0,0.0,5.882352941176471,0.0,5.882352941176471,5.882352941176471,0.0,5.882352941176471,0.0,5.882352941176471,5.882352941176471,0.0,5.882352941176471,5.882352941176471,0
8,4,-2.7,1387.5977,0.5,11.999967765808105,0.0,0.0,0.0,0.0,0.0,0.0,0.0,0.0,0.0,0.0,0.0,0.0,0.0,0.0,50.0,0.0,0.0,0.0,50.0,0.0,1
13,4,0.8307692307692308,1583.0249,0.0,11.526383018493654,0.0,15.384615384615385,0.0,0.0,0.0,0.0,0.0,15.384615384615385,0.0,7.6923076923076925,0.0,0.0,7.6923076923076925,0.0,30.76923076923077,0.0,0.0,23.076923076923077,0.0,0.0,1
13,2,-1.1692307692307693,1676.8328999999999,0.3076923076923077,9.697092628479005,7.6923076923076925,0.0,0.0,0.0,0.0,7.6923076923076925,15.384615384615385,0.0,7.6923076923076925,0.0,0.0,0.0,0.0,0.0,7.6923076923076925,15.384615384615385,0.0,7.6923076923076925,15.384615384615385,15.384615384615385,0
11,-4,-1.6454545454545455,1174.1291999999999,0.0,4.0500284194946286,9.090909090909092,0.0,18.181818181818183,18.181818181818183,0.0,9.090909090909092,0.0,0.0,0.0,9.090909090909092,0.0,18.181818181818183,9.090909090909092,0.0,0.0,0.0,9.090909090909092,0.0,0.0,0.0,0
18,4,0.3833333333333333,1887.3129,0.05555555555555555,10.477740287780762,5.555555555555555,0.0,0.0,0.0,5.555555555555555,16.666666666666668,0.0,11.11111111111111,22.22222222222222,22.22222222222222,0.0,5.555555555555555,0.0,0.0,0.0,11.11111111111111,0.0,0.0,0.0,0.0,1
22,9,-0.1590909090909091,2478.1585,0.13636363636363635,10.903296089172361,9.090909090909092,0.0,0.0,0.0,13.636363636363637,13.636363636363637,0.0,9.090909090909092,40.90909090909091,9.090909090909092,0.0,0.0,0.0,0.0,0.0,0.0,0.0,4.545454545454546,0.0,0.0,1
25,5,0.15599999999999997,3000.7365,0.0,11.068979835510252,4.0,0.0,8.0,0.0,0.0,0.0,4.0,4.0,16.0,28.0,4.0,0.0,0.0,4.0,12.0,0.0,4.0,12.0,0.0,0.0,1
42,1,0.2761904761904762,4978.8547,0.16666666666666669,7.730864524841309,4.761904761904762,7.142857142857143,4.761904761904762,0.0,4.761904761904762,2.380952380952381,2.380952380952381,2.380952380952381,4.761904761904762,7.142857142857143,9.523809523809524,7.142857142857143,2.380952380952381,0.0,2.380952380952381,4.761904761904762,11.904761904761905,9.523809523809524,7.142857142857143,4.761904761904762,0
19,2,0.36842105263157887,2279.6907,0.15789473684210525,11.00096569061279,0.0,0.0,0.0,0.0,15.789473684210526,15.789473684210526,26.31578947368421,10.526315789473685,5.2631578947368425,21.05263157894737,0.0,0.0,0.0,0.0,5.2631578947368425,0.0,0.0,0.0,0.0,0.0,1
11,3,-0.10000000000000009,1522.8353,0.36363636363636365,11.16626262664795,0.0,0.0,0.0,0.0,27.272727272727273,0.0,9.090909090909092,0.0,18.181818181818183,18.181818181818183,0.0,0.0,0.0,0.0,9.090909090909092,0.0,9.090909090909092,0.0,9.090909090909092,0.0,1
66,9,-0.4984848484848485,7037.112400000001,0.045454545454545456,9.164132499694826,9.090909090909092,18.181818181818183,1.5151515151515151,1.5151515151515151,0.0,9.090909090909092,1.5151515151515151,1.5151515151515151,6.0606060606060606,4.545454545454546,0.0,6.0606060606060606,7.575757575757576,0.0,10.606060606060606,7.575757575757576,9.090909090909092,1.5151515151515151,0.0,4.545454545454546,1
13,0,-1.4846153846153847,1627.7806999999998,0.15384615384615385,6.919999504089356,7.6923076923076925,0.0,15.384615384615385,0.0,7.6923076923076925,0.0,15.384615384615385,0.0,7.6923076923076925,0.0,7.6923076923076925,0.0,7.6923076923076925,0.0,7.6923076923076925,7.6923076923076925,7.6923076923076925,0.0,7.6923076923076925,0.0,0
11,1,1.3454545454545455,1247.5720999999999,0.09090909090909091,8.058241844177246,9.090909090909092,18.181818181818183,0.0,0.0,0.0,0.0,0.0,18.181818181818183,0.0,9.090909090909092,0.0,0.0,18.181818181818183,0.0,9.090909090909092,0.0,0.0,9.090909090909092,0.0,9.090909090909092,1
27,-1,0.018518518518518507,3269.7746999999995,0.1111111111111111,5.986362266540527,3.7037037037037037,7.407407407407407,3.7037037037037037,3.7037037037037037,3.7037037037037037,3.7037037037037037,7.407407407407407,14.814814814814815,3.7037037037037037,3.7037037037037037,3.7037037037037037,3.7037037037037037,0.0,18.51851851851852,0.0,0.0,3.7037037037037037,7.407407407407407,7.407407407407407,0.0,0
13,4,-1.2461538461538462,1938.3264000000001,0.3846153846153846,11.999967765808105,0.0,0.0,0.0,0.0,0.0,0.0,0.0,7.6923076923076925,15.384615384615385,7.6923076923076925,0.0,0.0,15.384615384615385,0.0,15.384615384615385,0.0,0.0,0.0,38.46153846153846,0.0,1
12,-1,-1.0583333333333333,1190.2196,0.08333333333333334,4.206506156921387,8.333333333333334,0.0,16.666666666666668,0.0,8.333333333333334,25.0,0.0,0.0,0.0,0.0,0.0,0.0,16.666666666666668,0.0,8.333333333333334,0.0,16.666666666666668,0.0,0.0,0.0,0
19,8,-1.7157894736842105,2000.3136,0.0,11.999967765808105,10.526315789473685,0.0,0.0,0.0,0.0,21.05263157894737,0.0,0.0,26.31578947368421,0.0,0.0,0.0,0.0,5.2631578947368425,15.789473684210526,10.526315789473685,5.2631578947368425,5.2631578947368425,0.0,0.0,1
26,1,-0.6615384615384615,3230.573,0.1923076923076923,9.611607551574707,0.0,0.0,3.8461538461538463,0.0,7.6923076923076925,3.8461538461538463,7.6923076923076925,3.8461538461538463,0.0,3.8461538461538463,3.8461538461538463,7.6923076923076925,3.8461538461538463,7.6923076923076925,7.6923076923076925,11.538461538461538,7.6923076923076925,7.6923076923076925,11.538461538461538,0.0,0
23,2,-0.7521739130434782,2726.0355,0.043478260869565216,9.504461097717286,0.0,4.3478260869565215,4.3478260869565215,0.0,0.0,0.0,4.3478260869565215,4.3478260869565215,4.3478260869565215,8.695652173913043,0.0,17.391304347826086,0.0,8.695652173913043,8.695652173913043,8.695652173913043,8.695652173913043,13.043478260869565,4.3478260869565215,0.0,0
11,2,0.7545454545454546,1219.4741999999999,0.18181818181818182,10.002737236022949,18.181818181818183,0.0,0.0,0.0,9.090909090909092,9.090909090909092,0.0,0.0,18.181818181818183,18.181818181818183,0.0,0.0,0.0,0.0,0.0,9.090909090909092,0.0,9.090909090909092,9.090909090909092,0.0,1
19,-2,0.1789473684210526,2146.4626,0.052631578947368425,4.1373899459838865,10.526315789473685,0.0,5.2631578947368425,10.526315789473685,0.0,5.2631578947368425,0.0,5.2631578947368425,0.0,21.05263157894737,5.2631578947368425,5.2631578947368425,5.2631578947368425,5.2631578947368425,5.2631578947368425,0.0,5.2631578947368425,5.2631578947368425,0.0,5.2631578947368425,0
26,4,0.9230769230769231,2779.4608999999996,0.0,10.477804756164549,30.76923076923077,0.0,0.0,0.0,0.0,0.0,15.384615384615385,0.0,15.384615384615385,38.46153846153846,0.0,0.0,0.0,0.0,0.0,0.0,0.0,0.0,0.0,0.0,1
15,1,-1.74,1952.1163000000001,0.2,8.601968193054201,6.666666666666667,0.0,13.333333333333334,0.0,6.666666666666667,0.0,13.333333333333334,0.0,0.0,0.0,6.666666666666667,0.0,6.666666666666667,0.0,20.0,6.666666666666667,6.666666666666667,0.0,0.0,13.333333333333334,0
37,5,-0.6405405405405407,4650.5275,0.1081081081081081,9.784318351745604,2.7027027027027026,5.405405405405405,5.405405405405405,2.7027027027027026,2.7027027027027026,2.7027027027027026,10.81081081081081,2.7027027027027026,13.513513513513514,18.91891891891892,5.405405405405405,5.405405405405405,0.0,0.0,8.108108108108109,0.0,5.405405405405405,0.0,5.405405405405405,2.7027027027027026,0
37,4,-1.0324324324324325,4683.2789,0.1891891891891892,9.591815757751462,5.405405405405405,5.405405405405405,2.7027027027027026,2.7027027027027026,5.405405405405405,2.7027027027027026,8.108108108108109,0.0,8.108108108108109,2.7027027027027026,2.7027027027027026,5.405405405405405,0.0,10.81081081081081,8.108108108108109,2.7027027027027026,5.405405405405405,8.108108108108109,8.108108108108109,5.405405405405405,0
26,0,0.1269230769230769,2930.4273999999996,0.11538461538461539,6.721347236633301,3.8461538461538463,7.6923076923076925,0.0,0.0,3.8461538461538463,7.6923076923076925,3.8461538461538463,0.0,0.0,3.8461538461538463,19.23076923076923,19.23076923076923,3.8461538461538463,0.0,0.0,7.6923076923076925,3.8461538461538463,7.6923076923076925,0.0,7.6923076923076925,0
13,2,0.823076923076923,1640.9661999999998,0.3076923076923077,11.000836753845213,0.0,0.0,0.0,0.0,23.076923076923077,7.6923076923076925,0.0,7.6923076923076925,7.6923076923076925,15.384615384615385,0.0,0.0,0.0,7.6923076923076925,7.6923076923076925,7.6923076923076925,0.0,7.6923076923076925,7.6923076923076925,0.0,1
36,2,0.04166666666666669,3793.3328,0.05555555555555555,9.696641349792483,22.22222222222222,0.0,2.7777777777777777,5.555555555555555,2.7777777777777777,5.555555555555555,0.0,2.7777777777777777,8.333333333333334,5.555555555555555,0.0,2.7777777777777777,5.555555555555555,5.555555555555555,5.555555555555555,2.7777777777777777,5.555555555555555,13.88888888888889,2.7777777777777777,0.0,1
21,8,-1.1857142857142857,2769.2801,0.38095238095238093,11.170195198059083,0.0,4.761904761904762,0.0,0.0,19.047619047619047,19.047619047619047,0.0,0.0,23.80952380952381,0.0,0.0,0.0,0.0,0.0,14.285714285714286,0.0,0.0,0.0,14.285714285714286,4.761904761904762,1
23,-2,0.6173913043478261,2607.9753,0.17391304347826086,4.196729850769043,8.695652173913043,8.695652173913043,8.695652173913043,0.0,8.695652173913043,4.3478260869565215,4.3478260869565215,4.3478260869565215,0.0,0.0,4.3478260869565215,0.0,4.3478260869565215,8.695652173913043,0.0,0.0,8.695652173913043,17.391304347826086,0.0,8.695652173913043,0
22,3,-0.5045454545454546,2583.8961,0.18181818181818182,9.997192955017091,0.0,0.0,0.0,0.0,9.090909090909092,9.090909090909092,9.090909090909092,4.545454545454546,9.090909090909092,9.090909090909092,0.0,0.0,0.0,9.090909090909092,4.545454545454546,18.181818181818183,4.545454545454546,4.545454545454546,0.0,9.090909090909092,0
11,3,0.17272727272727267,1462.7817,0.2727272727272727,11.16626262664795,0.0,0.0,0.0,0.0,27.272727272727273,0.0,9.090909090909092,9.090909090909092,18.181818181818183,9.090909090909092,0.0,0.0,0.0,9.090909090909092,9.090909090909092,0.0,0.0,9.090909090909092,0.0,0.0,1
8,4,-1.4875,1247.4959000000001,0.375,11.999967765808105,0.0,0.0,0.0,0.0,12.5,0.0,0.0,12.5,12.5,0.0,0.0,0.0,0.0,0.0,37.5,0.0,0.0,0.0,25.0,0.0,1
21,-6,-1.0761904761904764,2509.6322999999998,0.14285714285714285,4.0500284194946286,4.761904761904762,0.0,14.285714285714286,19.047619047619047,4.761904761904762,4.761904761904762,4.761904761904762,4.761904761904762,4.761904761904762,0.0,9.523809523809524,4.761904761904762,0.0,0.0,0.0,9.523809523809524,0.0,4.761904761904762,0.0,9.523809523809524,0
68,4,-0.31764705882352945,7441.7017000000005,0.0,9.052150917053222,5.882352941176471,5.882352941176471,5.882352941176471,5.882352941176471,0.0,7.352941176470588,2.9411764705882355,11.764705882352942,13.235294117647058,7.352941176470588,1.4705882352941178,2.9411764705882355,4.411764705882353,4.411764705882353,4.411764705882353,4.411764705882353,5.882352941176471,5.882352941176471,0.0,0.0,1
16,4,-0.59375,1851.203,0.0625,11.999967765808105,6.25,0.0,0.0,0.0,0.0,12.5,0.0,12.5,12.5,12.5,0.0,0.0,6.25,12.5,12.5,6.25,0.0,0.0,6.25,0.0,1
11,3,-0.20909090909090916,1421.7283,0.18181818181818182,11.16626262664795,0.0,0.0,0.0,0.0,18.181818181818183,0.0,0.0,9.090909090909092,18.181818181818183,18.181818181818183,0.0,0.0,0.0,18.181818181818183,9.090909090909092,0.0,9.090909090909092,0.0,0.0,0.0,1
12,-4,-1.175,1329.3913,0.0,4.0500284194946286,8.333333333333334,8.333333333333334,8.333333333333334,25.0,0.0,8.333333333333334,0.0,0.0,0.0,0.0,16.666666666666668,16.666666666666668,0.0,0.0,0.0,8.333333333333334,0.0,0.0,0.0,0.0,0
76,5,-0.3210526315789474,8137.969399999999,0.14473684210526316,9.075424003601075,11.842105263157896,7.894736842105263,1.3157894736842106,1.3157894736842106,6.578947368421052,13.157894736842104,2.6315789473684212,3.9473684210526314,3.9473684210526314,1.3157894736842106,0.0,5.2631578947368425,2.6315789473684212,5.2631578947368425,5.2631578947368425,11.842105263157896,5.2631578947368425,2.6315789473684212,2.6315789473684212,5.2631578947368425,1
18,1,-0.9666666666666666,2266.5828,0.16666666666666666,8.05514736175537,0.0,11.11111111111111,0.0,5.555555555555555,0.0,11.11111111111111,5.555555555555555,5.555555555555555,5.555555555555555,0.0,5.555555555555555,5.555555555555555,0.0,16.666666666666668,5.555555555555555,0.0,0.0,5.555555555555555,11.11111111111111,5.555555555555555,0
24,-1,-0.7666666666666667,3028.3338,0.25,4.778022193908691,0.0,8.333333333333334,16.666666666666668,0.0,12.5,4.166666666666667,0.0,8.333333333333334,8.333333333333334,4.166666666666667,0.0,12.5,0.0,4.166666666666667,4.166666666666667,4.166666666666667,0.0,0.0,8.333333333333334,4.166666666666667,0
26,-1,-0.15384615384615388,3108.5874999999996,0.15384615384615385,4.370202445983887,0.0,7.6923076923076925,3.8461538461538463,3.8461538461538463,0.0,7.6923076923076925,0.0,11.538461538461538,3.8461538461538463,7.6923076923076925,7.6923076923076925,7.6923076923076925,3.8461538461538463,7.6923076923076925,0.0,3.8461538461538463,7.6923076923076925,0.0,7.6923076923076925,7.6923076923076925,0
7,-1,-0.17142857142857146,768.8149999999999,0.0,5.076711082458496,14.285714285714286,0.0,14.285714285714286,0.0,0.0,0.0,14.285714285714286,0.0,0.0,14.285714285714286,0.0,0.0,0.0,14.285714285714286,0.0,14.285714285714286,0.0,14.285714285714286,0.0,0.0,0
32,0,0.7625,3732.3729999999996,0.21875,6.911189460754395,3.125,3.125,3.125,0.0,15.625,6.25,6.25,3.125,3.125,12.5,3.125,6.25,6.25,3.125,0.0,0.0,6.25,12.5,0.0,6.25,0
28,4,0.6571428571428571,2780.3776,0.03571428571428572,10.47786922454834,21.428571428571427,0.0,0.0,0.0,0.0,17.857142857142858,0.0,3.5714285714285716,14.285714285714286,17.857142857142858,3.5714285714285716,3.5714285714285716,0.0,3.5714285714285716,0.0,0.0,3.5714285714285716,7.142857142857143,3.5714285714285716,0.0,1
33,3,0.5121212121212121,3395.9464000000003,0.030303030303030304,9.38448543548584,15.151515151515152,6.0606060606060606,3.0303030303030303,0.0,3.0303030303030303,3.0303030303030303,0.0,3.0303030303030303,9.090909090909092,15.151515151515152,0.0,9.090909090909092,0.0,0.0,3.0303030303030303,15.151515151515152,6.0606060606060606,9.090909090909092,0.0,0.0,1
26,9,-0.7461538461538461,2917.5020999999997,0.11538461538461539,11.333687019348144,11.538461538461538,0.0,0.0,0.0,7.6923076923076925,15.384615384615385,3.8461538461538463,3.8461538461538463,26.923076923076923,7.6923076923076925,0.0,0.0,0.0,3.8461538461538463,7.6923076923076925,3.8461538461538463,0.0,3.8461538461538463,0.0,3.8461538461538463,1
19,-1,-0.6473684210526316,2242.5152,0.052631578947368425,6.005517005920409,5.2631578947368425,5.2631578947368425,10.526315789473685,0.0,5.2631578947368425,0.0,10.526315789473685,15.789473684210526,0.0,5.2631578947368425,0.0,5.2631578947368425,15.789473684210526,15.789473684210526,5.2631578947368425,0.0,0.0,0.0,0.0,0.0,0
31,-2,0.3709677419354839,3499.9856,0.16129032258064516,4.137446784973144,12.903225806451612,6.451612903225806,3.225806451612903,6.451612903225806,9.67741935483871,6.451612903225806,0.0,0.0,3.225806451612903,12.903225806451612,3.225806451612903,9.67741935483871,0.0,9.67741935483871,0.0,0.0,0.0,9.67741935483871,0.0,6.451612903225806,0
20,-1,0.38499999999999995,2483.8662,0.2,6.347744560241699,0.0,15.0,0.0,5.0,10.0,0.0,20.0,5.0,0.0,5.0,5.0,0.0,0.0,5.0,0.0,10.0,0.0,10.0,0.0,10.0,0
18,-1,0.19999999999999993,2215.5541,0.2222222222222222,6.000401496887206,5.555555555555555,16.666666666666668,0.0,5.555555555555555,11.11111111111111,0.0,11.11111111111111,5.555555555555555,0.0,5.555555555555555,5.555555555555555,11.11111111111111,5.555555555555555,0.0,0.0,5.555555555555555,0.0,0.0,5.555555555555555,5.555555555555555,0
18,-1,-0.2222222222222222,2089.3484,0.1111111111111111,4.370145606994629,0.0,11.11111111111111,5.555555555555555,5.555555555555555,0.0,5.555555555555555,0.0,5.555555555555555,0.0,11.11111111111111,0.0,0.0,5.555555555555555,11.11111111111111,5.555555555555555,5.555555555555555,11.11111111111111,5.555555555555555,0.0,11.11111111111111,0
46,2,0.3760869565217391,4284.7519999999995,0.08695652173913043,8.904776191711427,13.043478260869565,4.3478260869565215,0.0,0.0,2.1739130434782608,32.608695652173914,4.3478260869565215,8.695652173913043,2.1739130434782608,2.1739130434782608,0.0,4.3478260869565215,2.1739130434782608,0.0,2.1739130434782608,8.695652173913043,0.0,6.521739130434782,4.3478260869565215,2.1739130434782608,1
26,6,0.31923076923076926,2872.5328999999997,0.07692307692307693,10.699318122863769,7.6923076923076925,0.0,0.0,0.0,3.8461538461538463,3.8461538461538463,0.0,7.6923076923076925,23.076923076923077,15.384615384615385,0.0,0.0,3.8461538461538463,0.0,0.0,7.6923076923076925,15.384615384615385,7.6923076923076925,3.8461538461538463,0.0,1
20,0,-0.495,2493.8795,0.2,6.41862277984619,5.0,5.0,10.0,5.0,10.0,5.0,5.0,5.0,5.0,5.0,10.0,0.0,5.0,0.0,10.0,0.0,5.0,0.0,0.0,10.0,0
16,1,2.0124999999999997,1781.2285000000002,0.25,8.750052070617677,0.0,0.0,0.0,0.0,25.0,18.75,0.0,6.25,6.25,31.25,0.0,0.0,6.25,0.0,0.0,0.0,0.0,6.25,0.0,0.0,1
19,-1,-0.6368421052631579,2267.5612,0.10526315789473685,5.501184654235838,5.2631578947368425,5.2631578947368425,0.0,15.789473684210526,0.0,5.2631578947368425,5.2631578947368425,5.2631578947368425,10.526315789473685,5.2631578947368425,0.0,0.0,5.2631578947368425,10.526315789473685,0.0,5.2631578947368425,0.0,10.526315789473685,10.526315789473685,0.0,0
18,2,0.8555555555555555,2107.5372,0.2222222222222222,10.002801704406739,5.555555555555555,0.0,0.0,0.0,22.22222222222222,5.555555555555555,5.555555555555555,11.11111111111111,11.11111111111111,16.666666666666668,0.0,0.0,5.555555555555555,5.555555555555555,0.0,5.555555555555555,5.555555555555555,0.0,0.0,0.0,1
25,-1,0.596,2999.5258,0.28,4.0500284194946286,4.0,12.0,4.0,0.0,16.0,8.0,0.0,4.0,0.0,0.0,16.0,4.0,0.0,4.0,0.0,4.0,12.0,0.0,4.0,8.0,0
12,3,0.7333333333333334,1456.7805999999998,0.16666666666666669,9.6918062210083,16.666666666666668,16.666666666666668,0.0,0.0,8.333333333333334,0.0,0.0,0.0,0.0,8.333333333333334,0.0,0.0,0.0,0.0,25.0,0.0,0.0,16.666666666666668,0.0,8.333333333333334,1
12,3,-2.6166666666666667,1603.7874,0.16666666666666669,9.997257423400882,0.0,0.0,0.0,8.333333333333334,8.333333333333334,8.333333333333334,33.333333333333336,0.0,25.0,0.0,0.0,0.0,0.0,0.0,8.333333333333334,0.0,0.0,0.0,0.0,8.333333333333334,1
28,5,0.8250000000000001,2847.4867999999997,0.03571428571428572,10.602615547180175,32.142857142857146,0.0,0.0,0.0,0.0,3.5714285714285716,0.0,0.0,17.857142857142858,21.428571428571427,0.0,7.142857142857143,0.0,0.0,0.0,0.0,3.5714285714285716,10.714285714285714,3.5714285714285716,0.0,1
37,6,-0.07297297297297294,4004.7658,0.05405405405405405,10.391030311584473,13.513513513513514,0.0,2.7027027027027026,2.7027027027027026,2.7027027027027026,10.81081081081081,0.0,13.513513513513514,18.91891891891892,2.7027027027027026,0.0,2.7027027027027026,2.7027027027027026,8.108108108108109,2.7027027027027026,0.0,2.7027027027027026,10.81081081081081,2.7027027027027026,0.0,1
25,-2,-0.8240000000000001,2974.3280999999997,0.08,4.751194190979004,0.0,4.0,8.0,8.0,4.0,4.0,4.0,12.0,4.0,0.0,12.0,16.0,4.0,0.0,4.0,4.0,8.0,0.0,0.0,4.0,0
21,-1,-1.0,2719.9346,0.3333333333333333,4.207813453674317,0.0,14.285714285714286,9.523809523809524,0.0,9.523809523809524,4.761904761904762,0.0,0.0,0.0,0.0,0.0,0.0,0.0,19.047619047619047,4.761904761904762,0.0,14.285714285714286,0.0,4.761904761904762,19.047619047619047,0
44,2,-0.3227272727272727,4859.4644,0.11363636363636365,8.318629646301272,6.818181818181818,13.636363636363637,2.272727272727273,4.545454545454546,2.272727272727273,11.363636363636363,2.272727272727273,2.272727272727273,6.818181818181818,4.545454545454546,0.0,11.363636363636363,0.0,0.0,4.545454545454546,6.818181818181818,4.545454545454546,6.818181818181818,4.545454545454546,4.545454545454546,1
50,-7,-0.91,5980.2936,0.18,4.38492374420166,6.0,6.0,12.0,4.0,8.0,2.0,8.0,0.0,0.0,4.0,0.0,10.0,4.0,8.0,2.0,4.0,6.0,6.0,4.0,6.0,0
15,4,-0.9600000000000001,1768.0713999999998,0.06666666666666667,11.999967765808105,6.666666666666667,0.0,0.0,0.0,0.0,6.666666666666667,0.0,6.666666666666667,13.333333333333334,13.333333333333334,0.0,0.0,6.666666666666667,13.333333333333334,13.333333333333334,13.333333333333334,0.0,0.0,6.666666666666667,0.0,1
26,3,0.5961538461538461,2455.8596,0.0,11.999967765808105,7.6923076923076925,0.0,0.0,0.0,0.0,34.61538461538461,3.8461538461538463,15.384615384615385,3.8461538461538463,3.8461538461538463,0.0,3.8461538461538463,0.0,3.8461538461538463,7.6923076923076925,0.0,0.0,15.384615384615385,0.0,0.0,1
20,4,-0.755,2468.8985,0.05,11.553846549987792,0.0,0.0,5.0,5.0,5.0,0.0,0.0,10.0,10.0,10.0,0.0,5.0,5.0,5.0,20.0,5.0,5.0,10.0,0.0,0.0,1
37,9,-0.754054054054054,4045.6838,0.05405405405405405,11.729071617126465,16.216216216216218,2.7027027027027026,0.0,5.405405405405405,5.405405405405405,13.513513513513514,0.0,5.405405405405405,13.513513513513514,5.405405405405405,0.0,5.405405405405405,0.0,2.7027027027027026,16.216216216216218,5.405405405405405,0.0,2.7027027027027026,0.0,0.0,1
26,0,0.22307692307692303,3064.5346999999997,0.23076923076923078,6.791031837463378,11.538461538461538,0.0,0.0,3.8461538461538463,11.538461538461538,7.6923076923076925,3.8461538461538463,7.6923076923076925,3.8461538461538463,7.6923076923076925,7.6923076923076925,7.6923076923076925,3.8461538461538463,3.8461538461538463,0.0,0.0,7.6923076923076925,0.0,3.8461538461538463,7.6923076923076925,0
40,-4,-0.7925,4655.0971,0.1,4.516676521301269,7.5,5.0,10.0,7.5,5.0,2.5,2.5,7.5,2.5,2.5,5.0,0.0,5.0,12.5,5.0,7.5,7.5,0.0,0.0,5.0,0
36,5,-0.875,3962.434,0.11111111111111112,9.786316871643066,8.333333333333334,5.555555555555555,2.7777777777777777,0.0,8.333333333333334,13.88888888888889,0.0,2.7777777777777777,13.88888888888889,5.555555555555555,0.0,16.666666666666668,0.0,11.11111111111111,2.7777777777777777,2.7777777777777777,0.0,2.7777777777777777,0.0,2.7777777777777777,1
19,4,0.7578947368421054,1987.4766,0.0,9.70128307342529,0.0,10.526315789473685,0.0,0.0,0.0,10.526315789473685,0.0,0.0,21.05263157894737,0.0,0.0,0.0,0.0,10.526315789473685,0.0,5.2631578947368425,0.0,42.10526315789474,0.0,0.0,1
11,0,-0.7636363636363637,1390.5487,0.18181818181818182,6.731635093688964,0.0,18.181818181818183,0.0,9.090909090909092,0.0,9.090909090909092,9.090909090909092,0.0,0.0,0.0,0.0,9.090909090909092,0.0,0.0,9.090909090909092,0.0,9.090909090909092,9.090909090909092,18.181818181818183,0.0,0
12,5,-2.2833333333333337,1564.7976999999998,0.16666666666666669,11.166133689880368,8.333333333333334,0.0,0.0,0.0,8.333333333333334,8.333333333333334,25.0,0.0,25.0,0.0,0.0,0.0,0.0,0.0,16.666666666666668,0.0,0.0,0.0,0.0,8.333333333333334,1
9,0,-0.9444444444444444,1231.354,0.4444444444444444,5.999946784973144,0.0,0.0,0.0,11.11111111111111,0.0,11.11111111111111,0.0,11.11111111111111,11.11111111111111,0.0,0.0,0.0,0.0,0.0,0.0,11.11111111111111,0.0,0.0,22.22222222222222,22.22222222222222,0
11,-1,-0.06363636363636366,1293.4466,0.18181818181818182,4.0500284194946286,0.0,0.0,9.090909090909092,0.0,9.090909090909092,9.090909090909092,0.0,9.090909090909092,0.0,0.0,9.090909090909092,18.181818181818183,9.090909090909092,0.0,0.0,0.0,9.090909090909092,9.090909090909092,9.090909090909092,0.0,0
47,1,-0.8255319148936171,5555.2041,0.10638297872340426,8.24842357635498,4.25531914893617,2.127659574468085,0.0,8.51063829787234,4.25531914893617,4.25531914893617,2.127659574468085,4.25531914893617,2.127659574468085,6.382978723404255,4.25531914893617,6.382978723404255,6.382978723404255,8.51063829787234,8.51063829787234,6.382978723404255,12.76595744680851,2.127659574468085,4.25531914893617,2.127659574468085,0
14,-3,-0.0928571428571429,1594.6778,0.2142857142857143,4.0500284194946286,21.428571428571427,0.0,14.285714285714286,7.142857142857143,7.142857142857143,7.142857142857143,7.142857142857143,0.0,0.0,14.285714285714286,0.0,0.0,0.0,0.0,0.0,7.142857142857143,0.0,0.0,7.142857142857143,7.142857142857143,0
44,-6,-0.5068181818181818,5338.9229,0.1590909090909091,4.558964729309083,6.818181818181818,9.090909090909092,11.363636363636363,4.545454545454546,4.545454545454546,2.272727272727273,9.090909090909092,0.0,0.0,0.0,11.363636363636363,4.545454545454546,0.0,4.545454545454546,2.272727272727273,0.0,11.363636363636363,6.818181818181818,4.545454545454546,6.818181818181818,0
12,4,-0.32499999999999996,1214.4596999999999,0.08333333333333334,10.477740287780762,58.333333333333336,0.0,0.0,0.0,0.0,0.0,0.0,0.0,33.333333333333336,0.0,0.0,0.0,0.0,0.0,0.0,0.0,0.0,0.0,8.333333333333334,0.0,1
15,2,-0.14666666666666667,1876.3168,0.06666666666666667,9.506653022766113,6.666666666666667,6.666666666666667,0.0,6.666666666666667,0.0,0.0,0.0,13.333333333333334,6.666666666666667,6.666666666666667,13.333333333333334,0.0,6.666666666666667,6.666666666666667,13.333333333333334,0.0,6.666666666666667,0.0,6.666666666666667,0.0,0
11,1,0.054545454545454564,1325.5831,0.09090909090909091,7.834729957580567,18.181818181818183,18.181818181818183,0.0,9.090909090909092,0.0,0.0,0.0,0.0,0.0,0.0,9.090909090909092,0.0,0.0,0.0,18.181818181818183,0.0,9.090909090909092,9.090909090909092,9.090909090909092,0.0,0
7,0,-1.842857142857143,947.0045999999999,0.28571428571428575,6.087706184387206,0.0,0.0,14.285714285714286,0.0,0.0,0.0,0.0,0.0,0.0,0.0,0.0,0.0,14.285714285714286,0.0,14.285714285714286,14.285714285714286,14.285714285714286,0.0,28.571428571428573,0.0,0
5,0,2.8,753.8843,1.0,5.525000190734862,0.0,0.0,0.0,0.0,100.0,0.0,0.0,0.0,0.0,0.0,0.0,0.0,0.0,0.0,0.0,0.0,0.0,0.0,0.0,0.0,1
11,1,0.1818181818181818,1325.5581,0.09090909090909091,8.726069831848143,9.090909090909092,0.0,0.0,9.090909090909092,9.090909090909092,0.0,9.090909090909092,0.0,9.090909090909092,18.181818181818183,0.0,9.090909090909092,0.0,0.0,9.090909090909092,0.0,0.0,18.181818181818183,0.0,0.0,1
15,5,0.26,1715.1758,0.13333333333333333,10.602486610412598,6.666666666666667,0.0,0.0,0.0,6.666666666666667,13.333333333333334,0.0,6.666666666666667,33.333333333333336,13.333333333333334,0.0,0.0,0.0,0.0,0.0,0.0,0.0,13.333333333333334,6.666666666666667,0.0,1
47,6,-0.5106382978723404,5288.1635,0.06382978723404255,9.064142036437985,4.25531914893617,17.02127659574468,4.25531914893617,2.127659574468085,0.0,4.25531914893617,0.0,8.51063829787234,10.638297872340425,2.127659574468085,0.0,6.382978723404255,6.382978723404255,0.0,8.51063829787234,8.51063829787234,8.51063829787234,2.127659574468085,2.127659574468085,4.25531914893617,1
23,9,-0.29130434782608694,2743.4537,0.043478260869565216,11.999967765808105,0.0,0.0,0.0,0.0,4.3478260869565215,8.695652173913043,0.0,13.043478260869565,21.73913043478261,13.043478260869565,4.3478260869565215,0.0,0.0,0.0,17.391304347826086,4.3478260869565215,8.695652173913043,4.3478260869565215,0.0,0.0,1
44,0,-0.6545454545454545,4949.457899999999,0.13636363636363635,6.73174877166748,4.545454545454546,13.636363636363637,4.545454545454546,6.818181818181818,2.272727272727273,13.636363636363637,2.272727272727273,2.272727272727273,6.818181818181818,2.272727272727273,0.0,9.090909090909092,0.0,0.0,4.545454545454546,6.818181818181818,4.545454545454546,4.545454545454546,6.818181818181818,4.545454545454546,1
25,2,-1.012,3036.3646,0.08,8.955964088439941,0.0,8.0,0.0,8.0,4.0,0.0,4.0,4.0,4.0,4.0,0.0,12.0,0.0,8.0,12.0,12.0,8.0,8.0,4.0,0.0,0
12,0,0.05000000000000001,1311.4638,0.08333333333333334,6.0021066665649405,25.0,0.0,0.0,8.333333333333334,8.333333333333334,0.0,0.0,0.0,0.0,0.0,8.333333333333334,0.0,0.0,8.333333333333334,8.333333333333334,8.333333333333334,16.666666666666668,8.333333333333334,0.0,0.0,0
16,1,-0.8375,1947.1096000000002,0.25,8.496562385559084,6.25,0.0,0.0,0.0,0.0,6.25,0.0,6.25,0.0,0.0,0.0,12.5,6.25,6.25,6.25,0.0,18.75,6.25,6.25,18.75,0
14,1,0.06428571428571427,1654.9898999999998,0.07142857142857144,8.497529411315917,14.285714285714286,0.0,14.285714285714286,0.0,0.0,0.0,0.0,14.285714285714286,21.428571428571427,21.428571428571427,0.0,0.0,0.0,7.142857142857143,0.0,0.0,0.0,0.0,7.142857142857143,0.0,1
10,1,-1.94,1116.2058,0.0,8.20651912689209,0.0,10.0,10.0,0.0,0.0,0.0,10.0,0.0,20.0,0.0,0.0,10.0,10.0,0.0,0.0,20.0,10.0,0.0,0.0,0.0,0
11,1,-1.1818181818181819,1302.4786,0.09090909090909091,8.590106010437015,0.0,0.0,0.0,18.181818181818183,0.0,18.181818181818183,0.0,9.090909090909092,18.181818181818183,0.0,0.0,0.0,0.0,0.0,9.090909090909092,0.0,9.090909090909092,9.090909090909092,9.090909090909092,0.0,0
18,4,-1.3222222222222222,2262.5728,0.2222222222222222,11.097216987609862,5.555555555555555,0.0,0.0,5.555555555555555,11.11111111111111,11.11111111111111,5.555555555555555,0.0,16.666666666666668,5.555555555555555,0.0,0.0,0.0,5.555555555555555,11.11111111111111,5.555555555555555,5.555555555555555,0.0,11.11111111111111,0.0,1
23,3,-0.0782608695652174,2505.9332999999997,0.13043478260869565,10.00138339996338,8.695652173913043,0.0,0.0,4.3478260869565215,8.695652173913043,17.391304347826086,4.3478260869565215,8.695652173913043,17.391304347826086,4.3478260869565215,4.3478260869565215,4.3478260869565215,0.0,0.0,0.0,8.695652173913043,0.0,4.3478260869565215,4.3478260869565215,0.0,1
10,3,-0.10999999999999999,1141.3675,0.0,11.999967765808105,20.0,0.0,0.0,0.0,0.0,0.0,0.0,10.0,10.0,10.0,0.0,0.0,0.0,10.0,20.0,10.0,0.0,10.0,0.0,0.0,1
18,2,-0.37222222222222223,2157.4321,0.2222222222222222,9.978303718566895,11.11111111111111,0.0,0.0,5.555555555555555,5.555555555555555,16.666666666666668,0.0,11.11111111111111,0.0,5.555555555555555,0.0,0.0,0.0,5.555555555555555,16.666666666666668,0.0,5.555555555555555,0.0,5.555555555555555,11.11111111111111,1
72,-2,-0.21250000000000002,8800.145799999998,0.18055555555555555,6.0378015518188475,4.166666666666667,2.7777777777777777,5.555555555555555,6.944444444444445,4.166666666666667,2.7777777777777777,5.555555555555555,6.944444444444445,8.333333333333334,5.555555555555555,6.944444444444445,1.3888888888888888,2.7777777777777777,4.166666666666667,1.3888888888888888,4.166666666666667,4.166666666666667,8.333333333333334,4.166666666666667,9.722222222222221,0
7,4,-2.8714285714285714,1173.3744000000002,0.42857142857142855,11.999967765808105,0.0,0.0,0.0,0.0,0.0,0.0,0.0,0.0,14.285714285714286,0.0,0.0,0.0,0.0,0.0,42.857142857142854,0.0,0.0,0.0,42.857142857142854,0.0,1
28,3,-0.275,3115.6549999999997,0.07142857142857144,10.046124458312985,7.142857142857143,3.5714285714285716,7.142857142857143,0.0,3.5714285714285716,10.714285714285714,3.5714285714285716,10.714285714285714,7.142857142857143,10.714285714285714,0.0,0.0,14.285714285714286,0.0,10.714285714285714,3.5714285714285716,3.5714285714285716,0.0,3.5714285714285716,0.0,1
37,4,0.29189189189189185,3855.6341,0.05405405405405405,9.5143892288208,13.513513513513514,5.405405405405405,0.0,5.405405405405405,5.405405405405405,13.513513513513514,0.0,2.7027027027027026,16.216216216216218,16.216216216216218,2.7027027027027026,2.7027027027027026,0.0,2.7027027027027026,0.0,0.0,10.81081081081081,2.7027027027027026,0.0,0.0,1
20,4,-1.075,2426.8983,0.1,9.99738636016846,15.0,0.0,0.0,10.0,0.0,0.0,0.0,0.0,25.0,10.0,10.0,0.0,0.0,5.0,5.0,10.0,0.0,0.0,5.0,5.0,1
11,4,1.009090909090909,1342.7973,0.09090909090909091,10.477740287780762,0.0,0.0,0.0,0.0,9.090909090909092,0.0,0.0,9.090909090909092,36.36363636363637,36.36363636363637,0.0,0.0,0.0,0.0,0.0,0.0,0.0,9.090909090909092,0.0,0.0,1
6,3,-2.216666666666667,960.0926000000001,0.5,10.903489494323729,0.0,0.0,0.0,0.0,16.666666666666668,0.0,0.0,0.0,0.0,0.0,0.0,0.0,0.0,0.0,50.0,0.0,0.0,0.0,0.0,33.333333333333336,1
15,1,-1.8333333333333333,1819.9638,0.2,8.771971321105958,6.666666666666667,0.0,13.333333333333334,0.0,6.666666666666667,0.0,0.0,0.0,20.0,0.0,0.0,0.0,6.666666666666667,13.333333333333334,0.0,6.666666666666667,13.333333333333334,0.0,0.0,13.333333333333334,1
12,6,-0.7999999999999999,1668.0863,0.16666666666666669,11.999967765808105,0.0,0.0,0.0,0.0,0.0,0.0,0.0,16.666666666666668,25.0,0.0,0.0,0.0,0.0,0.0,25.0,0.0,0.0,16.666666666666668,16.666666666666668,0.0,1
35,6,0.07714285714285712,3912.6787000000004,0.08571428571428572,9.427485847473147,2.857142857142857,17.142857142857142,0.0,2.857142857142857,8.571428571428571,8.571428571428571,0.0,2.857142857142857,8.571428571428571,8.571428571428571,0.0,2.857142857142857,2.857142857142857,2.857142857142857,11.428571428571429,8.571428571428571,5.714285714285714,5.714285714285714,0.0,0.0,1
18,6,-0.3277777777777778,2096.4916,0.1111111111111111,11.706507682800293,11.11111111111111,11.11111111111111,0.0,0.0,5.555555555555555,16.666666666666668,0.0,0.0,0.0,5.555555555555555,0.0,0.0,0.0,0.0,33.333333333333336,0.0,0.0,11.11111111111111,0.0,5.555555555555555,1
26,4,0.5961538461538461,2832.4323999999997,0.038461538461538464,11.999967765808105,7.6923076923076925,0.0,0.0,0.0,0.0,11.538461538461538,0.0,15.384615384615385,7.6923076923076925,15.384615384615385,0.0,0.0,3.8461538461538463,7.6923076923076925,7.6923076923076925,3.8461538461538463,7.6923076923076925,7.6923076923076925,3.8461538461538463,0.0,1
18,0,-1.8333333333333333,2256.4989,0.05555555555555555,6.747606849670411,0.0,5.555555555555555,16.666666666666668,5.555555555555555,0.0,0.0,5.555555555555555,5.555555555555555,11.11111111111111,0.0,11.11111111111111,11.11111111111111,0.0,0.0,11.11111111111111,5.555555555555555,5.555555555555555,0.0,0.0,5.555555555555555,0
32,10,-0.42812500000000003,3818.5325000000003,0.125,11.999967765808105,3.125,0.0,0.0,0.0,12.5,12.5,0.0,9.375,6.25,6.25,0.0,0.0,3.125,6.25,25.0,3.125,6.25,6.25,0.0,0.0,1
30,2,0.14999999999999997,3297.8828999999996,0.06666666666666667,9.699800300598145,3.3333333333333335,0.0,3.3333333333333335,3.3333333333333335,6.666666666666667,6.666666666666667,0.0,6.666666666666667,10.0,16.666666666666668,0.0,6.666666666666667,10.0,0.0,3.3333333333333335,0.0,16.666666666666668,6.666666666666667,0.0,0.0,1
11,2,-0.08181818181818186,1392.6454999999999,0.2727272727272727,9.722557640075681,0.0,0.0,0.0,0.0,9.090909090909092,9.090909090909092,9.090909090909092,9.090909090909092,9.090909090909092,9.090909090909092,0.0,0.0,9.090909090909092,0.0,9.090909090909092,0.0,0.0,9.090909090909092,0.0,18.181818181818183,0
22,1,-0.10454545454545454,2384.7688,0.045454545454545456,8.431255912780763,4.545454545454546,0.0,4.545454545454546,9.090909090909092,0.0,13.636363636363637,0.0,9.090909090909092,18.181818181818183,9.090909090909092,0.0,0.0,0.0,4.545454545454546,0.0,9.090909090909092,0.0,13.636363636363637,4.545454545454546,0.0,1
14,0,-1.7285714285714284,1563.6970999999999,0.0,6.747947883605957,0.0,0.0,14.285714285714286,0.0,0.0,21.428571428571427,7.142857142857143,7.142857142857143,0.0,0.0,7.142857142857143,0.0,14.285714285714286,14.285714285714286,14.285714285714286,0.0,0.0,0.0,0.0,0.0,0
18,-2,-1.3888888888888888,2260.479,0.22222222222222224,4.360028266906738,0.0,0.0,22.22222222222222,5.555555555555555,16.666666666666668,5.555555555555555,0.0,0.0,16.666666666666668,5.555555555555555,5.555555555555555,5.555555555555555,5.555555555555555,5.555555555555555,0.0,0.0,0.0,0.0,5.555555555555555,0.0,1
18,-4,-0.5,2288.4657,0.2777777777777778,4.0500284194946286,5.555555555555555,5.555555555555555,16.666666666666668,5.555555555555555,11.11111111111111,0.0,5.555555555555555,0.0,0.0,5.555555555555555,5.555555555555555,0.0,0.0,11.11111111111111,0.0,0.0,5.555555555555555,5.555555555555555,0.0,16.666666666666668,0
18,-2,-1.3611111111111112,2131.3204,0.16666666666666669,4.360028266906738,0.0,0.0,22.22222222222222,5.555555555555555,16.666666666666668,11.11111111111111,0.0,0.0,16.666666666666668,5.555555555555555,5.555555555555555,5.555555555555555,5.555555555555555,5.555555555555555,0.0,0.0,0.0,0.0,0.0,0.0,1
16,0,0.43124999999999997,1803.1271000000002,0.0625,5.994262886047363,0.0,6.25,0.0,6.25,0.0,6.25,0.0,18.75,6.25,12.5,0.0,0.0,6.25,6.25,0.0,6.25,18.75,0.0,6.25,0.0,0
26,7,-0.07307692307692305,2861.4673,0.07692307692307693,10.778420829772951,11.538461538461538,0.0,0.0,0.0,3.8461538461538463,0.0,0.0,7.6923076923076925,26.923076923076923,7.6923076923076925,0.0,0.0,3.8461538461538463,0.0,0.0,15.384615384615385,11.538461538461538,7.6923076923076925,3.8461538461538463,0.0,1
46,1,0.8413043478260869,4202.8816,0.043478260869565216,8.081643867492676,15.217391304347826,4.3478260869565215,0.0,0.0,4.3478260869565215,28.26086956521739,2.1739130434782608,2.1739130434782608,0.0,13.043478260869565,2.1739130434782608,6.521739130434782,8.695652173913043,0.0,2.1739130434782608,0.0,2.1739130434782608,8.695652173913043,0.0,0.0,1
8,0,0.07499999999999996,970.124,0.0,5.972209358215332,0.0,0.0,0.0,12.5,0.0,0.0,0.0,0.0,0.0,37.5,0.0,25.0,0.0,0.0,12.5,0.0,0.0,12.5,0.0,0.0,1
19,1,-0.4315789473684211,2284.7241,0.052631578947368425,8.23082370758057,0.0,5.2631578947368425,0.0,5.2631578947368425,0.0,0.0,5.2631578947368425,0.0,0.0,0.0,21.05263157894737,0.0,10.526315789473685,5.2631578947368425,10.526315789473685,10.526315789473685,10.526315789473685,10.526315789473685,0.0,5.2631578947368425,0
33,0,0.2848484848484848,4138.7694,0.30303030303030304,5.716377067565918,3.0303030303030303,3.0303030303030303,0.0,3.0303030303030303,18.181818181818183,6.0606060606060606,0.0,6.0606060606060606,0.0,9.090909090909092,3.0303030303030303,3.0303030303030303,6.0606060606060606,15.151515151515152,3.0303030303030303,6.0606060606060606,0.0,3.0303030303030303,12.121212121212121,0.0,0
17,2,-0.6058823529411765,2120.3902,0.29411764705882354,9.524575233459473,17.647058823529413,0.0,0.0,0.0,5.882352941176471,0.0,5.882352941176471,5.882352941176471,0.0,0.0,5.882352941176471,5.882352941176471,11.764705882352942,0.0,11.764705882352942,5.882352941176471,0.0,0.0,0.0,23.529411764705884,0
13,1,1.2615384615384615,1592.8969,0.3076923076923077,7.864772224426269,0.0,7.6923076923076925,0.0,0.0,15.384615384615385,0.0,0.0,7.6923076923076925,7.6923076923076925,7.6923076923076925,0.0,0.0,0.0,0.0,0.0,15.384615384615385,7.6923076923076925,15.384615384615385,7.6923076923076925,7.6923076923076925,0
15,6,0.72,1805.4675000000002,0.0,10.699318122863769,0.0,0.0,0.0,0.0,0.0,0.0,0.0,0.0,40.0,60.0,0.0,0.0,0.0,0.0,0.0,0.0,0.0,0.0,0.0,0.0,1
30,3,0.12666666666666665,3177.7573999999995,0.06666666666666667,9.825642585754395,13.333333333333334,0.0,0.0,6.666666666666667,6.666666666666667,13.333333333333334,0.0,10.0,16.666666666666668,10.0,3.3333333333333335,10.0,0.0,0.0,0.0,0.0,6.666666666666667,3.3333333333333335,0.0,0.0,1
17,3,-1.3470588235294116,2398.767,0.23529411764705885,10.903747367858884,0.0,0.0,5.882352941176471,5.882352941176471,0.0,0.0,0.0,0.0,11.764705882352942,11.764705882352942,0.0,5.882352941176471,0.0,5.882352941176471,17.647058823529413,0.0,0.0,11.764705882352942,23.529411764705884,0.0,1
39,0,-0.28974358974358977,4255.7877,0.05128205128205129,6.473131370544433,17.94871794871795,0.0,5.128205128205129,10.256410256410257,5.128205128205129,7.6923076923076925,0.0,15.384615384615385,7.6923076923076925,2.5641025641025643,0.0,2.5641025641025643,2.5641025641025643,7.6923076923076925,7.6923076923076925,2.5641025641025643,2.5641025641025643,2.5641025641025643,0.0,0.0,1
41,6,-0.10243902439024391,4334.2092,0.04878048780487805,9.303448677062985,2.4390243902439024,14.634146341463415,2.4390243902439024,0.0,2.4390243902439024,14.634146341463415,2.4390243902439024,7.317073170731708,12.195121951219512,4.878048780487805,0.0,0.0,12.195121951219512,2.4390243902439024,4.878048780487805,2.4390243902439024,7.317073170731708,4.878048780487805,0.0,2.4390243902439024,1
9,3,0.2111111111111111,1126.3975,0.1111111111111111,11.999967765808105,22.22222222222222,0.0,0.0,0.0,0.0,0.0,0.0,11.11111111111111,11.11111111111111,22.22222222222222,0.0,0.0,0.0,0.0,22.22222222222222,0.0,0.0,0.0,11.11111111111111,0.0,1
14,2,-0.2285714285714286,1524.8066999999999,0.07142857142857144,9.315246391296387,7.142857142857143,7.142857142857143,0.0,0.0,0.0,14.285714285714286,0.0,0.0,7.142857142857143,14.285714285714286,7.142857142857143,7.142857142857143,7.142857142857143,0.0,7.142857142857143,0.0,14.285714285714286,0.0,0.0,7.142857142857143,1
11,5,-1.9363636363636365,1544.8709,0.18181818181818182,11.999967765808105,0.0,0.0,0.0,0.0,0.0,9.090909090909092,0.0,0.0,18.181818181818183,9.090909090909092,9.090909090909092,0.0,0.0,9.090909090909092,27.272727272727273,0.0,0.0,0.0,18.181818181818183,0.0,1
44,-3,0.10909090909090904,5242.9991,0.18181818181818182,4.518268013000489,4.545454545454546,2.272727272727273,9.090909090909092,4.545454545454546,11.363636363636363,4.545454545454546,2.272727272727273,4.545454545454546,2.272727272727273,9.090909090909092,9.090909090909092,6.818181818181818,2.272727272727273,2.272727272727273,4.545454545454546,4.545454545454546,2.272727272727273,6.818181818181818,0.0,6.818181818181818,0
36,2,-1.3694444444444445,4614.106,0.25,8.596939659118654,2.7777777777777777,8.333333333333334,0.0,8.333333333333334,0.0,8.333333333333334,5.555555555555555,0.0,5.555555555555555,2.7777777777777777,2.7777777777777777,2.7777777777777777,2.7777777777777777,5.555555555555555,8.333333333333334,8.333333333333334,2.7777777777777777,0.0,13.88888888888889,11.11111111111111,0
25,-3,-0.5880000000000001,2833.0726,0.08,4.0500284194946286,4.0,4.0,8.0,4.0,4.0,8.0,4.0,8.0,0.0,8.0,4.0,8.0,4.0,16.0,0.0,8.0,4.0,0.0,4.0,0.0,0
13,2,-1.4076923076923078,1568.7764,0.07692307692307693,9.31079807281494,0.0,7.6923076923076925,0.0,0.0,0.0,0.0,0.0,0.0,7.6923076923076925,0.0,7.6923076923076925,7.6923076923076925,7.6923076923076925,23.076923076923077,7.6923076923076925,15.384615384615385,0.0,7.6923076923076925,0.0,7.6923076923076925,0
7,1,-1.0,944.0867,0.28571428571428575,8.750052070617677,0.0,0.0,0.0,0.0,0.0,0.0,0.0,14.285714285714286,14.285714285714286,0.0,0.0,14.285714285714286,14.285714285714286,0.0,0.0,0.0,14.285714285714286,0.0,28.571428571428573,0.0,0
37,5,-0.6783783783783784,4245.9667,0.08108108108108109,10.115750312805172,5.405405405405405,0.0,5.405405405405405,8.108108108108109,8.108108108108109,10.81081081081081,0.0,8.108108108108109,18.91891891891892,10.81081081081081,0.0,0.0,2.7027027027027026,5.405405405405405,8.108108108108109,2.7027027027027026,2.7027027027027026,2.7027027027027026,0.0,0.0,1
12,5,0.2416666666666667,1450.821,0.0,11.999967765808105,16.666666666666668,0.0,0.0,0.0,0.0,0.0,0.0,16.666666666666668,8.333333333333334,8.333333333333334,0.0,0.0,0.0,0.0,33.333333333333336,0.0,0.0,16.666666666666668,0.0,0.0,1
13,1,1.7999999999999998,1369.7331,0.07692307692307693,8.750052070617677,0.0,0.0,0.0,0.0,7.6923076923076925,15.384615384615385,0.0,7.6923076923076925,7.6923076923076925,38.46153846153846,0.0,0.0,7.6923076923076925,0.0,0.0,7.6923076923076925,0.0,7.6923076923076925,0.0,0.0,1
11,-2,-0.6818181818181819,1557.6607,0.4545454545454546,5.152136421203611,0.0,0.0,9.090909090909092,9.090909090909092,18.181818181818183,0.0,18.181818181818183,9.090909090909092,0.0,0.0,0.0,0.0,0.0,0.0,0.0,0.0,9.090909090909092,0.0,9.090909090909092,18.181818181818183,0
40,-5,-0.11500000000000003,4665.3279,0.125,4.548449516296387,5.0,2.5,7.5,5.0,2.5,5.0,7.5,2.5,0.0,7.5,15.0,10.0,7.5,0.0,0.0,2.5,2.5,7.5,0.0,10.0,0
19,4,-0.6947368421052631,2202.6483,0.10526315789473685,9.84723949432373,5.2631578947368425,10.526315789473685,5.2631578947368425,0.0,10.526315789473685,10.526315789473685,0.0,0.0,15.789473684210526,0.0,10.526315789473685,10.526315789473685,5.2631578947368425,0.0,10.526315789473685,0.0,0.0,5.2631578947368425,0.0,0.0,0
26,-7,-1.6,2913.8824999999997,0.038461538461538464,4.200481224060058,11.538461538461538,0.0,3.8461538461538463,23.076923076923077,0.0,3.8461538461538463,7.6923076923076925,0.0,0.0,7.6923076923076925,0.0,15.384615384615385,3.8461538461538463,3.8461538461538463,0.0,3.8461538461538463,11.538461538461538,0.0,0.0,3.8461538461538463,0
38,-2,-0.0842105263157895,4262.7948,0.10526315789473685,4.40726146697998,2.6315789473684212,5.2631578947368425,2.6315789473684212,7.894736842105263,5.2631578947368425,7.894736842105263,0.0,10.526315789473685,2.6315789473684212,7.894736842105263,2.6315789473684212,7.894736842105263,5.2631578947368425,5.2631578947368425,2.6315789473684212,10.526315789473685,5.2631578947368425,2.6315789473684212,2.6315789473684212,2.6315789473684212,0
37,1,0.27567567567567564,4442.1923,0.1891891891891892,8.040319633483886,8.108108108108109,5.405405405405405,2.7027027027027026,2.7027027027027026,5.405405405405405,2.7027027027027026,5.405405405405405,5.405405405405405,2.7027027027027026,2.7027027027027026,8.108108108108109,2.7027027027027026,2.7027027027027026,0.0,5.405405405405405,2.7027027027027026,10.81081081081081,10.81081081081081,5.405405405405405,8.108108108108109,0
19,5,-0.863157894736842,2378.8553,0.15789473684210528,10.295359230041502,5.2631578947368425,0.0,5.2631578947368425,5.2631578947368425,10.526315789473685,0.0,0.0,5.2631578947368425,31.57894736842105,10.526315789473685,0.0,5.2631578947368425,0.0,0.0,5.2631578947368425,5.2631578947368425,0.0,5.2631578947368425,5.2631578947368425,0.0,1
14,3,0.5142857142857142,1726.1968,0.07142857142857144,10.302063941955566,0.0,0.0,0.0,0.0,7.142857142857143,0.0,0.0,0.0,21.428571428571427,50.0,0.0,0.0,0.0,21.428571428571427,0.0,0.0,0.0,0.0,0.0,0.0,1
18,5,0.6722222222222222,1980.5257000000001,0.05555555555555555,10.602486610412598,27.77777777777778,0.0,0.0,0.0,0.0,0.0,0.0,11.11111111111111,27.77777777777778,22.22222222222222,0.0,0.0,0.0,0.0,0.0,0.0,5.555555555555555,0.0,5.555555555555555,0.0,1
50,-1,-1.27,5751.214999999999,0.06,6.696735954284668,6.0,6.0,6.0,6.0,2.0,10.0,14.0,0.0,2.0,2.0,4.0,10.0,4.0,4.0,8.0,2.0,4.0,6.0,2.0,2.0,0
43,2,-0.5744186046511628,4436.7735999999995,0.11627906976744186,8.789248847961428,13.953488372093023,4.651162790697675,2.3255813953488373,0.0,0.0,20.930232558139537,4.651162790697675,4.651162790697675,6.976744186046512,0.0,0.0,16.27906976744186,0.0,0.0,0.0,2.3255813953488373,6.976744186046512,4.651162790697675,6.976744186046512,4.651162790697675,1
27,6,0.8185185185185184,2864.6398999999997,0.037037037037037035,10.699318122863769,7.407407407407407,0.0,0.0,0.0,3.7037037037037037,11.11111111111111,0.0,7.407407407407407,22.22222222222222,25.925925925925927,0.0,0.0,3.7037037037037037,0.0,0.0,0.0,11.11111111111111,7.407407407407407,0.0,0.0,1
15,1,0.13999999999999999,1762.0866,0.06666666666666667,8.258416175842285,0.0,6.666666666666667,6.666666666666667,0.0,0.0,6.666666666666667,6.666666666666667,6.666666666666667,0.0,13.333333333333334,0.0,0.0,13.333333333333334,0.0,13.333333333333334,0.0,6.666666666666667,13.333333333333334,6.666666666666667,0.0,0
13,1,2.023076923076923,1367.7603,0.07692307692307693,8.750052070617677,7.6923076923076925,0.0,0.0,0.0,7.6923076923076925,15.384615384615385,0.0,15.384615384615385,7.6923076923076925,38.46153846153846,0.0,0.0,7.6923076923076925,0.0,0.0,0.0,0.0,0.0,0.0,0.0,1
19,1,0.6684210526315789,2223.6343,0.2105263157894737,8.206390190124512,15.789473684210526,5.2631578947368425,0.0,0.0,10.526315789473685,0.0,5.2631578947368425,5.2631578947368425,5.2631578947368425,5.2631578947368425,10.526315789473685,0.0,0.0,0.0,0.0,5.2631578947368425,21.05263157894737,0.0,5.2631578947368425,5.2631578947368425,0
16,0,-0.75,1973.1951,0.1875,6.170350074768066,12.5,12.5,0.0,12.5,6.25,0.0,0.0,0.0,0.0,0.0,0.0,0.0,6.25,12.5,12.5,6.25,0.0,6.25,6.25,6.25,0
9,0,0.9555555555555555,1130.3826999999999,0.1111111111111111,6.398842811584472,0.0,11.11111111111111,0.0,0.0,0.0,0.0,11.11111111111111,11.11111111111111,0.0,11.11111111111111,11.11111111111111,0.0,0.0,11.11111111111111,0.0,0.0,11.11111111111111,11.11111111111111,11.11111111111111,0.0,0
11,4,0.6363636363636364,1402.8162,0.0,11.999967765808105,0.0,0.0,0.0,0.0,0.0,0.0,9.090909090909092,54.54545454545455,18.181818181818183,0.0,0.0,0.0,0.0,0.0,18.181818181818183,0.0,0.0,0.0,0.0,0.0,1
8,2,-0.7,1007.2253000000001,0.25,9.528249931335449,0.0,0.0,0.0,0.0,0.0,0.0,0.0,0.0,25.0,12.5,0.0,0.0,25.0,0.0,0.0,0.0,0.0,12.5,0.0,25.0,1
10,5,-3.55,1344.5733,0.0,10.602551078796388,0.0,0.0,0.0,0.0,0.0,0.0,50.0,0.0,50.0,0.0,0.0,0.0,0.0,0.0,0.0,0.0,0.0,0.0,0.0,0.0,1
14,5,-0.942857142857143,1856.2607999999998,0.2142857142857143,10.565030479431151,0.0,0.0,0.0,7.142857142857143,14.285714285714286,0.0,0.0,0.0,28.571428571428573,21.428571428571427,0.0,0.0,0.0,0.0,14.285714285714286,7.142857142857143,0.0,0.0,0.0,7.142857142857143,1
21,-2,-0.5761904761904763,2273.3952,0.047619047619047616,5.1369035720825185,4.761904761904762,4.761904761904762,4.761904761904762,4.761904761904762,4.761904761904762,9.523809523809524,9.523809523809524,9.523809523809524,0.0,4.761904761904762,0.0,4.761904761904762,0.0,14.285714285714286,0.0,14.285714285714286,9.523809523809524,0.0,0.0,0.0,0
9,3,-0.09999999999999998,1300.6347,0.33333333333333337,10.302063941955566,0.0,0.0,0.0,0.0,0.0,0.0,0.0,33.333333333333336,33.333333333333336,0.0,0.0,0.0,0.0,0.0,0.0,0.0,0.0,0.0,33.333333333333336,0.0,1
23,-4,-0.2739130434782609,2713.9964999999997,0.13043478260869565,4.300063133239747,8.695652173913043,13.043478260869565,8.695652173913043,8.695652173913043,4.3478260869565215,4.3478260869565215,8.695652173913043,4.3478260869565215,0.0,8.695652173913043,4.3478260869565215,8.695652173913043,0.0,4.3478260869565215,0.0,0.0,4.3478260869565215,0.0,4.3478260869565215,4.3478260869565215,0
11,1,0.22727272727272718,1565.8549,0.4545454545454546,8.504878807067872,0.0,0.0,0.0,0.0,9.090909090909092,0.0,9.090909090909092,18.181818181818183,9.090909090909092,9.090909090909092,0.0,0.0,9.090909090909092,0.0,0.0,0.0,0.0,0.0,18.181818181818183,18.181818181818183,0
62,3,-0.1774193548387097,6179.832,0.11290322580645161,8.994645118713382,16.129032258064516,4.838709677419355,0.0,4.838709677419355,3.225806451612903,24.193548387096776,1.6129032258064515,1.6129032258064515,6.451612903225806,1.6129032258064515,1.6129032258064515,6.451612903225806,1.6129032258064515,0.0,3.225806451612903,6.451612903225806,1.6129032258064515,6.451612903225806,4.838709677419355,3.225806451612903,1
51,9,-0.9137254901960784,5805.776,0.13725490196078433,9.268764686584472,7.8431372549019605,15.686274509803921,5.882352941176471,1.9607843137254901,1.9607843137254901,7.8431372549019605,0.0,3.9215686274509802,23.529411764705884,0.0,0.0,3.9215686274509802,1.9607843137254901,1.9607843137254901,1.9607843137254901,3.9215686274509802,3.9215686274509802,1.9607843137254901,0.0,11.764705882352942,1
44,-1,-0.7113636363636364,5067.6371,0.11363636363636365,6.271239280700684,4.545454545454546,13.636363636363637,2.272727272727273,6.818181818181818,2.272727272727273,6.818181818181818,6.818181818181818,4.545454545454546,2.272727272727273,2.272727272727273,0.0,4.545454545454546,9.090909090909092,6.818181818181818,4.545454545454546,4.545454545454546,6.818181818181818,2.272727272727273,4.545454545454546,4.545454545454546,0
9,-1,0.37777777777777777,1107.2167,0.3333333333333333,4.0500284194946286,11.11111111111111,0.0,11.11111111111111,0.0,11.11111111111111,11.11111111111111,0.0,0.0,0.0,11.11111111111111,0.0,11.11111111111111,0.0,0.0,0.0,0.0,0.0,11.11111111111111,22.22222222222222,0.0,0
28,3,-1.0714285714285714,3376.8536999999997,0.07142857142857144,9.106368827819825,3.5714285714285716,10.714285714285714,7.142857142857143,0.0,0.0,3.5714285714285716,10.714285714285714,3.5714285714285716,7.142857142857143,7.142857142857143,0.0,3.5714285714285716,7.142857142857143,7.142857142857143,10.714285714285714,0.0,7.142857142857143,3.5714285714285716,3.5714285714285716,3.5714285714285716,0
33,2,0.6393939393939394,3291.9214,0.030303030303030304,8.78757266998291,12.121212121212121,6.0606060606060606,9.090909090909092,0.0,3.0303030303030303,15.151515151515152,0.0,3.0303030303030303,15.151515151515152,15.151515151515152,0.0,0.0,0.0,0.0,0.0,3.0303030303030303,6.0606060606060606,12.121212121212121,0.0,0.0,1
14,2,-0.45000000000000007,1258.3845999999999,0.0,11.001030158996581,7.142857142857143,0.0,0.0,0.0,0.0,42.857142857142854,0.0,0.0,7.142857142857143,14.285714285714286,0.0,7.142857142857143,0.0,0.0,7.142857142857143,0.0,14.285714285714286,0.0,0.0,0.0,1
44,-1,-0.22272727272727275,5344.9738,0.18181818181818182,6.262201881408691,4.545454545454546,11.363636363636363,6.818181818181818,2.272727272727273,4.545454545454546,0.0,6.818181818181818,2.272727272727273,0.0,6.818181818181818,0.0,4.545454545454546,2.272727272727273,4.545454545454546,6.818181818181818,6.818181818181818,6.818181818181818,9.090909090909092,4.545454545454546,9.090909090909092,0
37,5,0.3918918918918919,3837.5989,0.05405405405405405,9.787283897399899,10.81081081081081,5.405405405405405,5.405405405405405,0.0,5.405405405405405,13.513513513513514,0.0,5.405405405405405,16.216216216216218,16.216216216216218,0.0,0.0,0.0,2.7027027027027026,2.7027027027027026,8.108108108108109,2.7027027027027026,5.405405405405405,0.0,0.0,1
18,0,-0.9277777777777777,2280.6012,0.2222222222222222,6.763067054748535,0.0,0.0,0.0,16.666666666666668,11.11111111111111,11.11111111111111,5.555555555555555,0.0,16.666666666666668,5.555555555555555,5.555555555555555,0.0,0.0,5.555555555555555,0.0,0.0,5.555555555555555,5.555555555555555,11.11111111111111,0.0,0
26,-2,-0.2846153846153846,3199.5703,0.2692307692307692,4.0500284194946286,7.6923076923076925,3.8461538461538463,11.538461538461538,0.0,7.6923076923076925,7.6923076923076925,0.0,3.8461538461538463,0.0,0.0,11.538461538461538,3.8461538461538463,0.0,7.6923076923076925,3.8461538461538463,3.8461538461538463,3.8461538461538463,3.8461538461538463,7.6923076923076925,11.538461538461538,0
21,0,-0.2666666666666667,2519.8289,0.23809523809523808,6.283118629455567,9.523809523809524,0.0,0.0,9.523809523809524,19.047619047619047,0.0,0.0,0.0,0.0,0.0,4.761904761904762,4.761904761904762,14.285714285714286,4.761904761904762,9.523809523809524,9.523809523809524,0.0,9.523809523809524,0.0,4.761904761904762,0
12,4,-0.725,1871.2404,0.41666666666666663,11.999967765808105,0.0,0.0,0.0,0.0,0.0,0.0,0.0,16.666666666666668,8.333333333333334,0.0,0.0,0.0,0.0,0.0,25.0,0.0,0.0,8.333333333333334,41.666666666666664,0.0,1
37,5,0.0324324324324324,3892.5546999999997,0.1081081081081081,9.788960075378416,18.91891891891892,5.405405405405405,0.0,2.7027027027027026,10.81081081081081,13.513513513513514,5.405405405405405,2.7027027027027026,16.216216216216218,10.81081081081081,0.0,2.7027027027027026,0.0,5.405405405405405,0.0,2.7027027027027026,2.7027027027027026,0.0,0.0,0.0,1
10,-2,-0.31000000000000005,1213.294,0.30000000000000004,4.0500284194946286,0.0,0.0,20.0,0.0,10.0,20.0,0.0,0.0,0.0,20.0,0.0,0.0,0.0,10.0,0.0,0.0,0.0,0.0,10.0,10.0,0
48,24,-0.6812499999999999,6581.0106,0.10416666666666666,11.999967765808105,0.0,0.0,0.0,0.0,0.0,0.0,0.0,0.0,0.0,0.0,0.0,0.0,0.0,0.0,50.0,0.0,0.0,39.583333333333336,10.416666666666666,0.0,1
15,1,0.45999999999999996,1724.0765000000001,0.13333333333333333,8.605385017395022,6.666666666666667,0.0,0.0,0.0,6.666666666666667,6.666666666666667,13.333333333333334,6.666666666666667,6.666666666666667,13.333333333333334,6.666666666666667,0.0,13.333333333333334,0.0,0.0,0.0,6.666666666666667,6.666666666666667,0.0,6.666666666666667,0
12,1,1.3583333333333334,1334.6443,0.16666666666666669,8.590879631042483,8.333333333333334,0.0,0.0,0.0,8.333333333333334,8.333333333333334,0.0,8.333333333333334,8.333333333333334,33.333333333333336,0.0,0.0,8.333333333333334,0.0,0.0,8.333333333333334,0.0,0.0,0.0,8.333333333333334,1
37,1,-0.672972972972973,4027.4631,0.05405405405405405,8.192787361145019,10.81081081081081,2.7027027027027026,5.405405405405405,5.405405405405405,2.7027027027027026,10.81081081081081,5.405405405405405,8.108108108108109,5.405405405405405,0.0,2.7027027027027026,8.108108108108109,5.405405405405405,0.0,8.108108108108109,2.7027027027027026,8.108108108108109,5.405405405405405,0.0,2.7027027027027026,0
21,8,-0.9714285714285713,2753.3421,0.33333333333333337,10.406180381774899,0.0,9.523809523809524,0.0,0.0,14.285714285714286,14.285714285714286,0.0,0.0,28.571428571428573,4.761904761904762,0.0,0.0,0.0,0.0,9.523809523809524,0.0,0.0,0.0,14.285714285714286,4.761904761904762,1
24,4,1.2958333333333334,2579.2589,0.125,9.70128307342529,16.666666666666668,8.333333333333334,0.0,0.0,12.5,4.166666666666667,0.0,20.833333333333332,16.666666666666668,4.166666666666667,0.0,0.0,8.333333333333334,0.0,0.0,4.166666666666667,0.0,4.166666666666667,0.0,0.0,1
58,2,-0.19827586206896555,6915.9781,0.13793103448275862,8.46871204376221,1.7241379310344827,6.896551724137931,3.4482758620689653,5.172413793103448,5.172413793103448,5.172413793103448,6.896551724137931,6.896551724137931,6.896551724137931,5.172413793103448,5.172413793103448,1.7241379310344827,0.0,3.4482758620689653,5.172413793103448,8.620689655172415,6.896551724137931,6.896551724137931,3.4482758620689653,5.172413793103448,0
10,3,1.09,1274.6439,0.0,11.999967765808105,0.0,0.0,0.0,0.0,0.0,0.0,10.0,60.0,10.0,0.0,0.0,0.0,0.0,0.0,20.0,0.0,0.0,0.0,0.0,0.0,1
30,3,-0.14666666666666667,3486.0172999999995,0.13333333333333333,9.157363319396975,3.3333333333333335,10.0,0.0,0.0,3.3333333333333335,3.3333333333333335,6.666666666666667,3.3333333333333335,3.3333333333333335,6.666666666666667,0.0,10.0,10.0,0.0,6.666666666666667,10.0,3.3333333333333335,10.0,6.666666666666667,3.3333333333333335,0
9,-1,0.8222222222222223,909.0393999999999,0.0,4.0500284194946286,11.11111111111111,22.22222222222222,0.0,11.11111111111111,0.0,11.11111111111111,0.0,11.11111111111111,0.0,0.0,0.0,11.11111111111111,0.0,0.0,0.0,0.0,11.11111111111111,11.11111111111111,0.0,0.0,0
24,4,0.9458333333333333,2666.3361999999997,0.125,9.70128307342529,12.5,8.333333333333334,0.0,0.0,12.5,0.0,0.0,4.166666666666667,16.666666666666668,20.833333333333332,0.0,4.166666666666667,8.333333333333334,0.0,0.0,4.166666666666667,4.166666666666667,4.166666666666667,0.0,0.0,1
25,6,-0.8,2962.5245999999997,0.08,10.948617362976073,8.0,8.0,0.0,4.0,4.0,4.0,0.0,4.0,12.0,0.0,4.0,4.0,8.0,4.0,16.0,4.0,4.0,8.0,4.0,0.0,1
18,-1,-1.3166666666666667,2262.4585,0.16666666666666666,5.399499702453612,0.0,0.0,0.0,11.11111111111111,11.11111111111111,0.0,5.555555555555555,0.0,0.0,5.555555555555555,5.555555555555555,11.11111111111111,11.11111111111111,11.11111111111111,5.555555555555555,5.555555555555555,11.11111111111111,0.0,5.555555555555555,0.0,0
12,5,-0.10833333333333332,1422.8473,0.08333333333333334,10.479351997375485,16.666666666666668,8.333333333333334,0.0,0.0,8.333333333333334,0.0,0.0,0.0,33.333333333333336,8.333333333333334,8.333333333333334,0.0,0.0,0.0,8.333333333333334,0.0,0.0,8.333333333333334,0.0,0.0,1
25,1,-1.364,3073.3349,0.16,8.510680961608887,0.0,0.0,4.0,0.0,4.0,0.0,8.0,8.0,0.0,4.0,0.0,8.0,16.0,12.0,8.0,8.0,8.0,0.0,0.0,12.0,0
45,2,0.88,4096.7994,0.044444444444444446,8.956479835510255,15.555555555555555,4.444444444444445,0.0,0.0,4.444444444444445,28.88888888888889,0.0,2.2222222222222223,2.2222222222222223,13.333333333333334,2.2222222222222223,6.666666666666667,6.666666666666667,0.0,2.2222222222222223,0.0,2.2222222222222223,8.88888888888889,0.0,0.0,1
28,5,-0.5357142857142857,3123.6821,0.03571428571428572,11.555329322814941,7.142857142857143,3.5714285714285716,3.5714285714285716,0.0,0.0,10.714285714285714,3.5714285714285716,10.714285714285714,7.142857142857143,10.714285714285714,0.0,3.5714285714285716,14.285714285714286,0.0,14.285714285714286,3.5714285714285716,3.5714285714285716,0.0,3.5714285714285716,0.0,1
26,1,0.43076923076923074,3068.6195,0.15384615384615385,9.611736488342284,11.538461538461538,0.0,0.0,3.8461538461538463,11.538461538461538,3.8461538461538463,7.6923076923076925,3.8461538461538463,0.0,7.6923076923076925,7.6923076923076925,3.8461538461538463,7.6923076923076925,3.8461538461538463,7.6923076923076925,0.0,3.8461538461538463,11.538461538461538,3.8461538461538463,0.0,0
15,7,-0.35333333333333333,1843.3912,0.13333333333333333,10.778420829772951,0.0,0.0,0.0,0.0,6.666666666666667,6.666666666666667,0.0,6.666666666666667,46.666666666666664,13.333333333333334,0.0,0.0,0.0,0.0,0.0,0.0,0.0,13.333333333333334,6.666666666666667,0.0,1
26,7,-0.13846153846153847,2991.6139,0.11538461538461539,10.778420829772951,7.6923076923076925,0.0,0.0,0.0,7.6923076923076925,0.0,3.8461538461538463,3.8461538461538463,26.923076923076923,15.384615384615385,0.0,0.0,0.0,0.0,0.0,15.384615384615385,11.538461538461538,3.8461538461538463,3.8461538461538463,0.0,1
9,-1,-0.8444444444444446,1033.0955,0.0,5.918155479431152,0.0,0.0,11.11111111111111,0.0,0.0,0.0,22.22222222222222,22.22222222222222,0.0,0.0,0.0,0.0,11.11111111111111,11.11111111111111,0.0,22.22222222222222,0.0,0.0,0.0,0.0,0
43,12,-0.9,4769.5908,0.046511627906976744,11.897527503967282,13.953488372093023,2.3255813953488373,0.0,4.651162790697675,4.651162790697675,11.627906976744185,0.0,4.651162790697675,16.27906976744186,6.976744186046512,0.0,4.651162790697675,2.3255813953488373,2.3255813953488373,16.27906976744186,4.651162790697675,2.3255813953488373,2.3255813953488373,0.0,0.0,1
26,10,-0.6961538461538462,2883.529,0.07692307692307693,11.362504386901854,11.538461538461538,0.0,0.0,0.0,3.8461538461538463,15.384615384615385,3.8461538461538463,7.6923076923076925,30.76923076923077,7.6923076923076925,0.0,0.0,0.0,0.0,7.6923076923076925,3.8461538461538463,0.0,3.8461538461538463,0.0,3.8461538461538463,1
31,-1,-0.28064516129032263,3432.9033,0.0967741935483871,5.445084571838378,6.451612903225806,3.225806451612903,3.225806451612903,6.451612903225806,6.451612903225806,12.903225806451612,3.225806451612903,6.451612903225806,6.451612903225806,3.225806451612903,6.451612903225806,9.67741935483871,6.451612903225806,6.451612903225806,0.0,0.0,3.225806451612903,6.451612903225806,3.225806451612903,0.0,0
13,0,-0.8846153846153846,1422.6885,0.0,6.24065990447998,0.0,0.0,0.0,15.384615384615385,0.0,7.6923076923076925,0.0,15.384615384615385,15.384615384615385,0.0,7.6923076923076925,0.0,30.76923076923077,0.0,0.0,7.6923076923076925,0.0,0.0,0.0,0.0,0
11,2,0.4272727272727272,1449.7399,0.2727272727272727,11.000836753845213,0.0,0.0,0.0,0.0,27.272727272727273,0.0,9.090909090909092,9.090909090909092,9.090909090909092,18.181818181818183,0.0,0.0,0.0,9.090909090909092,9.090909090909092,0.0,9.090909090909092,0.0,0.0,0.0,1
13,4,-0.7923076923076924,1902.2544,0.3846153846153846,11.999967765808105,0.0,0.0,0.0,0.0,15.384615384615385,0.0,0.0,0.0,0.0,7.6923076923076925,0.0,0.0,15.384615384615385,0.0,30.76923076923077,0.0,0.0,7.6923076923076925,23.076923076923077,0.0,1
7,2,-0.34285714285714286,859.0269999999999,0.14285714285714288,11.000836753845213,0.0,0.0,0.0,0.0,0.0,14.285714285714286,0.0,0.0,14.285714285714286,14.285714285714286,0.0,0.0,0.0,0.0,14.285714285714286,0.0,14.285714285714286,14.285714285714286,14.285714285714286,0.0,0
9,1,-1.6222222222222222,1033.1371000000001,0.0,8.590234947204593,11.11111111111111,0.0,11.11111111111111,11.11111111111111,0.0,0.0,0.0,11.11111111111111,22.22222222222222,0.0,0.0,0.0,0.0,0.0,11.11111111111111,22.22222222222222,0.0,0.0,0.0,0.0,1
36,1,-0.33611111111111114,4446.2656,0.1388888888888889,8.12947940826416,2.7777777777777777,2.7777777777777777,2.7777777777777777,8.333333333333334,5.555555555555555,2.7777777777777777,8.333333333333334,5.555555555555555,11.11111111111111,11.11111111111111,11.11111111111111,5.555555555555555,2.7777777777777777,0.0,2.7777777777777777,0.0,5.555555555555555,2.7777777777777777,0.0,8.333333333333334,0
23,-3,-0.11304347826086959,2802.1247,0.21739130434782608,4.0500284194946286,0.0,13.043478260869565,4.3478260869565215,13.043478260869565,4.3478260869565215,8.695652173913043,0.0,4.3478260869565215,0.0,4.3478260869565215,0.0,4.3478260869565215,4.3478260869565215,0.0,4.3478260869565215,8.695652173913043,0.0,8.695652173913043,17.391304347826086,0.0,0
67,0,-0.2791044776119403,7868.149799999999,0.0746268656716418,7.058345603942871,5.970149253731344,5.970149253731344,4.477611940298507,4.477611940298507,1.492537313432836,1.492537313432836,5.970149253731344,8.955223880597014,7.462686567164179,4.477611940298507,8.955223880597014,7.462686567164179,2.985074626865672,7.462686567164179,1.492537313432836,4.477611940298507,4.477611940298507,5.970149253731344,2.985074626865672,2.985074626865672,0
9,3,-1.7333333333333334,1074.2354,0.0,11.00038547515869,11.11111111111111,0.0,0.0,11.11111111111111,0.0,0.0,0.0,11.11111111111111,22.22222222222222,0.0,0.0,0.0,0.0,0.0,22.22222222222222,22.22222222222222,0.0,0.0,0.0,0.0,1
9,5,-2.7666666666666666,1487.7566,0.4444444444444444,11.999967765808105,0.0,0.0,0.0,0.0,0.0,0.0,0.0,0.0,22.22222222222222,0.0,0.0,0.0,0.0,0.0,33.333333333333336,0.0,0.0,0.0,44.44444444444444,0.0,1
20,-1,0.25999999999999995,2206.5225,0.1,5.239668464660644,5.0,10.0,0.0,5.0,10.0,5.0,5.0,0.0,0.0,10.0,5.0,20.0,10.0,0.0,0.0,5.0,0.0,10.0,0.0,0.0,0
17,1,-0.23529411764705882,1873.1392,0.05882352941176471,8.058564186096191,17.647058823529413,11.764705882352942,0.0,5.882352941176471,0.0,0.0,0.0,0.0,5.882352941176471,5.882352941176471,5.882352941176471,0.0,0.0,5.882352941176471,5.882352941176471,17.647058823529413,11.764705882352942,0.0,5.882352941176471,0.0,0
17,5,-0.4352941176470588,1989.4081,0.17647058823529413,10.602486610412598,11.764705882352942,0.0,0.0,0.0,5.882352941176471,11.764705882352942,0.0,5.882352941176471,29.41176470588235,5.882352941176471,0.0,0.0,0.0,5.882352941176471,0.0,0.0,5.882352941176471,5.882352941176471,11.764705882352942,0.0,1
68,1,-0.2882352941176471,8321.756,0.14705882352941177,7.957929039001465,5.882352941176471,4.411764705882353,2.9411764705882355,2.9411764705882355,4.411764705882353,4.411764705882353,8.823529411764707,5.882352941176471,4.411764705882353,4.411764705882353,14.705882352941176,2.9411764705882355,1.4705882352941178,10.294117647058824,2.9411764705882355,2.9411764705882355,2.9411764705882355,2.9411764705882355,2.9411764705882355,7.352941176470588,0
15,1,0.15333333333333327,1646.913,0.06666666666666667,8.23965587615967,13.333333333333334,6.666666666666667,0.0,0.0,0.0,13.333333333333334,13.333333333333334,0.0,6.666666666666667,26.666666666666668,0.0,13.333333333333334,0.0,0.0,0.0,0.0,0.0,0.0,6.666666666666667,0.0,1
11,0,-1.3909090909090909,1335.4522,0.0,6.913576698303221,18.181818181818183,9.090909090909092,9.090909090909092,9.090909090909092,0.0,0.0,18.181818181818183,9.090909090909092,0.0,0.0,0.0,0.0,0.0,9.090909090909092,18.181818181818183,0.0,0.0,0.0,0.0,0.0,0
10,4,-0.9199999999999999,1170.4088,0.0,11.999967765808105,20.0,0.0,0.0,0.0,0.0,0.0,0.0,10.0,20.0,10.0,0.0,0.0,0.0,10.0,20.0,10.0,0.0,0.0,0.0,0.0,1
18,-1,-1.5944444444444443,2063.1871,0.05555555555555555,5.388870811462403,0.0,0.0,11.11111111111111,5.555555555555555,0.0,5.555555555555555,5.555555555555555,5.555555555555555,5.555555555555555,0.0,0.0,11.11111111111111,16.666666666666668,0.0,5.555555555555555,5.555555555555555,11.11111111111111,5.555555555555555,5.555555555555555,0.0,0
19,0,-0.431578947368421,2172.4602,0.052631578947368425,6.7460721969604505,5.2631578947368425,0.0,10.526315789473685,0.0,5.2631578947368425,0.0,5.2631578947368425,15.789473684210526,10.526315789473685,0.0,5.2631578947368425,5.2631578947368425,5.2631578947368425,10.526315789473685,0.0,10.526315789473685,5.2631578947368425,5.2631578947368425,0.0,0.0,0
33,3,0.2545454545454546,3368.9611,0.030303030303030304,9.243170738220215,15.151515151515152,6.0606060606060606,3.0303030303030303,3.0303030303030303,3.0303030303030303,9.090909090909092,0.0,6.0606060606060606,15.151515151515152,15.151515151515152,0.0,0.0,0.0,3.0303030303030303,0.0,9.090909090909092,12.121212121212121,0.0,0.0,0.0,1
18,5,0.7333333333333333,1950.4996999999998,0.05555555555555555,10.602486610412598,33.333333333333336,0.0,0.0,0.0,0.0,0.0,0.0,0.0,27.77777777777778,33.333333333333336,0.0,0.0,0.0,0.0,0.0,0.0,0.0,0.0,5.555555555555555,0.0,1
9,0,0.7222222222222221,1277.49,0.5555555555555556,5.524318122863768,11.11111111111111,0.0,0.0,0.0,22.22222222222222,0.0,0.0,0.0,0.0,11.11111111111111,11.11111111111111,11.11111111111111,0.0,0.0,0.0,0.0,0.0,0.0,22.22222222222222,11.11111111111111,0
11,1,-0.22727272727272732,1333.5403999999999,0.18181818181818182,8.081643867492676,0.0,18.181818181818183,0.0,0.0,9.090909090909092,9.090909090909092,9.090909090909092,9.090909090909092,0.0,0.0,0.0,9.090909090909092,9.090909090909092,0.0,9.090909090909092,0.0,9.090909090909092,0.0,9.090909090909092,0.0,0
18,-1,-0.5777777777777778,1988.2049000000002,0.05555555555555555,5.5607519149780265,0.0,5.555555555555555,0.0,11.11111111111111,5.555555555555555,5.555555555555555,5.555555555555555,11.11111111111111,0.0,0.0,5.555555555555555,5.555555555555555,16.666666666666668,0.0,5.555555555555555,22.22222222222222,0.0,0.0,0.0,0.0,0
12,0,-0.6166666666666667,1325.4289999999999,0.08333333333333334,6.743628120422364,16.666666666666668,0.0,8.333333333333334,0.0,0.0,8.333333333333334,8.333333333333334,8.333333333333334,8.333333333333334,0.0,0.0,8.333333333333334,0.0,8.333333333333334,0.0,8.333333333333334,0.0,8.333333333333334,8.333333333333334,0.0,0
15,3,-1.4200000000000002,1787.0283,0.06666666666666667,9.9971284866333,0.0,0.0,6.666666666666667,0.0,0.0,6.666666666666667,6.666666666666667,0.0,20.0,13.333333333333334,0.0,6.666666666666667,0.0,6.666666666666667,6.666666666666667,6.666666666666667,6.666666666666667,6.666666666666667,0.0,6.666666666666667,1
26,6,-0.15000000000000002,2946.4905,0.11538461538461539,11.38842067718506,11.538461538461538,0.0,0.0,0.0,7.6923076923076925,0.0,3.8461538461538463,3.8461538461538463,19.23076923076923,11.538461538461538,0.0,0.0,3.8461538461538463,0.0,3.8461538461538463,15.384615384615385,11.538461538461538,3.8461538461538463,3.8461538461538463,0.0,1
15,2,1.66,1656.15,0.06666666666666667,8.900650215148929,6.666666666666667,13.333333333333334,0.0,0.0,0.0,6.666666666666667,0.0,13.333333333333334,13.333333333333334,20.0,0.0,0.0,6.666666666666667,0.0,0.0,0.0,0.0,13.333333333333334,6.666666666666667,0.0,1
25,-2,-0.852,3015.2491,0.24,4.833269691467284,4.0,8.0,4.0,12.0,12.0,8.0,4.0,0.0,4.0,0.0,0.0,4.0,4.0,4.0,4.0,4.0,8.0,4.0,4.0,8.0,0
13,-3,-0.8923076923076922,1464.513,0.07692307692307693,4.265561866760254,7.6923076923076925,0.0,15.384615384615385,7.6923076923076925,7.6923076923076925,7.6923076923076925,7.6923076923076925,7.6923076923076925,0.0,0.0,7.6923076923076925,7.6923076923076925,0.0,7.6923076923076925,0.0,7.6923076923076925,7.6923076923076925,0.0,0.0,0.0,0
19,0,1.0315789473684212,2387.9229,0.2631578947368421,5.965331840515137,0.0,5.2631578947368425,0.0,5.2631578947368425,10.526315789473685,5.2631578947368425,0.0,10.526315789473685,5.2631578947368425,5.2631578947368425,10.526315789473685,0.0,5.2631578947368425,0.0,0.0,0.0,10.526315789473685,10.526315789473685,15.789473684210526,0.0,0
11,2,0.8454545454545453,1295.5701,0.2727272727272727,10.002737236022949,9.090909090909092,0.0,0.0,0.0,18.181818181818183,9.090909090909092,0.0,0.0,18.181818181818183,18.181818181818183,0.0,0.0,0.0,0.0,0.0,9.090909090909092,0.0,9.090909090909092,9.090909090909092,0.0,1
19,5,-0.6157894736842104,2124.4455,0.10526315789473685,11.068915367126461,5.2631578947368425,0.0,0.0,0.0,0.0,10.526315789473685,0.0,0.0,10.526315789473685,10.526315789473685,0.0,0.0,5.2631578947368425,0.0,15.789473684210526,21.05263157894737,0.0,10.526315789473685,0.0,10.526315789473685,1
10,3,0.41,1199.5277,0.1,10.302321815490721,10.0,0.0,0.0,0.0,0.0,0.0,0.0,0.0,30.0,30.0,0.0,0.0,0.0,0.0,0.0,0.0,10.0,10.0,10.0,0.0,1
13,3,1.330769230769231,1399.8056,0.07692307692307693,10.302063941955566,30.76923076923077,0.0,0.0,0.0,7.6923076923076925,0.0,0.0,0.0,23.076923076923077,38.46153846153846,0.0,0.0,0.0,0.0,0.0,0.0,0.0,0.0,0.0,0.0,1
18,3,-1.5,2142.4242,0.1111111111111111,11.711342811584473,0.0,0.0,0.0,0.0,5.555555555555555,5.555555555555555,5.555555555555555,5.555555555555555,0.0,0.0,0.0,11.11111111111111,33.333333333333336,5.555555555555555,16.666666666666668,0.0,0.0,5.555555555555555,0.0,5.555555555555555,1
15,3,0.86,1770.13,0.06666666666666667,11.999967765808105,6.666666666666667,0.0,0.0,0.0,6.666666666666667,0.0,0.0,13.333333333333334,0.0,6.666666666666667,0.0,6.666666666666667,0.0,6.666666666666667,20.0,6.666666666666667,0.0,26.666666666666668,0.0,0.0,1
12,4,-1.6583333333333332,1515.7866999999999,0.08333333333333334,10.098537254333493,0.0,16.666666666666668,0.0,0.0,0.0,8.333333333333334,0.0,0.0,8.333333333333334,0.0,8.333333333333334,8.333333333333334,0.0,8.333333333333334,25.0,0.0,8.333333333333334,0.0,0.0,8.333333333333334,1
20,7,-0.425,2413.9424,0.2,10.778420829772951,5.0,0.0,0.0,0.0,20.0,0.0,5.0,5.0,35.0,10.0,0.0,0.0,0.0,0.0,0.0,15.0,5.0,0.0,0.0,0.0,1
32,5,-2.296875,4062.353,0.15625,9.992422294616702,3.125,0.0,6.25,3.125,3.125,6.25,21.875,0.0,12.5,3.125,0.0,6.25,0.0,0.0,12.5,9.375,0.0,0.0,0.0,12.5,1
44,3,-0.41818181818181815,4802.373299999999,0.11363636363636365,8.650319480895995,6.818181818181818,13.636363636363637,0.0,4.545454545454546,2.272727272727273,13.636363636363637,2.272727272727273,2.272727272727273,6.818181818181818,2.272727272727273,0.0,13.636363636363637,0.0,0.0,4.545454545454546,6.818181818181818,4.545454545454546,6.818181818181818,4.545454545454546,4.545454545454546,1
15,2,-1.8333333333333333,2016.1766000000002,0.3333333333333333,9.302932929992675,6.666666666666667,0.0,6.666666666666667,0.0,6.666666666666667,0.0,20.0,0.0,13.333333333333334,0.0,0.0,0.0,0.0,0.0,6.666666666666667,6.666666666666667,6.666666666666667,0.0,0.0,26.666666666666668,0
40,-3,-0.93,4615.0016,0.05,5.227448081970214,10.0,0.0,17.5,0.0,0.0,2.5,7.5,7.5,5.0,2.5,5.0,7.5,2.5,7.5,5.0,7.5,0.0,7.5,5.0,0.0,0
29,7,0.596551724137931,3179.0221,0.06896551724137931,10.778420829772951,6.896551724137931,0.0,0.0,0.0,3.4482758620689653,10.344827586206897,0.0,6.896551724137931,24.137931034482758,24.137931034482758,0.0,0.0,3.4482758620689653,0.0,0.0,0.0,10.344827586206897,6.896551724137931,3.4482758620689653,0.0,1
26,1,-0.5,3114.5755999999997,0.07692307692307693,8.504363059997559,0.0,0.0,11.538461538461538,0.0,7.6923076923076925,0.0,3.8461538461538463,11.538461538461538,11.538461538461538,3.8461538461538463,3.8461538461538463,11.538461538461538,3.8461538461538463,7.6923076923076925,3.8461538461538463,0.0,7.6923076923076925,11.538461538461538,0.0,0.0,0
20,-1,-0.15000000000000008,2439.7625,0.3,5.210510063171386,5.0,0.0,0.0,5.0,15.0,0.0,5.0,0.0,0.0,5.0,0.0,0.0,30.0,0.0,0.0,5.0,10.0,5.0,15.0,0.0,0
13,1,1.7461538461538462,1413.7011,0.23076923076923075,8.750052070617677,15.384615384615385,0.0,0.0,0.0,23.076923076923077,7.6923076923076925,0.0,15.384615384615385,7.6923076923076925,15.384615384615385,0.0,0.0,0.0,0.0,0.0,15.384615384615385,0.0,0.0,0.0,0.0,1
10,0,-0.38,1245.3424,0.2,6.740160942077638,0.0,0.0,0.0,0.0,0.0,0.0,10.0,10.0,0.0,0.0,0.0,30.0,0.0,0.0,0.0,10.0,0.0,20.0,10.0,10.0,0
44,2,-0.4113636363636364,4817.3847,0.11363636363636365,8.318629646301272,6.818181818181818,13.636363636363637,2.272727272727273,4.545454545454546,2.272727272727273,13.636363636363637,2.272727272727273,4.545454545454546,6.818181818181818,2.272727272727273,0.0,11.363636363636363,0.0,0.0,4.545454545454546,6.818181818181818,4.545454545454546,4.545454545454546,4.545454545454546,4.545454545454546,1
19,2,0.431578947368421,2058.4518,0.052631578947368425,9.314859580993652,15.789473684210526,5.2631578947368425,0.0,0.0,0.0,10.526315789473685,10.526315789473685,0.0,10.526315789473685,26.31578947368421,0.0,10.526315789473685,0.0,0.0,0.0,0.0,0.0,5.2631578947368425,5.2631578947368425,0.0,1
8,0,-1.0375,1040.1327,0.125,6.744537544250489,0.0,0.0,12.5,0.0,0.0,0.0,12.5,0.0,0.0,12.5,0.0,12.5,0.0,0.0,12.5,0.0,12.5,12.5,12.5,0.0,0
7,4,-2.957142857142857,1201.3878,0.42857142857142855,11.999967765808105,0.0,0.0,0.0,0.0,0.0,0.0,0.0,0.0,0.0,0.0,0.0,0.0,0.0,0.0,57.142857142857146,0.0,0.0,0.0,42.857142857142854,0.0,1
25,6,-0.8,2976.5512,0.08,10.948617362976073,8.0,8.0,0.0,4.0,4.0,4.0,0.0,4.0,12.0,0.0,4.0,0.0,8.0,8.0,16.0,4.0,4.0,8.0,4.0,0.0,1
12,5,0.22500000000000006,1464.8077999999998,0.0,11.999967765808105,16.666666666666668,0.0,0.0,0.0,0.0,0.0,0.0,16.666666666666668,0.0,0.0,0.0,0.0,0.0,0.0,41.666666666666664,0.0,0.0,25.0,0.0,0.0,1
16,5,1.04375,1825.3345,0.0625,11.999967765808105,18.75,0.0,0.0,0.0,6.25,0.0,0.0,12.5,18.75,12.5,0.0,0.0,0.0,0.0,12.5,0.0,0.0,18.75,0.0,0.0,1
39,4,-0.5282051282051282,4713.5418,0.10256410256410257,9.500399589538574,7.6923076923076925,7.6923076923076925,2.5641025641025643,0.0,0.0,0.0,5.128205128205129,2.5641025641025643,5.128205128205129,2.5641025641025643,12.820512820512821,7.6923076923076925,5.128205128205129,5.128205128205129,7.6923076923076925,7.6923076923076925,5.128205128205129,5.128205128205129,7.6923076923076925,2.5641025641025643,0
38,0,-0.9605263157894737,4961.6256,0.2631578947368421,6.771649742126464,0.0,0.0,13.157894736842104,7.894736842105263,13.157894736842104,2.6315789473684212,2.6315789473684212,5.2631578947368425,15.789473684210526,5.2631578947368425,5.2631578947368425,0.0,0.0,2.6315789473684212,5.2631578947368425,2.6315789473684212,2.6315789473684212,2.6315789473684212,2.6315789473684212,10.526315789473685,0
25,0,-0.32800000000000007,3087.5532,0.2,7.11086483001709,0.0,0.0,4.0,4.0,8.0,8.0,12.0,4.0,4.0,4.0,12.0,4.0,4.0,0.0,4.0,0.0,8.0,8.0,0.0,12.0,0
12,-2,-0.9333333333333332,1410.5518,0.0,4.536456489562989,0.0,8.333333333333334,16.666666666666668,8.333333333333334,0.0,0.0,8.333333333333334,8.333333333333334,8.333333333333334,8.333333333333334,0.0,8.333333333333334,8.333333333333334,8.333333333333334,0.0,0.0,0.0,8.333333333333334,0.0,0.0,0
28,0,-1.2321428571428572,2362.2775999999994,0.03571428571428572,7.282973289489747,0.0,0.0,0.0,0.0,0.0,67.85714285714286,28.571428571428573,0.0,0.0,0.0,0.0,0.0,0.0,0.0,0.0,0.0,0.0,0.0,0.0,3.5714285714285716,1
25,2,0.007999999999999976,2908.4638,0.08,9.30254611968994,4.0,4.0,0.0,4.0,8.0,4.0,4.0,8.0,8.0,8.0,8.0,4.0,4.0,8.0,4.0,0.0,16.0,4.0,0.0,0.0,0
25,0,-0.74,3030.3963,0.12,6.512861824035644,8.0,0.0,12.0,4.0,4.0,4.0,4.0,8.0,4.0,0.0,8.0,0.0,0.0,8.0,12.0,4.0,4.0,8.0,0.0,8.0,0
8,-1,-0.65,948.1185,0.0,4.370429801940918,0.0,0.0,12.5,12.5,0.0,12.5,0.0,12.5,0.0,0.0,25.0,0.0,12.5,0.0,12.5,0.0,0.0,0.0,0.0,0.0,0
19,1,-0.5105263157894737,2375.6606,0.26315789473684215,8.20651912689209,0.0,5.2631578947368425,5.2631578947368425,5.2631578947368425,21.05263157894737,5.2631578947368425,5.2631578947368425,10.526315789473685,10.526315789473685,0.0,0.0,10.526315789473685,0.0,0.0,5.2631578947368425,10.526315789473685,0.0,0.0,5.2631578947368425,0.0,0
40,11,-0.8125,4443.1993999999995,0.05,11.894497489929197,15.0,2.5,0.0,5.0,5.0,12.5,0.0,5.0,15.0,7.5,0.0,5.0,0.0,2.5,17.5,5.0,0.0,2.5,0.0,0.0,1
31,1,0.39677419354838706,3382.9307,0.0967741935483871,8.365046882629397,19.35483870967742,0.0,3.225806451612903,0.0,3.225806451612903,6.451612903225806,3.225806451612903,6.451612903225806,3.225806451612903,9.67741935483871,9.67741935483871,6.451612903225806,0.0,3.225806451612903,3.225806451612903,6.451612903225806,6.451612903225806,3.225806451612903,3.225806451612903,3.225806451612903,0
12,4,0.43333333333333335,1419.7639,0.0,11.999967765808105,16.666666666666668,0.0,0.0,0.0,0.0,0.0,0.0,16.666666666666668,0.0,8.333333333333334,0.0,0.0,8.333333333333334,0.0,33.333333333333336,0.0,0.0,16.666666666666668,0.0,0.0,1
39,10,-1.3076923076923077,4720.627399999999,0.15384615384615385,11.999967765808105,0.0,0.0,0.0,0.0,12.820512820512821,2.5641025641025643,0.0,2.5641025641025643,0.0,5.128205128205129,0.0,0.0,48.717948717948715,0.0,25.641025641025642,0.0,0.0,0.0,0.0,2.5641025641025643,1
16,-3,0.325,1853.1028000000001,0.125,4.3108625411987305,12.5,12.5,12.5,6.25,0.0,0.0,6.25,6.25,0.0,0.0,6.25,0.0,6.25,0.0,0.0,0.0,6.25,12.5,6.25,6.25,0
11,-1,1.2,1232.3801,0.2727272727272727,4.0500284194946286,9.090909090909092,0.0,9.090909090909092,0.0,18.181818181818183,9.090909090909092,0.0,9.090909090909092,0.0,9.090909090909092,0.0,0.0,0.0,0.0,0.0,9.090909090909092,9.090909090909092,9.090909090909092,0.0,9.090909090909092,0
17,6,-0.2529411764705882,1836.2298,0.17647058823529413,10.699318122863769,47.05882352941177,0.0,0.0,0.0,11.764705882352942,0.0,0.0,0.0,35.294117647058826,0.0,0.0,0.0,0.0,0.0,0.0,0.0,0.0,0.0,5.882352941176471,0.0,1
12,3,-2.5500000000000003,1491.6163,0.08333333333333334,10.278146171569823,8.333333333333334,0.0,8.333333333333334,0.0,0.0,8.333333333333334,25.0,0.0,16.666666666666668,0.0,0.0,0.0,0.0,0.0,16.666666666666668,8.333333333333334,0.0,0.0,0.0,8.333333333333334,1
15,8,-0.84,1939.4388,0.2,11.999967765808105,0.0,0.0,0.0,0.0,20.0,0.0,0.0,0.0,40.0,6.666666666666667,0.0,0.0,0.0,0.0,13.333333333333334,6.666666666666667,0.0,13.333333333333334,0.0,0.0,1
35,4,-0.8,4017.6336,0.17142857142857143,9.779354286193847,8.571428571428571,0.0,2.857142857142857,8.571428571428571,5.714285714285714,17.142857142857142,0.0,5.714285714285714,22.857142857142858,5.714285714285714,0.0,5.714285714285714,2.857142857142857,0.0,0.0,0.0,0.0,2.857142857142857,11.428571428571429,0.0,1
23,1,-0.9521739130434783,2736.0469,0.13043478260869565,8.286266517639163,4.3478260869565215,0.0,0.0,4.3478260869565215,0.0,4.3478260869565215,4.3478260869565215,4.3478260869565215,4.3478260869565215,13.043478260869565,0.0,13.043478260869565,13.043478260869565,4.3478260869565215,4.3478260869565215,4.3478260869565215,8.695652173913043,0.0,8.695652173913043,4.3478260869565215,0
16,-2,-1.09375,1881.0701,0.125,4.437556648254395,12.5,6.25,18.75,12.5,12.5,0.0,0.0,0.0,12.5,6.25,0.0,0.0,12.5,0.0,6.25,0.0,0.0,0.0,0.0,0.0,0
37,-3,-0.5216216216216216,4388.835,0.16216216216216214,5.622479057312011,2.7027027027027026,8.108108108108109,2.7027027027027026,8.108108108108109,10.81081081081081,8.108108108108109,10.81081081081081,5.405405405405405,0.0,0.0,5.405405405405405,5.405405405405405,2.7027027027027026,8.108108108108109,2.7027027027027026,5.405405405405405,5.405405405405405,2.7027027027027026,2.7027027027027026,2.7027027027027026,0
13,-3,-0.13076923076923083,1587.7298999999998,0.23076923076923075,4.0500284194946286,0.0,15.384615384615385,15.384615384615385,7.6923076923076925,23.076923076923077,0.0,7.6923076923076925,7.6923076923076925,0.0,0.0,0.0,0.0,7.6923076923076925,7.6923076923076925,0.0,7.6923076923076925,0.0,0.0,0.0,0.0,0
8,-1,1.3375,860.0299,0.0,4.0500284194946286,0.0,12.5,12.5,0.0,0.0,12.5,0.0,0.0,0.0,37.5,0.0,0.0,0.0,12.5,0.0,0.0,0.0,12.5,0.0,0.0,0
12,-1,0.10833333333333332,1272.3828999999998,0.16666666666666669,4.598865699768066,16.666666666666668,8.333333333333334,0.0,8.333333333333334,8.333333333333334,8.333333333333334,0.0,0.0,0.0,0.0,0.0,0.0,8.333333333333334,8.333333333333334,0.0,8.333333333333334,8.333333333333334,8.333333333333334,0.0,8.333333333333334,0
20,2,-1.0150000000000001,2524.9348,0.25,9.045897483825684,0.0,5.0,0.0,5.0,5.0,5.0,0.0,0.0,10.0,0.0,10.0,5.0,15.0,5.0,5.0,5.0,0.0,5.0,5.0,15.0,0
13,-2,0.3153846153846154,1510.6426,0.15384615384615385,4.507127571105957,7.6923076923076925,0.0,0.0,15.384615384615385,0.0,0.0,7.6923076923076925,15.384615384615385,0.0,0.0,0.0,0.0,0.0,0.0,0.0,15.384615384615385,7.6923076923076925,15.384615384615385,0.0,15.384615384615385,0
13,1,1.8076923076923077,1397.7465,0.07692307692307693,9.750021171569824,0.0,0.0,0.0,0.0,7.6923076923076925,15.384615384615385,0.0,15.384615384615385,0.0,30.76923076923077,0.0,0.0,7.6923076923076925,0.0,7.6923076923076925,7.6923076923076925,0.0,7.6923076923076925,0.0,0.0,1
22,4,-1.0863636363636364,2659.019,0.13636363636363635,10.295681571960447,9.090909090909092,4.545454545454546,0.0,0.0,0.0,9.090909090909092,9.090909090909092,9.090909090909092,4.545454545454546,0.0,4.545454545454546,13.636363636363637,4.545454545454546,0.0,13.636363636363637,0.0,4.545454545454546,0.0,4.545454545454546,9.090909090909092,0
33,4,0.2606060606060606,3504.2121,0.0,9.511359214782715,9.090909090909092,6.0606060606060606,9.090909090909092,0.0,0.0,6.0606060606060606,0.0,15.151515151515152,18.181818181818183,12.121212121212121,0.0,0.0,0.0,0.0,3.0303030303030303,9.090909090909092,9.090909090909092,3.0303030303030303,0.0,0.0,1
44,2,-0.41818181818181815,4803.3580999999995,0.11363636363636365,8.318629646301272,6.818181818181818,13.636363636363637,2.272727272727273,4.545454545454546,2.272727272727273,13.636363636363637,2.272727272727273,2.272727272727273,6.818181818181818,2.272727272727273,0.0,11.363636363636363,0.0,0.0,4.545454545454546,6.818181818181818,4.545454545454546,6.818181818181818,4.545454545454546,4.545454545454546,1
13,0,0.8,1446.7296,0.07692307692307693,6.069006156921386,7.6923076923076925,0.0,7.6923076923076925,7.6923076923076925,7.6923076923076925,7.6923076923076925,0.0,30.76923076923077,15.384615384615385,7.6923076923076925,0.0,0.0,0.0,0.0,0.0,7.6923076923076925,0.0,0.0,0.0,0.0,1
26,0,-0.3576923076923077,3206.6789999999996,0.23076923076923075,6.915054512023925,7.6923076923076925,3.8461538461538463,0.0,7.6923076923076925,11.538461538461538,7.6923076923076925,7.6923076923076925,3.8461538461538463,3.8461538461538463,0.0,7.6923076923076925,0.0,7.6923076923076925,7.6923076923076925,3.8461538461538463,3.8461538461538463,0.0,3.8461538461538463,11.538461538461538,0.0,0
6,0,1.0833333333333333,683.8611999999999,0.0,5.270532035827636,0.0,33.333333333333336,0.0,0.0,0.0,0.0,0.0,0.0,0.0,16.666666666666668,16.666666666666668,16.666666666666668,0.0,0.0,0.0,0.0,16.666666666666668,0.0,0.0,0.0,0
44,-4,-0.7113636363636364,4971.3096,0.13636363636363635,5.0116304397583,9.090909090909092,4.545454545454546,4.545454545454546,11.363636363636363,6.818181818181818,9.090909090909092,6.818181818181818,0.0,2.272727272727273,2.272727272727273,2.272727272727273,4.545454545454546,2.272727272727273,0.0,4.545454545454546,11.363636363636363,6.818181818181818,4.545454545454546,6.818181818181818,0.0,0
24,-3,0.9833333333333334,2720.2113,0.04166666666666667,4.130341911315917,4.166666666666667,8.333333333333334,4.166666666666667,8.333333333333334,0.0,0.0,4.166666666666667,4.166666666666667,0.0,12.5,8.333333333333334,4.166666666666667,0.0,4.166666666666667,0.0,8.333333333333334,4.166666666666667,20.833333333333332,4.166666666666667,0.0,0
13,0,1.9153846153846152,1440.7694999999999,0.15384615384615385,6.741127204895021,7.6923076923076925,0.0,0.0,0.0,15.384615384615385,7.6923076923076925,7.6923076923076925,7.6923076923076925,0.0,38.46153846153846,0.0,0.0,7.6923076923076925,0.0,0.0,7.6923076923076925,0.0,0.0,0.0,0.0,1
17,-1,-0.5764705882352942,1828.9804,0.05882352941176471,6.2606103897094725,17.647058823529413,0.0,5.882352941176471,5.882352941176471,0.0,11.764705882352942,17.647058823529413,5.882352941176471,5.882352941176471,5.882352941176471,0.0,5.882352941176471,5.882352941176471,0.0,0.0,0.0,0.0,5.882352941176471,0.0,5.882352941176471,0
16,3,1.3875,1731.2813,0.0,9.390158653259277,12.5,12.5,0.0,0.0,0.0,0.0,0.0,18.75,18.75,6.25,6.25,0.0,6.25,0.0,0.0,0.0,6.25,12.5,0.0,0.0,1
20,2,-0.345,2452.8475,0.2,9.120487403869632,5.0,5.0,0.0,5.0,5.0,5.0,0.0,5.0,10.0,0.0,5.0,0.0,0.0,10.0,5.0,0.0,15.0,10.0,5.0,10.0,0
25,2,0.592,2888.3462,0.2,9.301256752014158,8.0,4.0,0.0,0.0,4.0,12.0,0.0,16.0,0.0,8.0,0.0,4.0,0.0,4.0,8.0,8.0,4.0,4.0,8.0,8.0,0
44,2,-0.36818181818181817,4528.9568,0.11363636363636363,8.492178535461427,13.636363636363637,9.090909090909092,2.272727272727273,0.0,0.0,20.454545454545453,4.545454545454546,4.545454545454546,6.818181818181818,0.0,0.0,13.636363636363637,0.0,0.0,0.0,2.272727272727273,6.818181818181818,4.545454545454546,6.818181818181818,4.545454545454546,1
37,7,-0.18648648648648647,4060.8356999999996,0.05405405405405405,11.16600475311279,10.81081081081081,0.0,2.7027027027027026,2.7027027027027026,2.7027027027027026,13.513513513513514,0.0,13.513513513513514,16.216216216216218,5.405405405405405,0.0,2.7027027027027026,2.7027027027027026,5.405405405405405,8.108108108108109,0.0,2.7027027027027026,8.108108108108109,2.7027027027027026,0.0,1
24,0,0.2625,2689.1643,0.04166666666666667,6.738739967346191,12.5,4.166666666666667,8.333333333333334,0.0,0.0,4.166666666666667,4.166666666666667,4.166666666666667,0.0,8.333333333333334,12.5,4.166666666666667,4.166666666666667,0.0,8.333333333333334,4.166666666666667,8.333333333333334,8.333333333333334,4.166666666666667,0.0,0
23,1,0.004347826086956506,2640.1283,0.13043478260869565,8.021365928649903,4.3478260869565215,8.695652173913043,4.3478260869565215,4.3478260869565215,4.3478260869565215,8.695652173913043,0.0,0.0,8.695652173913043,8.695652173913043,8.695652173913043,0.0,4.3478260869565215,4.3478260869565215,4.3478260869565215,4.3478260869565215,4.3478260869565215,8.695652173913043,0.0,8.695652173913043,0
17,3,1.2823529411764707,1788.3326000000002,0.0,9.390158653259277,11.764705882352942,11.764705882352942,0.0,0.0,0.0,5.882352941176471,0.0,17.647058823529413,17.647058823529413,5.882352941176471,5.882352941176471,0.0,5.882352941176471,0.0,0.0,0.0,5.882352941176471,11.764705882352942,0.0,0.0,1
25,0,0.544,2913.48,0.12,6.705659675598144,4.0,4.0,4.0,0.0,4.0,0.0,4.0,8.0,4.0,8.0,8.0,4.0,12.0,4.0,0.0,8.0,4.0,12.0,8.0,0.0,0
9,0,-2.211111111111111,1477.6242,0.5555555555555556,6.0697450637817365,0.0,0.0,11.11111111111111,11.11111111111111,0.0,0.0,0.0,0.0,11.11111111111111,0.0,0.0,0.0,0.0,0.0,11.11111111111111,0.0,0.0,0.0,55.55555555555556,0.0,1
16,-3,-0.30625,1945.1748000000002,0.1875,4.0500284194946286,6.25,0.0,12.5,6.25,0.0,6.25,0.0,6.25,0.0,6.25,12.5,6.25,6.25,6.25,0.0,0.0,0.0,6.25,6.25,12.5,0
21,0,-1.4428571428571428,2515.7412999999997,0.09523809523809523,6.903857231140138,0.0,9.523809523809524,9.523809523809524,4.761904761904762,0.0,9.523809523809524,9.523809523809524,0.0,4.761904761904762,9.523809523809524,0.0,4.761904761904762,4.761904761904762,4.761904761904762,9.523809523809524,4.761904761904762,4.761904761904762,0.0,4.761904761904762,4.761904761904762,0
26,4,0.9230769230769229,2999.6850999999997,0.15384615384615385,10.477804756164549,23.076923076923077,0.0,0.0,0.0,15.384615384615385,0.0,15.384615384615385,0.0,15.384615384615385,30.76923076923077,0.0,0.0,0.0,0.0,0.0,0.0,0.0,0.0,0.0,0.0,1
33,3,0.3454545454545454,3434.976,0.06060606060606061,9.302868461608885,12.121212121212121,6.0606060606060606,3.0303030303030303,0.0,6.0606060606060606,3.0303030303030303,0.0,3.0303030303030303,12.121212121212121,15.151515151515152,0.0,3.0303030303030303,0.0,3.0303030303030303,0.0,18.181818181818183,12.121212121212121,3.0303030303030303,0.0,0.0,1
6,0,2.9666666666666663,867.0418999999999,0.8333333333333333,5.525000190734862,0.0,0.0,0.0,0.0,83.33333333333333,0.0,0.0,0.0,0.0,16.666666666666668,0.0,0.0,0.0,0.0,0.0,0.0,0.0,0.0,0.0,0.0,1
14,2,-0.4571428571428572,1556.7839,0.14285714285714288,9.199138832092284,7.142857142857143,7.142857142857143,0.0,0.0,0.0,14.285714285714286,0.0,0.0,7.142857142857143,14.285714285714286,0.0,7.142857142857143,7.142857142857143,0.0,7.142857142857143,0.0,14.285714285714286,0.0,0.0,14.285714285714286,1
12,3,1.2583333333333333,1322.6453,0.0,11.999967765808105,16.666666666666668,0.0,0.0,0.0,0.0,8.333333333333334,0.0,16.666666666666668,0.0,8.333333333333334,0.0,0.0,0.0,0.0,25.0,0.0,0.0,25.0,0.0,0.0,1
21,4,0.26666666666666666,2332.848,0.09523809523809523,10.477740287780762,4.761904761904762,0.0,0.0,0.0,4.761904761904762,14.285714285714286,0.0,14.285714285714286,19.047619047619047,9.523809523809524,4.761904761904762,4.761904761904762,0.0,4.761904761904762,0.0,4.761904761904762,4.761904761904762,4.761904761904762,4.761904761904762,0.0,1
17,1,1.052941176470588,1797.1455,0.05882352941176471,8.598357963562016,5.882352941176471,0.0,5.882352941176471,0.0,5.882352941176471,11.764705882352942,5.882352941176471,23.529411764705884,11.764705882352942,5.882352941176471,0.0,0.0,0.0,0.0,0.0,11.764705882352942,0.0,11.764705882352942,0.0,0.0,1
20,1,1.1099999999999999,2139.5792,0.1,8.045283699035647,15.0,10.0,0.0,0.0,5.0,5.0,0.0,10.0,5.0,15.0,0.0,5.0,5.0,5.0,0.0,0.0,10.0,5.0,0.0,5.0,1
17,2,1.2176470588235293,1905.3975999999998,0.05882352941176471,8.957188987731932,0.0,11.764705882352942,0.0,0.0,5.882352941176471,11.764705882352942,5.882352941176471,17.647058823529413,5.882352941176471,17.647058823529413,5.882352941176471,0.0,0.0,0.0,5.882352941176471,5.882352941176471,5.882352941176471,0.0,0.0,0.0,1
46,-2,-0.35434782608695653,5427.0296,0.17391304347826086,5.358234596252441,10.869565217391305,4.3478260869565215,2.1739130434782608,6.521739130434782,0.0,6.521739130434782,4.3478260869565215,2.1739130434782608,2.1739130434782608,10.869565217391305,2.1739130434782608,6.521739130434782,2.1739130434782608,6.521739130434782,2.1739130434782608,6.521739130434782,2.1739130434782608,4.3478260869565215,10.869565217391305,6.521739130434782,0
14,4,-2.2642857142857142,1766.9624,0.14285714285714288,10.446859931945799,7.142857142857143,0.0,7.142857142857143,0.0,7.142857142857143,7.142857142857143,21.428571428571427,0.0,21.428571428571427,0.0,0.0,0.0,0.0,0.0,14.285714285714286,7.142857142857143,0.0,0.0,0.0,7.142857142857143,1
16,4,-0.13125000000000003,1847.2175000000002,0.0625,11.999967765808105,6.25,0.0,0.0,0.0,6.25,12.5,6.25,0.0,6.25,18.75,0.0,0.0,6.25,6.25,18.75,0.0,0.0,12.5,0.0,0.0,1
24,2,0.22499999999999995,2846.4172,0.16666666666666669,8.90400257110596,0.0,8.333333333333334,0.0,0.0,12.5,8.333333333333334,4.166666666666667,8.333333333333334,4.166666666666667,4.166666666666667,8.333333333333334,0.0,8.333333333333334,12.5,4.166666666666667,0.0,8.333333333333334,4.166666666666667,0.0,4.166666666666667,0
60,6,-0.615,7134.447199999999,0.13333333333333333,9.003799629211429,1.6666666666666667,13.333333333333334,5.0,6.666666666666667,6.666666666666667,3.3333333333333335,0.0,3.3333333333333335,13.333333333333334,3.3333333333333335,1.6666666666666667,1.6666666666666667,13.333333333333334,1.6666666666666667,8.333333333333334,3.3333333333333335,0.0,6.666666666666667,1.6666666666666667,5.0,1
44,2,-0.5795454545454546,4523.8508999999995,0.11363636363636363,8.789248847961428,13.636363636363637,4.545454545454546,2.272727272727273,0.0,0.0,20.454545454545453,4.545454545454546,4.545454545454546,6.818181818181818,0.0,0.0,15.909090909090908,0.0,0.0,0.0,4.545454545454546,6.818181818181818,4.545454545454546,6.818181818181818,4.545454545454546,1
11,-2,-1.1909090909090911,1165.1934999999999,0.0,5.155660438537596,0.0,9.090909090909092,9.090909090909092,9.090909090909092,0.0,18.181818181818183,18.181818181818183,9.090909090909092,0.0,0.0,0.0,9.090909090909092,9.090909090909092,0.0,0.0,9.090909090909092,0.0,0.0,0.0,0.0,0
16,6,-0.10625,2077.6076,0.0625,11.744350624084472,0.0,0.0,0.0,0.0,0.0,0.0,6.25,43.75,18.75,0.0,0.0,6.25,0.0,0.0,18.75,0.0,0.0,0.0,0.0,6.25,1
21,-1,-0.9666666666666667,2567.8388999999997,0.09523809523809523,6.267715263366699,9.523809523809524,4.761904761904762,14.285714285714286,0.0,0.0,0.0,14.285714285714286,4.761904761904762,4.761904761904762,0.0,9.523809523809524,4.761904761904762,0.0,4.761904761904762,4.761904761904762,9.523809523809524,0.0,4.761904761904762,9.523809523809524,0.0,0
16,0,0.5125,1812.1651000000002,0.0625,6.726519584655762,0.0,12.5,6.25,0.0,6.25,12.5,6.25,18.75,0.0,0.0,12.5,6.25,0.0,0.0,6.25,0.0,12.5,0.0,0.0,0.0,0
20,8,-1.03,2467.9932,0.2,10.845339012145995,5.0,0.0,0.0,0.0,15.0,0.0,5.0,0.0,40.0,10.0,0.0,0.0,0.0,0.0,0.0,15.0,5.0,0.0,5.0,0.0,1
24,1,0.37499999999999994,2749.1843,0.125,8.795953559875489,0.0,0.0,0.0,0.0,8.333333333333334,20.833333333333332,29.166666666666668,8.333333333333334,4.166666666666667,16.666666666666668,0.0,0.0,0.0,0.0,0.0,0.0,0.0,8.333333333333334,4.166666666666667,0.0,1
14,-1,-0.19999999999999998,1554.7202,0.07142857142857144,4.207813453674317,14.285714285714286,7.142857142857143,14.285714285714286,0.0,7.142857142857143,0.0,0.0,7.142857142857143,7.142857142857143,7.142857142857143,0.0,0.0,0.0,14.285714285714286,0.0,0.0,21.428571428571427,0.0,0.0,0.0,0
19,0,-0.9368421052631579,2387.7608999999998,0.10526315789473685,7.118140220642091,0.0,0.0,0.0,15.789473684210526,10.526315789473685,5.2631578947368425,15.789473684210526,0.0,10.526315789473685,5.2631578947368425,15.789473684210526,5.2631578947368425,0.0,0.0,5.2631578947368425,5.2631578947368425,0.0,5.2631578947368425,0.0,0.0,0
19,6,0.7578947368421053,1991.5931,0.0,10.699253654479982,31.57894736842105,0.0,0.0,0.0,0.0,0.0,0.0,0.0,31.57894736842105,31.57894736842105,0.0,0.0,0.0,0.0,0.0,0.0,0.0,5.2631578947368425,0.0,0.0,1
10,-1,-0.44000000000000006,1262.4576,0.1,4.370145606994629,0.0,10.0,10.0,10.0,0.0,0.0,0.0,10.0,0.0,0.0,10.0,10.0,10.0,0.0,10.0,0.0,0.0,10.0,10.0,0.0,0
13,1,1.5230769230769232,1436.7826,0.07692307692307693,9.750021171569824,0.0,0.0,0.0,0.0,0.0,15.384615384615385,0.0,15.384615384615385,0.0,30.76923076923077,0.0,0.0,7.6923076923076925,0.0,7.6923076923076925,7.6923076923076925,0.0,7.6923076923076925,7.6923076923076925,0.0,1
20,8,-0.9949999999999999,2467.9932,0.2,10.845339012145995,5.0,0.0,0.0,0.0,15.0,0.0,5.0,5.0,40.0,5.0,0.0,0.0,0.0,0.0,0.0,15.0,5.0,0.0,5.0,0.0,1
19,6,-0.3368421052631579,2371.9056,0.2105263157894737,10.676173973083493,5.2631578947368425,0.0,0.0,5.2631578947368425,21.05263157894737,0.0,0.0,5.2631578947368425,31.57894736842105,10.526315789473685,0.0,5.2631578947368425,0.0,0.0,5.2631578947368425,5.2631578947368425,0.0,5.2631578947368425,0.0,0.0,1
9,0,-0.20000000000000007,1028.208,0.1111111111111111,6.731919288635253,0.0,11.11111111111111,0.0,0.0,0.0,22.22222222222222,11.11111111111111,0.0,0.0,11.11111111111111,11.11111111111111,0.0,11.11111111111111,11.11111111111111,0.0,0.0,0.0,0.0,11.11111111111111,0.0,0
21,-5,-1.1619047619047618,2263.2463,0.09523809523809523,4.0500284194946286,9.523809523809524,0.0,9.523809523809524,14.285714285714286,0.0,19.047619047619047,0.0,0.0,0.0,0.0,0.0,4.761904761904762,0.0,14.285714285714286,0.0,4.761904761904762,4.761904761904762,9.523809523809524,9.523809523809524,0.0,0
21,-1,-0.23809523809523814,2571.9252,0.19047619047619047,5.501525688171386,9.523809523809524,0.0,0.0,14.285714285714286,4.761904761904762,4.761904761904762,4.761904761904762,9.523809523809524,4.761904761904762,4.761904761904762,9.523809523809524,0.0,0.0,0.0,4.761904761904762,14.285714285714286,0.0,0.0,9.523809523809524,4.761904761904762,0
14,4,-0.25000000000000006,1719.0883,0.07142857142857144,11.999967765808105,0.0,0.0,0.0,0.0,7.142857142857143,7.142857142857143,7.142857142857143,0.0,7.142857142857143,21.428571428571427,0.0,0.0,7.142857142857143,7.142857142857143,21.428571428571427,0.0,0.0,14.285714285714286,0.0,0.0,1
25,9,-1.248,3073.7724,0.08,11.772716712951663,4.0,0.0,0.0,4.0,0.0,8.0,0.0,0.0,28.0,16.0,8.0,4.0,0.0,0.0,12.0,8.0,0.0,0.0,8.0,0.0,1
11,3,0.23636363636363633,1405.7287999999999,0.18181818181818182,11.166198158264159,0.0,0.0,0.0,0.0,18.181818181818183,0.0,0.0,9.090909090909092,18.181818181818183,18.181818181818183,0.0,9.090909090909092,0.0,9.090909090909092,9.090909090909092,0.0,0.0,9.090909090909092,0.0,0.0,1
37,0,-0.9864864864864865,4417.9147,0.13513513513513514,6.836048316955567,5.405405405405405,5.405405405405405,2.7027027027027026,8.108108108108109,2.7027027027027026,5.405405405405405,2.7027027027027026,0.0,2.7027027027027026,8.108108108108109,2.7027027027027026,2.7027027027027026,8.108108108108109,10.81081081081081,8.108108108108109,2.7027027027027026,8.108108108108109,2.7027027027027026,2.7027027027027026,8.108108108108109,0
8,1,0.39999999999999997,1059.2401,0.375,8.497787284851075,12.5,0.0,0.0,0.0,12.5,0.0,0.0,0.0,0.0,0.0,12.5,0.0,0.0,0.0,12.5,12.5,0.0,12.5,12.5,12.5,0
23,3,-0.08260869565217392,2447.8541999999998,0.13043478260869565,10.00138339996338,17.391304347826086,0.0,0.0,4.3478260869565215,8.695652173913043,17.391304347826086,4.3478260869565215,4.3478260869565215,17.391304347826086,4.3478260869565215,4.3478260869565215,4.3478260869565215,0.0,0.0,0.0,4.3478260869565215,0.0,4.3478260869565215,4.3478260869565215,0.0,1
15,2,-1.3866666666666667,1821.0411,0.13333333333333333,9.528249931335449,0.0,0.0,6.666666666666667,0.0,0.0,6.666666666666667,0.0,0.0,20.0,13.333333333333334,0.0,13.333333333333334,0.0,13.333333333333334,0.0,6.666666666666667,0.0,6.666666666666667,6.666666666666667,6.666666666666667,1
10,4,-0.74,1226.4753,0.0,11.999967765808105,10.0,0.0,0.0,0.0,0.0,0.0,0.0,10.0,10.0,10.0,0.0,0.0,0.0,10.0,30.0,10.0,0.0,10.0,0.0,0.0,1
9,4,-0.9666666666666668,1299.5722,0.2222222222222222,11.999967765808105,0.0,0.0,0.0,0.0,11.11111111111111,0.0,0.0,22.22222222222222,0.0,0.0,0.0,0.0,11.11111111111111,0.0,44.44444444444444,0.0,0.0,0.0,11.11111111111111,0.0,1
26,3,-0.14615384615384616,2979.5186999999996,0.07692307692307693,9.30203037261963,7.6923076923076925,7.6923076923076925,0.0,3.8461538461538463,0.0,3.8461538461538463,0.0,11.538461538461538,11.538461538461538,11.538461538461538,0.0,3.8461538461538463,3.8461538461538463,7.6923076923076925,3.8461538461538463,3.8461538461538463,11.538461538461538,0.0,3.8461538461538463,3.8461538461538463,1
20,5,-0.42000000000000004,2188.6601,0.1,10.065400505065917,10.0,10.0,0.0,0.0,5.0,10.0,0.0,5.0,20.0,5.0,0.0,0.0,15.0,0.0,5.0,5.0,5.0,0.0,5.0,0.0,1
21,2,0.2857142857142857,2319.7631,0.09523809523809523,9.703023719787598,4.761904761904762,0.0,4.761904761904762,0.0,4.761904761904762,14.285714285714286,0.0,14.285714285714286,14.285714285714286,9.523809523809524,4.761904761904762,4.761904761904762,0.0,4.761904761904762,0.0,4.761904761904762,4.761904761904762,4.761904761904762,4.761904761904762,0.0,1
13,5,-1.0384615384615385,1553.974,0.0,10.301548194885253,0.0,0.0,0.0,7.6923076923076925,0.0,7.6923076923076925,0.0,23.076923076923077,46.15384615384615,7.6923076923076925,0.0,0.0,0.0,7.6923076923076925,0.0,0.0,0.0,0.0,0.0,0.0,1
17,-3,-1.6411764705882352,2001.0711999999999,0.11764705882352942,4.5278169631958,11.764705882352942,11.764705882352942,11.764705882352942,11.764705882352942,0.0,0.0,5.882352941176471,0.0,5.882352941176471,0.0,0.0,11.764705882352942,5.882352941176471,5.882352941176471,0.0,0.0,5.882352941176471,0.0,0.0,11.764705882352942,0
41,2,-0.7463414634146341,4796.4649,0.0975609756097561,9.522705650329591,4.878048780487805,0.0,4.878048780487805,2.4390243902439024,4.878048780487805,4.878048780487805,0.0,9.75609756097561,9.75609756097561,2.4390243902439024,7.317073170731708,12.195121951219512,4.878048780487805,9.75609756097561,2.4390243902439024,2.4390243902439024,9.75609756097561,2.4390243902439024,4.878048780487805,0.0,0
8,0,2.275,941.1671000000001,0.125,5.525000190734862,12.5,0.0,0.0,0.0,0.0,0.0,0.0,25.0,0.0,25.0,0.0,12.5,0.0,0.0,0.0,0.0,0.0,12.5,12.5,0.0,0
13,4,0.8923076923076922,1456.8999999999999,0.07692307692307693,10.477740287780762,23.076923076923077,0.0,0.0,0.0,7.6923076923076925,0.0,0.0,0.0,30.76923076923077,38.46153846153846,0.0,0.0,0.0,0.0,0.0,0.0,0.0,0.0,0.0,0.0,1
25,0,1.236,2545.0305999999996,0.0,7.024071693420409,8.0,0.0,0.0,4.0,0.0,12.0,12.0,4.0,4.0,20.0,0.0,0.0,4.0,0.0,0.0,8.0,0.0,24.0,0.0,0.0,1
15,4,-0.5533333333333333,1784.1138,0.06666666666666667,11.999967765808105,6.666666666666667,0.0,0.0,0.0,0.0,6.666666666666667,0.0,13.333333333333334,13.333333333333334,13.333333333333334,0.0,0.0,0.0,13.333333333333334,13.333333333333334,13.333333333333334,0.0,0.0,6.666666666666667,0.0,1
23,2,0.23478260869565212,3046.5326,0.34782608695652173,8.956673240661619,4.3478260869565215,8.695652173913043,0.0,4.3478260869565215,17.391304347826086,4.3478260869565215,8.695652173913043,0.0,0.0,8.695652173913043,0.0,0.0,0.0,0.0,13.043478260869565,4.3478260869565215,0.0,8.695652173913043,13.043478260869565,4.3478260869565215,0
15,1,1.0866666666666667,1643.0486,0.06666666666666667,8.067976570129392,13.333333333333334,13.333333333333334,0.0,0.0,0.0,6.666666666666667,6.666666666666667,13.333333333333334,6.666666666666667,13.333333333333334,6.666666666666667,0.0,6.666666666666667,0.0,0.0,6.666666666666667,0.0,0.0,6.666666666666667,0.0,0
43,-2,-0.08139534883720932,5219.9014,0.23255813953488372,4.8332128524780265,4.651162790697675,6.976744186046512,2.3255813953488373,6.976744186046512,6.976744186046512,2.3255813953488373,2.3255813953488373,0.0,2.3255813953488373,6.976744186046512,2.3255813953488373,6.976744186046512,6.976744186046512,0.0,2.3255813953488373,2.3255813953488373,11.627906976744185,9.30232558139535,9.30232558139535,6.976744186046512,0
11,0,0.7363636363636363,1368.6423,0.18181818181818182,5.835682106018066,0.0,0.0,9.090909090909092,0.0,9.090909090909092,9.090909090909092,0.0,18.181818181818183,0.0,18.181818181818183,9.090909090909092,0.0,0.0,9.090909090909092,9.090909090909092,0.0,0.0,0.0,0.0,9.090909090909092,0
12,-2,-0.125,1339.5583,0.0,4.320013618469238,8.333333333333334,8.333333333333334,16.666666666666668,8.333333333333334,0.0,8.333333333333334,0.0,8.333333333333334,8.333333333333334,0.0,16.666666666666668,0.0,0.0,8.333333333333334,0.0,0.0,0.0,8.333333333333334,0.0,0.0,0
24,1,0.8083333333333332,2584.1081,0.08333333333333334,8.016466331481933,20.833333333333332,8.333333333333334,0.0,4.166666666666667,4.166666666666667,0.0,4.166666666666667,4.166666666666667,8.333333333333334,0.0,8.333333333333334,0.0,4.166666666666667,4.166666666666667,0.0,8.333333333333334,0.0,16.666666666666668,0.0,4.166666666666667,1
26,1,-0.7461538461538463,3183.5334,0.15384615384615385,8.52898998260498,15.384615384615385,0.0,3.8461538461538463,7.6923076923076925,0.0,0.0,3.8461538461538463,7.6923076923076925,0.0,11.538461538461538,0.0,3.8461538461538463,3.8461538461538463,3.8461538461538463,15.384615384615385,3.8461538461538463,3.8461538461538463,0.0,0.0,15.384615384615385,1
20,12,-2.2800000000000002,2583.2233,0.05,11.999967765808105,0.0,0.0,0.0,5.0,5.0,5.0,0.0,5.0,45.0,10.0,0.0,5.0,0.0,0.0,20.0,0.0,0.0,0.0,0.0,0.0,1
34,9,-1.038235294117647,3680.2583000000004,0.0,11.729071617126465,14.705882352941176,2.9411764705882355,0.0,5.882352941176471,0.0,14.705882352941176,0.0,5.882352941176471,14.705882352941176,5.882352941176471,0.0,5.882352941176471,0.0,2.9411764705882355,17.647058823529413,5.882352941176471,0.0,2.9411764705882355,0.0,0.0,1
21,-1,-1.4761904761904763,2681.877,0.14285714285714288,6.267260551452637,0.0,9.523809523809524,4.761904761904762,9.523809523809524,0.0,0.0,14.285714285714286,0.0,4.761904761904762,4.761904761904762,0.0,14.285714285714286,0.0,0.0,4.761904761904762,9.523809523809524,4.761904761904762,4.761904761904762,14.285714285714286,0.0,0
26,3,-0.4153846153846154,3092.575,0.15384615384615385,9.10598201751709,0.0,11.538461538461538,3.8461538461538463,0.0,7.6923076923076925,7.6923076923076925,0.0,11.538461538461538,7.6923076923076925,3.8461538461538463,0.0,3.8461538461538463,3.8461538461538463,11.538461538461538,7.6923076923076925,7.6923076923076925,3.8461538461538463,0.0,3.8461538461538463,3.8461538461538463,0
9,3,-1.511111111111111,1135.2767000000001,0.1111111111111111,11.00038547515869,0.0,0.0,0.0,0.0,0.0,0.0,0.0,0.0,11.11111111111111,0.0,0.0,22.22222222222222,0.0,0.0,22.22222222222222,11.11111111111111,0.0,22.22222222222222,0.0,11.11111111111111,0
15,5,0.24666666666666662,1839.3594000000003,0.13333333333333333,11.33375148773193,0.0,0.0,0.0,0.0,6.666666666666667,6.666666666666667,0.0,6.666666666666667,26.666666666666668,26.666666666666668,0.0,0.0,6.666666666666667,0.0,6.666666666666667,0.0,0.0,6.666666666666667,6.666666666666667,0.0,1
33,3,0.396969696969697,3289.9087,0.030303030303030304,9.243170738220215,6.0606060606060606,6.0606060606060606,3.0303030303030303,3.0303030303030303,3.0303030303030303,21.21212121212121,0.0,0.0,15.151515151515152,18.181818181818183,0.0,3.0303030303030303,0.0,3.0303030303030303,0.0,6.0606060606060606,0.0,12.121212121212121,0.0,0.0,1
21,2,0.9952380952380951,2021.4299999999998,0.0,9.508071327209475,4.761904761904762,4.761904761904762,0.0,0.0,0.0,28.571428571428573,4.761904761904762,9.523809523809524,4.761904761904762,23.80952380952381,0.0,0.0,0.0,0.0,4.761904761904762,9.523809523809524,0.0,4.761904761904762,0.0,0.0,1
10,-2,-2.0,1146.1638,0.1,4.0500284194946286,10.0,0.0,30.0,0.0,0.0,0.0,0.0,0.0,0.0,0.0,0.0,0.0,30.0,0.0,10.0,0.0,10.0,0.0,0.0,10.0,0
21,-3,0.3619047619047619,2292.5858,0.0,4.093396568298339,14.285714285714286,9.523809523809524,0.0,19.047619047619047,0.0,0.0,0.0,9.523809523809524,0.0,9.523809523809524,0.0,0.0,0.0,9.523809523809524,4.761904761904762,9.523809523809524,4.761904761904762,9.523809523809524,0.0,0.0,0
15,4,-0.07333333333333332,1564.9137999999998,0.0,10.477740287780762,13.333333333333334,0.0,0.0,0.0,0.0,13.333333333333334,6.666666666666667,6.666666666666667,26.666666666666668,13.333333333333334,0.0,0.0,0.0,0.0,0.0,0.0,13.333333333333334,6.666666666666667,0.0,0.0,1
46,-2,0.030434782608695612,5624.4973,0.15217391304347827,5.399556541442871,6.521739130434782,4.3478260869565215,0.0,8.695652173913043,6.521739130434782,2.1739130434782608,4.3478260869565215,10.869565217391305,0.0,10.869565217391305,4.3478260869565215,2.1739130434782608,4.3478260869565215,15.217391304347826,4.3478260869565215,2.1739130434782608,2.1739130434782608,2.1739130434782608,4.3478260869565215,4.3478260869565215,0
28,4,1.032142857142857,2850.5105000000003,0.03571428571428572,10.47786922454834,32.142857142857146,0.0,0.0,0.0,0.0,3.5714285714285716,0.0,0.0,14.285714285714286,21.428571428571427,3.5714285714285716,7.142857142857143,0.0,0.0,0.0,0.0,3.5714285714285716,10.714285714285714,3.5714285714285716,0.0,1
16,-1,0.5375,1859.3044,0.0625,4.208097648620606,0.0,25.0,12.5,0.0,0.0,6.25,0.0,6.25,6.25,12.5,12.5,0.0,6.25,6.25,0.0,0.0,0.0,0.0,6.25,0.0,0
24,-1,-0.024999999999999998,2806.2194999999997,0.08333333333333334,5.445141410827636,0.0,4.166666666666667,4.166666666666667,8.333333333333334,8.333333333333334,4.166666666666667,4.166666666666667,12.5,4.166666666666667,0.0,4.166666666666667,4.166666666666667,4.166666666666667,8.333333333333334,4.166666666666667,0.0,12.5,12.5,0.0,0.0,0
12,4,-1.6083333333333334,1116.2735,0.08333333333333334,10.477740287780762,0.0,0.0,0.0,0.0,0.0,58.333333333333336,0.0,0.0,33.333333333333336,0.0,0.0,0.0,0.0,0.0,0.0,0.0,0.0,0.0,8.333333333333334,0.0,1
15,4,-0.9600000000000001,1768.0713999999998,0.06666666666666667,11.999967765808105,6.666666666666667,0.0,0.0,0.0,0.0,6.666666666666667,0.0,6.666666666666667,13.333333333333334,13.333333333333334,0.0,0.0,6.666666666666667,13.333333333333334,13.333333333333334,13.333333333333334,0.0,0.0,6.666666666666667,0.0,1
18,5,0.7333333333333333,1950.4996999999998,0.05555555555555555,10.602486610412598,33.333333333333336,0.0,0.0,0.0,0.0,0.0,0.0,0.0,27.77777777777778,33.333333333333336,0.0,0.0,0.0,0.0,0.0,0.0,0.0,0.0,5.555555555555555,0.0,1
24,0,-1.2333333333333334,2973.3684,0.08333333333333334,6.913917732238769,0.0,4.166666666666667,12.5,4.166666666666667,0.0,0.0,8.333333333333334,4.166666666666667,8.333333333333334,4.166666666666667,8.333333333333334,0.0,8.333333333333334,4.166666666666667,8.333333333333334,8.333333333333334,4.166666666666667,4.166666666666667,4.166666666666667,4.166666666666667,0
13,-2,0.723076923076923,1381.5285,0.15384615384615385,4.0500284194946286,0.0,0.0,0.0,15.384615384615385,15.384615384615385,23.076923076923077,0.0,7.6923076923076925,0.0,15.384615384615385,0.0,7.6923076923076925,0.0,0.0,0.0,7.6923076923076925,0.0,7.6923076923076925,0.0,0.0,0
12,5,-0.7833333333333333,1594.9012,0.41666666666666674,11.166133689880368,8.333333333333334,0.0,0.0,0.0,33.333333333333336,8.333333333333334,0.0,0.0,25.0,0.0,0.0,0.0,0.0,0.0,16.666666666666668,0.0,0.0,0.0,0.0,8.333333333333334,1
33,-2,-0.803030303030303,3977.4437,0.15151515151515152,5.754913902282715,0.0,9.090909090909092,6.0606060606060606,6.0606060606060606,6.0606060606060606,6.0606060606060606,9.090909090909092,3.0303030303030303,6.0606060606060606,0.0,9.090909090909092,6.0606060606060606,3.0303030303030303,6.0606060606060606,0.0,9.090909090909092,3.0303030303030303,3.0303030303030303,6.0606060606060606,3.0303030303030303,0
26,4,-0.04615384615384616,2706.1086999999998,0.07692307692307693,10.176350593566895,19.23076923076923,0.0,0.0,0.0,3.8461538461538463,11.538461538461538,11.538461538461538,3.8461538461538463,15.384615384615385,7.6923076923076925,0.0,3.8461538461538463,0.0,0.0,0.0,7.6923076923076925,3.8461538461538463,7.6923076923076925,0.0,3.8461538461538463,1
26,-2,-0.25384615384615383,2797.0139999999997,0.07692307692307693,4.0500284194946286,15.384615384615385,0.0,3.8461538461538463,3.8461538461538463,3.8461538461538463,0.0,0.0,11.538461538461538,0.0,0.0,3.8461538461538463,19.23076923076923,7.6923076923076925,3.8461538461538463,0.0,7.6923076923076925,11.538461538461538,3.8461538461538463,0.0,3.8461538461538463,0
10,0,-1.3599999999999999,1186.2740000000001,0.1,6.743628120422364,0.0,0.0,10.0,0.0,0.0,0.0,10.0,0.0,0.0,0.0,0.0,0.0,20.0,0.0,10.0,0.0,30.0,10.0,0.0,10.0,0
30,3,0.3,3448.077,0.16666666666666669,8.67829875946045,13.333333333333334,20.0,0.0,3.3333333333333335,3.3333333333333335,10.0,0.0,10.0,0.0,3.3333333333333335,0.0,0.0,3.3333333333333335,3.3333333333333335,13.333333333333334,0.0,3.3333333333333335,0.0,3.3333333333333335,10.0,1
33,1,-0.03333333333333335,4004.6643999999997,0.15151515151515152,8.438734245300296,9.090909090909092,6.0606060606060606,0.0,6.0606060606060606,6.0606060606060606,3.0303030303030303,3.0303030303030303,12.121212121212121,0.0,0.0,9.090909090909092,6.0606060606060606,3.0303030303030303,6.0606060606060606,9.090909090909092,3.0303030303030303,6.0606060606060606,3.0303030303030303,6.0606060606060606,3.0303030303030303,0
18,2,-0.4222222222222222,2001.3973999999998,0.0,9.186245155334472,5.555555555555555,5.555555555555555,5.555555555555555,0.0,0.0,5.555555555555555,5.555555555555555,11.11111111111111,16.666666666666668,0.0,11.11111111111111,5.555555555555555,5.555555555555555,5.555555555555555,0.0,5.555555555555555,5.555555555555555,5.555555555555555,0.0,0.0,0
19,1,-0.6842105263157895,2114.338,0.10526315789473685,8.496691322326662,15.789473684210526,0.0,5.2631578947368425,0.0,0.0,5.2631578947368425,0.0,10.526315789473685,5.2631578947368425,0.0,5.2631578947368425,5.2631578947368425,5.2631578947368425,10.526315789473685,5.2631578947368425,10.526315789473685,5.2631578947368425,0.0,0.0,10.526315789473685,0
11,5,-0.5090909090909091,1568.9501,0.36363636363636365,11.999967765808105,0.0,0.0,0.0,0.0,27.272727272727273,0.0,0.0,0.0,27.272727272727273,18.181818181818183,0.0,0.0,0.0,0.0,18.181818181818183,0.0,0.0,0.0,9.090909090909092,0.0,1
22,11,-1.6454545454545455,2809.4954,0.045454545454545456,11.999967765808105,0.0,0.0,0.0,4.545454545454546,4.545454545454546,4.545454545454546,0.0,13.636363636363637,36.36363636363637,9.090909090909092,0.0,4.545454545454546,0.0,4.545454545454546,18.181818181818183,0.0,0.0,0.0,0.0,0.0,1
14,1,1.6214285714285714,1604.0305999999998,0.07142857142857144,8.757208061218265,0.0,0.0,0.0,0.0,7.142857142857143,7.142857142857143,7.142857142857143,21.428571428571427,7.142857142857143,35.714285714285715,0.0,7.142857142857143,7.142857142857143,0.0,0.0,0.0,0.0,0.0,0.0,0.0,1
10,-1,-0.2800000000000001,1179.3458,0.1,4.531682014465332,0.0,0.0,0.0,20.0,10.0,20.0,0.0,10.0,0.0,10.0,10.0,0.0,0.0,10.0,10.0,0.0,0.0,0.0,0.0,0.0,0
9,-1,-1.8111111111111111,1469.5572,0.6666666666666667,4.0500284194946286,0.0,0.0,11.11111111111111,0.0,0.0,0.0,0.0,0.0,0.0,0.0,0.0,11.11111111111111,0.0,11.11111111111111,0.0,0.0,0.0,0.0,55.55555555555556,11.11111111111111,1
18,-3,0.21666666666666665,2161.4756,0.1111111111111111,4.209575462341309,11.11111111111111,0.0,5.555555555555555,16.666666666666668,5.555555555555555,0.0,0.0,11.11111111111111,0.0,11.11111111111111,5.555555555555555,0.0,5.555555555555555,5.555555555555555,5.555555555555555,0.0,5.555555555555555,5.555555555555555,5.555555555555555,0.0,0
30,2,-0.6233333333333333,3505.1219,0.1,8.642131996154788,3.3333333333333335,10.0,6.666666666666667,3.3333333333333335,6.666666666666667,3.3333333333333335,3.3333333333333335,3.3333333333333335,10.0,6.666666666666667,3.3333333333333335,3.3333333333333335,16.666666666666668,3.3333333333333335,6.666666666666667,0.0,3.3333333333333335,3.3333333333333335,0.0,3.3333333333333335,0
20,6,-0.925,2378.8852,0.05,10.46665172576904,0.0,10.0,0.0,0.0,0.0,5.0,0.0,10.0,15.0,0.0,5.0,5.0,10.0,5.0,15.0,5.0,5.0,5.0,0.0,5.0,1
12,1,1.15,1424.7037,0.33333333333333337,8.253581047058105,8.333333333333334,0.0,0.0,0.0,16.666666666666668,8.333333333333334,0.0,0.0,8.333333333333334,8.333333333333334,8.333333333333334,0.0,0.0,0.0,0.0,8.333333333333334,0.0,16.666666666666668,0.0,16.666666666666668,0
9,-1,-2.022222222222222,1170.2331,0.2222222222222222,4.208154487609863,11.11111111111111,0.0,22.22222222222222,0.0,0.0,0.0,0.0,0.0,0.0,0.0,0.0,0.0,22.22222222222222,11.11111111111111,11.11111111111111,0.0,0.0,0.0,22.22222222222222,0.0,0
12,7,-1.15,1666.0755,0.08333333333333334,11.999967765808105,0.0,0.0,0.0,0.0,0.0,0.0,0.0,16.666666666666668,16.666666666666668,0.0,0.0,0.0,0.0,0.0,41.666666666666664,0.0,0.0,16.666666666666668,8.333333333333334,0.0,1
25,1,-0.848,3098.4289,0.16,8.436413383483888,12.0,0.0,8.0,4.0,0.0,0.0,4.0,8.0,0.0,12.0,0.0,4.0,4.0,4.0,16.0,4.0,4.0,0.0,0.0,16.0,1
13,-1,0.36923076923076914,1627.8533,0.3076923076923077,4.368156242370605,0.0,0.0,7.6923076923076925,7.6923076923076925,23.076923076923077,0.0,0.0,15.384615384615385,7.6923076923076925,0.0,7.6923076923076925,0.0,0.0,0.0,0.0,15.384615384615385,7.6923076923076925,0.0,0.0,7.6923076923076925,0
27,-1,-0.9037037037037038,3149.3677,0.18518518518518517,6.255210685729981,3.7037037037037037,0.0,7.407407407407407,0.0,3.7037037037037037,11.11111111111111,11.11111111111111,0.0,0.0,3.7037037037037037,3.7037037037037037,7.407407407407407,7.407407407407407,3.7037037037037037,3.7037037037037037,7.407407407407407,3.7037037037037037,7.407407407407407,3.7037037037037037,11.11111111111111,0
26,-4,-0.3884615384615385,3126.4719999999998,0.15384615384615385,4.172630119323729,0.0,3.8461538461538463,7.6923076923076925,11.538461538461538,7.6923076923076925,3.8461538461538463,3.8461538461538463,15.384615384615385,3.8461538461538463,0.0,3.8461538461538463,11.538461538461538,7.6923076923076925,0.0,0.0,0.0,7.6923076923076925,3.8461538461538463,3.8461538461538463,3.8461538461538463,0
26,2,-0.6499999999999999,3079.5199,0.11538461538461538,8.93842868804932,3.8461538461538463,7.6923076923076925,3.8461538461538463,0.0,0.0,11.538461538461538,3.8461538461538463,0.0,3.8461538461538463,3.8461538461538463,7.6923076923076925,3.8461538461538463,0.0,11.538461538461538,7.6923076923076925,3.8461538461538463,7.6923076923076925,7.6923076923076925,11.538461538461538,0.0,0
20,8,-0.945,2433.977,0.15000000000000002,10.845339012145995,5.0,0.0,0.0,0.0,10.0,0.0,5.0,5.0,40.0,10.0,0.0,0.0,0.0,0.0,0.0,15.0,5.0,0.0,5.0,0.0,1
24,3,-0.3458333333333334,3104.6549,0.20833333333333337,10.278146171569823,4.166666666666667,0.0,0.0,4.166666666666667,8.333333333333334,4.166666666666667,8.333333333333334,8.333333333333334,8.333333333333334,4.166666666666667,8.333333333333334,8.333333333333334,0.0,4.166666666666667,8.333333333333334,0.0,0.0,8.333333333333334,8.333333333333334,4.166666666666667,0
17,0,-0.0882352941176471,2123.4788,0.11764705882352942,6.912610435485839,0.0,5.882352941176471,5.882352941176471,5.882352941176471,11.764705882352942,0.0,11.764705882352942,11.764705882352942,5.882352941176471,11.764705882352942,0.0,0.0,5.882352941176471,11.764705882352942,5.882352941176471,0.0,0.0,5.882352941176471,0.0,0.0,0
15,2,-0.6066666666666667,1799.1218,0.06666666666666667,9.526509284973145,0.0,0.0,0.0,13.333333333333334,0.0,6.666666666666667,6.666666666666667,0.0,20.0,20.0,0.0,0.0,0.0,0.0,6.666666666666667,6.666666666666667,0.0,13.333333333333334,0.0,6.666666666666667,1
14,-1,0.3142857142857142,1702.0645,0.07142857142857144,4.531340980529785,0.0,7.142857142857143,0.0,14.285714285714286,0.0,0.0,0.0,0.0,7.142857142857143,28.571428571428573,14.285714285714286,7.142857142857143,0.0,0.0,0.0,0.0,14.285714285714286,0.0,0.0,7.142857142857143,0
18,6,0.13333333333333336,1923.4346,0.05555555555555555,10.699318122863769,16.666666666666668,0.0,0.0,0.0,0.0,16.666666666666668,0.0,27.77777777777778,33.333333333333336,0.0,0.0,0.0,0.0,0.0,0.0,0.0,0.0,0.0,5.555555555555555,0.0,1
18,7,-0.3333333333333333,2262.8312,0.05555555555555555,11.754278755187986,0.0,0.0,0.0,0.0,0.0,5.555555555555555,5.555555555555555,38.888888888888886,22.22222222222222,0.0,0.0,5.555555555555555,0.0,0.0,16.666666666666668,0.0,0.0,0.0,0.0,5.555555555555555,1
15,1,-1.6933333333333331,1753.9108999999999,0.0,8.287169075012208,0.0,0.0,0.0,13.333333333333334,0.0,0.0,6.666666666666667,6.666666666666667,13.333333333333334,0.0,0.0,6.666666666666667,6.666666666666667,6.666666666666667,6.666666666666667,13.333333333333334,13.333333333333334,6.666666666666667,0.0,0.0,1
13,4,-0.6076923076923078,1790.2007999999998,0.3846153846153846,10.477675819396971,0.0,0.0,0.0,0.0,15.384615384615385,0.0,0.0,0.0,30.76923076923077,7.6923076923076925,0.0,0.0,15.384615384615385,0.0,0.0,0.0,0.0,7.6923076923076925,23.076923076923077,0.0,1
20,2,1.26,1961.4343,0.0,10.002737236022949,0.0,0.0,0.0,0.0,0.0,25.0,0.0,15.0,10.0,25.0,0.0,5.0,5.0,0.0,0.0,5.0,0.0,10.0,0.0,0.0,1
19,5,-0.6315789473684211,2590.003,0.368421052631579,11.999967765808105,0.0,0.0,0.0,0.0,21.05263157894737,15.789473684210526,10.526315789473685,10.526315789473685,5.2631578947368425,0.0,0.0,0.0,0.0,0.0,21.05263157894737,0.0,0.0,0.0,15.789473684210526,0.0,1
14,6,-1.9142857142857144,2366.7365,0.5714285714285714,11.999967765808105,0.0,0.0,0.0,0.0,14.285714285714286,0.0,0.0,0.0,0.0,0.0,0.0,0.0,0.0,0.0,42.857142857142854,0.0,0.0,0.0,42.857142857142854,0.0,1
10,0,-0.17,1058.1479,0.1,6.749653053283692,0.0,0.0,0.0,10.0,10.0,30.0,10.0,10.0,0.0,0.0,0.0,0.0,0.0,0.0,10.0,10.0,0.0,10.0,0.0,0.0,0
16,-1,-0.38750000000000007,1656.8153,0.0,5.3203229904174805,0.0,6.25,6.25,6.25,0.0,18.75,6.25,0.0,6.25,25.0,0.0,12.5,0.0,0.0,0.0,12.5,0.0,0.0,0.0,0.0,0
12,5,-1.0416666666666667,1594.9511,0.16666666666666669,11.724107551574708,8.333333333333334,8.333333333333334,0.0,0.0,8.333333333333334,0.0,0.0,0.0,16.666666666666668,0.0,8.333333333333334,8.333333333333334,0.0,0.0,25.0,0.0,0.0,8.333333333333334,8.333333333333334,0.0,1
33,-4,-0.03333333333333336,3852.2372000000005,0.18181818181818182,4.0500284194946286,6.0606060606060606,0.0,3.0303030303030303,12.121212121212121,9.090909090909092,3.0303030303030303,0.0,9.090909090909092,3.0303030303030303,6.0606060606060606,3.0303030303030303,9.090909090909092,3.0303030303030303,3.0303030303030303,0.0,15.151515151515152,0.0,6.0606060606060606,6.0606060606060606,3.0303030303030303,0
9,-2,-0.4444444444444444,1052.1168,0.2222222222222222,4.197014045715332,0.0,11.11111111111111,22.22222222222222,0.0,11.11111111111111,11.11111111111111,11.11111111111111,0.0,0.0,0.0,0.0,0.0,11.11111111111111,0.0,0.0,0.0,0.0,11.11111111111111,0.0,11.11111111111111,0
12,0,-1.5333333333333332,1478.6290999999999,0.08333333333333334,5.808399391174317,0.0,8.333333333333334,0.0,16.666666666666668,8.333333333333334,0.0,0.0,8.333333333333334,8.333333333333334,0.0,0.0,16.666666666666668,8.333333333333334,8.333333333333334,8.333333333333334,0.0,8.333333333333334,0.0,0.0,0.0,0
24,2,0.09583333333333331,2487.8999999999996,0.04166666666666667,9.98623332977295,8.333333333333334,0.0,4.166666666666667,4.166666666666667,0.0,29.166666666666668,4.166666666666667,16.666666666666668,8.333333333333334,12.5,0.0,0.0,0.0,0.0,8.333333333333334,0.0,0.0,0.0,4.166666666666667,0.0,1
37,3,-0.14594594594594593,4162.9226,0.05405405405405405,8.866997718811035,0.0,10.81081081081081,2.7027027027027026,5.405405405405405,0.0,8.108108108108109,0.0,8.108108108108109,8.108108108108109,2.7027027027027026,0.0,0.0,10.81081081081081,8.108108108108109,8.108108108108109,2.7027027027027026,2.7027027027027026,16.216216216216218,0.0,5.405405405405405,0
30,2,-0.020000000000000004,3334.9825,0.0,8.657797813415527,6.666666666666667,10.0,6.666666666666667,0.0,0.0,6.666666666666667,6.666666666666667,10.0,6.666666666666667,3.3333333333333335,6.666666666666667,3.3333333333333335,6.666666666666667,6.666666666666667,6.666666666666667,0.0,3.3333333333333335,10.0,0.0,0.0,0
31,2,0.029032258064516137,3280.8143,0.06451612903225806,8.787637138366701,9.67741935483871,6.451612903225806,3.225806451612903,6.451612903225806,3.225806451612903,12.903225806451612,0.0,9.67741935483871,16.129032258064516,6.451612903225806,0.0,6.451612903225806,0.0,0.0,0.0,6.451612903225806,3.225806451612903,6.451612903225806,3.225806451612903,0.0,1
43,4,0.17906976744186046,4545.3026,0.046511627906976744,8.919603919982912,11.627906976744185,13.953488372093023,4.651162790697675,2.3255813953488373,2.3255813953488373,11.627906976744185,2.3255813953488373,2.3255813953488373,6.976744186046512,6.976744186046512,0.0,4.651162790697675,0.0,0.0,9.30232558139535,4.651162790697675,2.3255813953488373,11.627906976744185,0.0,2.3255813953488373,1
18,-2,0.15555555555555553,2160.4061,0.22222222222222224,4.0500284194946286,0.0,5.555555555555555,11.11111111111111,5.555555555555555,16.666666666666668,11.11111111111111,0.0,5.555555555555555,0.0,11.11111111111111,0.0,5.555555555555555,0.0,5.555555555555555,5.555555555555555,0.0,5.555555555555555,5.555555555555555,5.555555555555555,0.0,0
33,8,-0.5242424242424243,4013.7146000000002,0.12121212121212122,10.196013450622559,3.0303030303030303,18.181818181818183,0.0,3.0303030303030303,6.0606060606060606,9.090909090909092,3.0303030303030303,6.0606060606060606,0.0,3.0303030303030303,0.0,3.0303030303030303,0.0,0.0,27.272727272727273,3.0303030303030303,6.0606060606060606,3.0303030303030303,0.0,6.0606060606060606,1
15,8,-0.8666666666666667,1723.2842999999998,0.0,10.845339012145995,0.0,0.0,0.0,0.0,0.0,13.333333333333334,0.0,0.0,53.333333333333336,33.333333333333336,0.0,0.0,0.0,0.0,0.0,0.0,0.0,0.0,0.0,0.0,1
12,1,-0.65,1542.6925999999999,0.25,8.597068595886231,0.0,0.0,0.0,0.0,8.333333333333334,0.0,8.333333333333334,16.666666666666668,0.0,0.0,0.0,0.0,0.0,16.666666666666668,8.333333333333334,16.666666666666668,8.333333333333334,0.0,0.0,16.666666666666668,0
9,3,-2.988888888888889,1158.2739,0.0,11.166327095031736,0.0,0.0,0.0,0.0,0.0,0.0,33.333333333333336,0.0,22.22222222222222,0.0,0.0,0.0,0.0,11.11111111111111,11.11111111111111,11.11111111111111,11.11111111111111,0.0,0.0,0.0,0
40,3,0.1025,4080.6614,0.025,8.692933082580566,12.5,15.0,2.5,0.0,0.0,15.0,5.0,2.5,2.5,10.0,0.0,10.0,0.0,0.0,7.5,5.0,5.0,5.0,0.0,2.5,1
15,4,-0.04666666666666664,1529.8894,0.0,10.477289009094235,6.666666666666667,0.0,0.0,0.0,0.0,20.0,0.0,6.666666666666667,26.666666666666668,6.666666666666667,6.666666666666667,6.666666666666667,0.0,0.0,0.0,6.666666666666667,0.0,13.333333333333334,0.0,0.0,1
31,1,-0.6225806451612903,3472.9858,0.06451612903225806,8.428354835510255,9.67741935483871,0.0,6.451612903225806,6.451612903225806,3.225806451612903,3.225806451612903,3.225806451612903,3.225806451612903,16.129032258064516,9.67741935483871,6.451612903225806,6.451612903225806,6.451612903225806,0.0,0.0,12.903225806451612,0.0,3.225806451612903,3.225806451612903,0.0,0
15,-3,-0.66,1643.7901000000002,0.06666666666666667,4.068671607971192,0.0,6.666666666666667,20.0,6.666666666666667,0.0,13.333333333333334,0.0,6.666666666666667,6.666666666666667,0.0,6.666666666666667,0.0,6.666666666666667,0.0,0.0,0.0,13.333333333333334,6.666666666666667,0.0,6.666666666666667,0
13,4,0.8846153846153846,1672.1195999999998,0.07692307692307693,11.526383018493654,0.0,15.384615384615385,0.0,0.0,0.0,0.0,0.0,15.384615384615385,0.0,7.6923076923076925,0.0,0.0,0.0,0.0,30.76923076923077,0.0,0.0,23.076923076923077,7.6923076923076925,0.0,1
19,6,0.12631578947368416,2371.9052,0.4210526315789474,10.048380851745605,0.0,10.526315789473685,0.0,0.0,42.10526315789474,10.526315789473685,0.0,0.0,31.57894736842105,0.0,0.0,0.0,0.0,0.0,0.0,5.2631578947368425,0.0,0.0,0.0,0.0,1
28,0,-0.4642857142857143,3445.9883,0.14285714285714288,6.90533504486084,3.5714285714285716,7.142857142857143,3.5714285714285716,7.142857142857143,7.142857142857143,0.0,7.142857142857143,3.5714285714285716,10.714285714285714,0.0,10.714285714285714,0.0,0.0,10.714285714285714,0.0,10.714285714285714,3.5714285714285716,7.142857142857143,7.142857142857143,0.0,0
20,-1,-0.03500000000000002,2289.525,0.2,5.076426887512206,15.0,5.0,5.0,0.0,5.0,5.0,5.0,10.0,0.0,0.0,0.0,15.0,10.0,0.0,0.0,0.0,5.0,5.0,10.0,5.0,0
9,-3,-0.6666666666666666,1020.0952,0.0,4.50888957977295,0.0,22.22222222222222,0.0,33.333333333333336,0.0,11.11111111111111,11.11111111111111,0.0,0.0,11.11111111111111,0.0,0.0,0.0,0.0,0.0,0.0,11.11111111111111,0.0,0.0,0.0,0
44,-4,-0.40227272727272734,5342.9463,0.20454545454545453,4.324560737609864,6.818181818181818,2.272727272727273,11.363636363636363,4.545454545454546,11.363636363636363,0.0,2.272727272727273,4.545454545454546,2.272727272727273,4.545454545454546,4.545454545454546,4.545454545454546,9.090909090909092,4.545454545454546,4.545454545454546,4.545454545454546,4.545454545454546,4.545454545454546,4.545454545454546,4.545454545454546,0
27,-1,-0.04074074074074076,3204.7410999999997,0.1111111111111111,6.006767463684081,0.0,3.7037037037037037,11.11111111111111,3.7037037037037037,7.407407407407407,7.407407407407407,7.407407407407407,3.7037037037037037,11.11111111111111,11.11111111111111,7.407407407407407,3.7037037037037037,0.0,3.7037037037037037,0.0,0.0,3.7037037037037037,11.11111111111111,3.7037037037037037,0.0,0
13,-2,-1.2000000000000002,1568.6405,0.23076923076923078,4.507241249084472,0.0,0.0,0.0,15.384615384615385,7.6923076923076925,15.384615384615385,7.6923076923076925,7.6923076923076925,0.0,0.0,0.0,0.0,7.6923076923076925,15.384615384615385,0.0,0.0,7.6923076923076925,0.0,0.0,15.384615384615385,0
15,2,-0.43333333333333335,1805.0914000000002,0.06666666666666667,10.835024070739745,0.0,0.0,6.666666666666667,0.0,0.0,13.333333333333334,6.666666666666667,26.666666666666668,6.666666666666667,6.666666666666667,0.0,13.333333333333334,0.0,0.0,13.333333333333334,0.0,0.0,0.0,6.666666666666667,0.0,0
16,-1,-0.25,1816.1538999999998,0.0,5.279569435119628,0.0,12.5,18.75,0.0,0.0,6.25,6.25,6.25,6.25,0.0,12.5,0.0,12.5,0.0,6.25,0.0,0.0,12.5,0.0,0.0,0
12,4,-1.45,1651.9593,0.16666666666666669,11.712567710876463,0.0,8.333333333333334,0.0,0.0,8.333333333333334,0.0,0.0,0.0,8.333333333333334,0.0,8.333333333333334,8.333333333333334,0.0,16.666666666666668,25.0,0.0,0.0,8.333333333333334,8.333333333333334,0.0,1
25,4,-0.11599999999999999,2664.1931,0.04,10.176866340637208,8.0,0.0,0.0,4.0,0.0,16.0,0.0,12.0,20.0,12.0,0.0,0.0,4.0,8.0,0.0,4.0,4.0,4.0,4.0,0.0,1
37,5,0.5432432432432432,3713.5445,0.027027027027027025,9.700444984436036,13.513513513513514,5.405405405405405,0.0,5.405405405405405,2.7027027027027026,18.91891891891892,0.0,8.108108108108109,18.91891891891892,16.216216216216218,0.0,0.0,0.0,2.7027027027027026,0.0,2.7027027027027026,0.0,5.405405405405405,0.0,0.0,1
30,1,-0.17,3115.5836,0.1,7.971338462829589,13.333333333333334,10.0,0.0,3.3333333333333335,0.0,16.666666666666668,0.0,0.0,6.666666666666667,6.666666666666667,3.3333333333333335,3.3333333333333335,10.0,6.666666666666667,0.0,0.0,6.666666666666667,3.3333333333333335,3.3333333333333335,6.666666666666667,0
21,0,-0.3857142857142858,2681.1371,0.19047619047619047,6.746015357971192,4.761904761904762,4.761904761904762,0.0,9.523809523809524,9.523809523809524,0.0,4.761904761904762,4.761904761904762,9.523809523809524,14.285714285714286,4.761904761904762,0.0,4.761904761904762,19.047619047619047,0.0,0.0,0.0,0.0,4.761904761904762,4.761904761904762,0
17,4,-0.7411764705882353,1924.1742,0.05882352941176471,11.999967765808105,5.882352941176471,0.0,0.0,0.0,5.882352941176471,11.764705882352942,5.882352941176471,0.0,0.0,5.882352941176471,0.0,0.0,5.882352941176471,5.882352941176471,23.529411764705884,11.764705882352942,5.882352941176471,11.764705882352942,0.0,0.0,1
16,-2,0.49374999999999997,1937.2853,0.1875,4.426529884338379,12.5,12.5,6.25,12.5,12.5,0.0,0.0,6.25,6.25,0.0,12.5,6.25,0.0,0.0,0.0,0.0,0.0,6.25,6.25,0.0,0
26,3,-0.05769230769230771,3053.6634,0.07692307692307693,9.30203037261963,7.6923076923076925,7.6923076923076925,0.0,3.8461538461538463,0.0,0.0,0.0,11.538461538461538,11.538461538461538,11.538461538461538,3.8461538461538463,3.8461538461538463,3.8461538461538463,7.6923076923076925,3.8461538461538463,3.8461538461538463,11.538461538461538,0.0,3.8461538461538463,3.8461538461538463,1
14,2,-0.21428571428571436,1442.6614,0.07142857142857144,11.000836753845213,0.0,0.0,0.0,0.0,7.142857142857143,21.428571428571427,0.0,7.142857142857143,7.142857142857143,14.285714285714286,0.0,7.142857142857143,14.285714285714286,0.0,7.142857142857143,14.285714285714286,0.0,0.0,0.0,0.0,1
24,3,1.1166666666666667,2631.2704,0.16666666666666669,9.390158653259277,16.666666666666668,8.333333333333334,0.0,0.0,16.666666666666668,4.166666666666667,0.0,12.5,12.5,8.333333333333334,4.166666666666667,4.166666666666667,8.333333333333334,0.0,0.0,4.166666666666667,0.0,0.0,0.0,0.0,1
12,-2,-0.375,1477.6159,0.25,4.0500284194946286,0.0,8.333333333333334,8.333333333333334,8.333333333333334,8.333333333333334,0.0,0.0,0.0,0.0,0.0,8.333333333333334,8.333333333333334,8.333333333333334,0.0,0.0,16.666666666666668,0.0,8.333333333333334,8.333333333333334,8.333333333333334,0
41,7,-0.5219512195121951,4469.195,0.04878048780487805,9.693804740905762,0.0,14.634146341463415,0.0,0.0,2.4390243902439024,17.073170731707318,4.878048780487805,4.878048780487805,4.878048780487805,4.878048780487805,2.4390243902439024,4.878048780487805,4.878048780487805,4.878048780487805,12.195121951219512,9.75609756097561,2.4390243902439024,2.4390243902439024,0.0,2.4390243902439024,1
21,2,-0.5,2575.9302,0.09523809523809523,10.3525426864624,0.0,4.761904761904762,0.0,0.0,4.761904761904762,4.761904761904762,14.285714285714286,4.761904761904762,0.0,9.523809523809524,4.761904761904762,19.047619047619047,0.0,4.761904761904762,9.523809523809524,4.761904761904762,0.0,9.523809523809524,4.761904761904762,0.0,0
19,4,0.35789473684210527,2040.5178,0.052631578947368425,10.03774356842041,15.789473684210526,5.2631578947368425,0.0,0.0,0.0,10.526315789473685,0.0,0.0,21.05263157894737,26.31578947368421,0.0,10.526315789473685,0.0,0.0,0.0,0.0,0.0,5.2631578947368425,5.2631578947368425,0.0,1
14,4,-1.8928571428571428,1816.1622,0.07142857142857144,11.000449943542481,0.0,0.0,0.0,7.142857142857143,0.0,7.142857142857143,7.142857142857143,7.142857142857143,14.285714285714286,0.0,14.285714285714286,7.142857142857143,7.142857142857143,0.0,21.428571428571427,0.0,0.0,0.0,0.0,7.142857142857143,0
47,3,-0.23829787234042554,5463.2786,0.14893617021276595,8.939975929260257,8.51063829787234,6.382978723404255,0.0,4.25531914893617,4.25531914893617,2.127659574468085,6.382978723404255,2.127659574468085,8.51063829787234,8.51063829787234,0.0,10.638297872340425,8.51063829787234,2.127659574468085,2.127659574468085,4.25531914893617,0.0,10.638297872340425,2.127659574468085,8.51063829787234,0
40,7,-0.47250000000000003,4679.4875999999995,0.125,9.69096813201904,2.5,15.0,2.5,0.0,5.0,10.0,0.0,10.0,2.5,2.5,0.0,5.0,10.0,2.5,17.5,2.5,5.0,0.0,2.5,5.0,1
19,2,0.2894736842105262,2469.8444999999997,0.3157894736842105,11.00096569061279,5.2631578947368425,0.0,0.0,0.0,31.57894736842105,0.0,26.31578947368421,10.526315789473685,5.2631578947368425,5.2631578947368425,0.0,0.0,0.0,0.0,5.2631578947368425,5.2631578947368425,5.2631578947368425,0.0,0.0,0.0,1
18,-1,-0.17777777777777784,2154.4447,0.2777777777777778,4.535490226745606,5.555555555555555,11.11111111111111,11.11111111111111,0.0,16.666666666666668,5.555555555555555,0.0,0.0,0.0,0.0,5.555555555555555,0.0,16.666666666666668,0.0,5.555555555555555,0.0,11.11111111111111,0.0,5.555555555555555,5.555555555555555,0
11,6,-0.47272727272727266,1378.7897,0.18181818181818182,10.699318122863769,0.0,0.0,0.0,0.0,18.181818181818183,0.0,0.0,0.0,54.54545454545455,0.0,0.0,0.0,0.0,0.0,0.0,0.0,0.0,27.272727272727273,0.0,0.0,1
12,0,-1.3499999999999999,1450.6420999999998,0.08333333333333334,6.448179054260252,0.0,8.333333333333334,8.333333333333334,8.333333333333334,0.0,8.333333333333334,0.0,0.0,0.0,8.333333333333334,8.333333333333334,8.333333333333334,16.666666666666668,0.0,16.666666666666668,0.0,0.0,0.0,0.0,8.333333333333334,0
27,-1,-0.23703703703703707,3369.8239999999996,0.25925925925925924,4.684465217590332,3.7037037037037037,0.0,11.11111111111111,3.7037037037037037,14.814814814814815,7.407407407407407,0.0,7.407407407407407,3.7037037037037037,3.7037037037037037,7.407407407407407,3.7037037037037037,3.7037037037037037,3.7037037037037037,7.407407407407407,3.7037037037037037,0.0,3.7037037037037037,7.407407407407407,3.7037037037037037,0
10,4,-0.74,1226.4753,0.0,11.999967765808105,10.0,0.0,0.0,0.0,0.0,0.0,0.0,10.0,10.0,10.0,0.0,0.0,0.0,10.0,30.0,10.0,0.0,10.0,0.0,0.0,1
11,-2,-1.8272727272727274,1386.4426,0.18181818181818182,4.252716255187988,9.090909090909092,9.090909090909092,0.0,27.272727272727273,0.0,0.0,0.0,0.0,9.090909090909092,0.0,0.0,9.090909090909092,0.0,9.090909090909092,0.0,9.090909090909092,0.0,0.0,9.090909090909092,9.090909090909092,0
19,1,0.02631578947368419,2480.9004,0.3157894736842105,8.175445365905762,5.2631578947368425,5.2631578947368425,0.0,5.2631578947368425,10.526315789473685,0.0,0.0,5.2631578947368425,10.526315789473685,5.2631578947368425,5.2631578947368425,5.2631578947368425,0.0,5.2631578947368425,0.0,5.2631578947368425,5.2631578947368425,5.2631578947368425,15.789473684210526,5.2631578947368425,0
8,1,-1.3375,915.0456000000001,0.0,8.591073036193851,0.0,0.0,0.0,12.5,0.0,12.5,0.0,0.0,25.0,12.5,0.0,12.5,0.0,12.5,0.0,0.0,0.0,12.5,0.0,0.0,0
12,1,-0.525,1371.5817,0.08333333333333334,8.590879631042483,0.0,0.0,0.0,0.0,0.0,8.333333333333334,0.0,0.0,8.333333333333334,16.666666666666668,16.666666666666668,25.0,0.0,0.0,0.0,16.666666666666668,0.0,0.0,0.0,8.333333333333334,0
23,5,-0.43913043478260866,2593.0307,0.13043478260869565,10.602486610412598,8.695652173913043,0.0,0.0,0.0,4.3478260869565215,8.695652173913043,0.0,4.3478260869565215,21.73913043478261,8.695652173913043,0.0,4.3478260869565215,0.0,4.3478260869565215,0.0,8.695652173913043,13.043478260869565,4.3478260869565215,8.695652173913043,0.0,1
37,1,0.8324324324324324,4357.4106,0.13513513513513514,7.9594118118286135,2.7027027027027026,8.108108108108109,2.7027027027027026,2.7027027027027026,5.405405405405405,8.108108108108109,2.7027027027027026,2.7027027027027026,5.405405405405405,13.513513513513514,13.513513513513514,0.0,5.405405405405405,2.7027027027027026,2.7027027027027026,2.7027027027027026,0.0,10.81081081081081,8.108108108108109,0.0,0
15,0,0.09333333333333332,1618.8748999999998,0.06666666666666667,5.965957069396972,0.0,6.666666666666667,0.0,6.666666666666667,0.0,13.333333333333334,0.0,0.0,0.0,6.666666666666667,6.666666666666667,0.0,13.333333333333334,0.0,6.666666666666667,13.333333333333334,6.666666666666667,13.333333333333334,6.666666666666667,0.0,0
11,1,-0.33636363636363636,1402.6804,0.09090909090909091,8.590106010437015,0.0,0.0,0.0,18.181818181818183,9.090909090909092,0.0,0.0,9.090909090909092,18.181818181818183,18.181818181818183,0.0,0.0,0.0,9.090909090909092,9.090909090909092,0.0,0.0,9.090909090909092,0.0,0.0,1
12,4,0.3,1669.0657999999999,0.33333333333333337,11.097152519226071,0.0,0.0,0.0,0.0,16.666666666666668,0.0,0.0,16.666666666666668,16.666666666666668,8.333333333333334,0.0,0.0,0.0,0.0,16.666666666666668,0.0,0.0,8.333333333333334,8.333333333333334,8.333333333333334,1
119,8,-0.6495798319327731,13601.5966,0.1092436974789916,9.100115394592287,2.5210084033613445,8.403361344537815,3.361344537815126,5.882352941176471,4.201680672268908,11.764705882352942,0.8403361344537815,3.361344537815126,8.403361344537815,5.042016806722689,2.5210084033613445,0.8403361344537815,5.882352941176471,8.403361344537815,7.563025210084033,6.722689075630252,2.5210084033613445,5.042016806722689,4.201680672268908,2.5210084033613445,1
16,1,1.28125,1615.9536,0.0625,8.59094409942627,6.25,0.0,6.25,0.0,6.25,18.75,0.0,12.5,12.5,12.5,0.0,0.0,0.0,0.0,0.0,6.25,0.0,18.75,0.0,0.0,1
17,2,-1.2647058823529411,1952.2223,0.05882352941176471,10.835024070739745,0.0,0.0,0.0,0.0,0.0,5.882352941176471,5.882352941176471,5.882352941176471,0.0,5.882352941176471,0.0,11.764705882352942,35.294117647058826,5.882352941176471,11.764705882352942,0.0,0.0,5.882352941176471,0.0,5.882352941176471,1
13,3,-0.19230769230769235,1462.6959,0.07692307692307693,11.000127601623536,23.076923076923077,0.0,0.0,0.0,0.0,0.0,0.0,0.0,7.6923076923076925,23.076923076923077,0.0,7.6923076923076925,0.0,0.0,15.384615384615385,15.384615384615385,0.0,0.0,0.0,7.6923076923076925,1
22,6,-0.7772727272727273,2507.0144,0.045454545454545456,10.46665172576904,4.545454545454546,9.090909090909092,0.0,0.0,0.0,9.090909090909092,0.0,9.090909090909092,13.636363636363637,0.0,4.545454545454546,4.545454545454546,9.090909090909092,4.545454545454546,13.636363636363637,4.545454545454546,4.545454545454546,4.545454545454546,0.0,4.545454545454546,1
12,0,0.04999999999999993,1316.4204,0.16666666666666669,6.917725944519043,0.0,0.0,0.0,0.0,16.666666666666668,16.666666666666668,16.666666666666668,0.0,0.0,8.333333333333334,0.0,0.0,0.0,8.333333333333334,0.0,16.666666666666668,8.333333333333334,8.333333333333334,0.0,0.0,0
13,0,-1.7461538461538462,1624.7784,0.07692307692307693,6.922500419616699,0.0,0.0,7.6923076923076925,7.6923076923076925,7.6923076923076925,0.0,15.384615384615385,0.0,7.6923076923076925,7.6923076923076925,7.6923076923076925,15.384615384615385,7.6923076923076925,0.0,7.6923076923076925,7.6923076923076925,0.0,0.0,0.0,0.0,0
12,-1,0.3833333333333333,1451.7757,0.08333333333333334,4.3702592849731445,0.0,0.0,8.333333333333334,8.333333333333334,0.0,16.666666666666668,0.0,8.333333333333334,0.0,16.666666666666668,25.0,0.0,0.0,0.0,8.333333333333334,0.0,0.0,0.0,8.333333333333334,0.0,0
28,5,1.0178571428571428,2864.5802000000003,0.03571428571428572,10.602615547180175,32.142857142857146,0.0,0.0,0.0,0.0,3.5714285714285716,0.0,0.0,17.857142857142858,21.428571428571427,3.5714285714285716,3.5714285714285716,0.0,0.0,0.0,0.0,3.5714285714285716,10.714285714285714,3.5714285714285716,0.0,1
11,4,0.5818181818181819,1430.8296,0.0,11.999967765808105,0.0,0.0,0.0,0.0,0.0,0.0,9.090909090909092,54.54545454545455,9.090909090909092,0.0,0.0,0.0,0.0,0.0,27.272727272727273,0.0,0.0,0.0,0.0,0.0,1
36,0,-0.3277777777777778,4301.045,0.08333333333333333,6.728054237365723,2.7777777777777777,8.333333333333334,5.555555555555555,2.7777777777777777,2.7777777777777777,2.7777777777777777,2.7777777777777777,2.7777777777777777,2.7777777777777777,5.555555555555555,13.88888888888889,0.0,2.7777777777777777,11.11111111111111,5.555555555555555,0.0,19.444444444444443,2.7777777777777777,2.7777777777777777,2.7777777777777777,0
12,0,0.9500000000000001,1576.8774999999998,0.33333333333333337,5.4943639755249025,0.0,0.0,0.0,0.0,8.333333333333334,0.0,0.0,8.333333333333334,0.0,0.0,16.666666666666668,8.333333333333334,0.0,0.0,0.0,8.333333333333334,8.333333333333334,16.666666666666668,16.666666666666668,8.333333333333334,0
4,1,-1.875,610.6614000000001,0.5,8.462780952453613,0.0,0.0,0.0,0.0,0.0,0.0,0.0,0.0,0.0,0.0,0.0,0.0,0.0,0.0,25.0,25.0,0.0,0.0,25.0,25.0,0
37,6,-1.037837837837838,4648.3622,0.18918918918918917,11.744350624084472,0.0,0.0,0.0,0.0,10.81081081081081,5.405405405405405,8.108108108108109,2.7027027027027026,8.108108108108109,5.405405405405405,8.108108108108109,10.81081081081081,8.108108108108109,5.405405405405405,8.108108108108109,2.7027027027027026,8.108108108108109,0.0,5.405405405405405,2.7027027027027026,0
17,3,-0.3470588235294118,1915.2020000000002,0.17647058823529413,9.787090492248534,11.764705882352942,5.882352941176471,0.0,0.0,5.882352941176471,11.764705882352942,5.882352941176471,0.0,11.764705882352942,0.0,5.882352941176471,0.0,0.0,0.0,5.882352941176471,17.647058823529413,0.0,5.882352941176471,5.882352941176471,5.882352941176471,0
11,1,1.3636363636363635,1238.4757,0.2727272727272727,8.750052070617677,18.181818181818183,0.0,0.0,0.0,18.181818181818183,9.090909090909092,0.0,0.0,9.090909090909092,18.181818181818183,0.0,0.0,0.0,0.0,0.0,9.090909090909092,0.0,9.090909090909092,9.090909090909092,0.0,1
21,0,-0.46190476190476193,2265.4838,0.09523809523809523,6.730782508850097,0.0,9.523809523809524,0.0,4.761904761904762,9.523809523809524,14.285714285714286,4.761904761904762,0.0,4.761904761904762,4.761904761904762,0.0,14.285714285714286,4.761904761904762,9.523809523809524,0.0,9.523809523809524,0.0,9.523809523809524,0.0,0.0,0
47,5,-0.15319148936170218,5304.167399999999,0.10638297872340424,9.151496696472169,2.127659574468085,12.76595744680851,4.25531914893617,0.0,4.25531914893617,8.51063829787234,4.25531914893617,8.51063829787234,2.127659574468085,6.382978723404255,0.0,0.0,10.638297872340425,0.0,12.76595744680851,10.638297872340425,4.25531914893617,2.127659574468085,0.0,6.382978723404255,1
15,0,-0.34,1689.9128999999998,0.06666666666666667,6.821554374694824,0.0,13.333333333333334,0.0,6.666666666666667,6.666666666666667,13.333333333333334,6.666666666666667,6.666666666666667,6.666666666666667,6.666666666666667,0.0,13.333333333333334,0.0,13.333333333333334,0.0,0.0,0.0,6.666666666666667,0.0,0.0,0
14,2,-0.07857142857142863,1740.1272999999999,0.07142857142857144,11.000256538391113,7.142857142857143,0.0,0.0,0.0,7.142857142857143,0.0,21.428571428571427,0.0,7.142857142857143,7.142857142857143,21.428571428571427,0.0,0.0,0.0,7.142857142857143,0.0,14.285714285714286,7.142857142857143,0.0,0.0,0
10,4,-0.6799999999999999,1198.4619,0.0,11.999967765808105,10.0,0.0,0.0,0.0,0.0,0.0,0.0,10.0,20.0,10.0,0.0,0.0,0.0,10.0,20.0,10.0,0.0,10.0,0.0,0.0,1
23,-4,0.22173913043478255,2722.0317,0.13043478260869565,4.0500284194946286,4.3478260869565215,4.3478260869565215,8.695652173913043,8.695652173913043,0.0,4.3478260869565215,4.3478260869565215,17.391304347826086,0.0,17.391304347826086,0.0,13.043478260869565,0.0,0.0,0.0,4.3478260869565215,0.0,0.0,4.3478260869565215,8.695652173913043,0
4,1,-0.04999999999999999,373.4478,0.0,8.750052070617677,0.0,0.0,0.0,0.0,0.0,50.0,0.0,25.0,25.0,0.0,0.0,0.0,0.0,0.0,0.0,0.0,0.0,0.0,0.0,0.0,1
25,1,-1.348,2822.0883,0.12,8.336487388610841,12.0,0.0,8.0,4.0,0.0,4.0,0.0,0.0,16.0,0.0,0.0,4.0,12.0,8.0,0.0,4.0,8.0,8.0,4.0,8.0,0
37,8,-1.983783783783784,4541.0838,0.08108108108108107,10.455369758605958,2.7027027027027026,2.7027027027027026,5.405405405405405,0.0,2.7027027027027026,2.7027027027027026,5.405405405405405,0.0,16.216216216216218,2.7027027027027026,5.405405405405405,16.216216216216218,0.0,8.108108108108109,10.81081081081081,5.405405405405405,5.405405405405405,2.7027027027027026,0.0,5.405405405405405,0
20,-2,-1.8350000000000002,2544.6881,0.15000000000000002,5.3015661239624015,0.0,0.0,20.0,5.0,5.0,0.0,10.0,10.0,10.0,0.0,0.0,5.0,5.0,5.0,5.0,5.0,5.0,0.0,5.0,5.0,0
11,0,0.08181818181818173,1438.6676,0.2727272727272727,6.747777366638184,0.0,0.0,0.0,9.090909090909092,18.181818181818183,0.0,9.090909090909092,0.0,9.090909090909092,27.272727272727273,0.0,0.0,0.0,9.090909090909092,0.0,0.0,9.090909090909092,0.0,0.0,9.090909090909092,1
44,3,-0.39545454545454545,4887.5208999999995,0.11363636363636365,8.650190544128417,4.545454545454546,13.636363636363637,2.272727272727273,4.545454545454546,2.272727272727273,13.636363636363637,2.272727272727273,2.272727272727273,6.818181818181818,4.545454545454546,0.0,9.090909090909092,0.0,0.0,6.818181818181818,6.818181818181818,4.545454545454546,6.818181818181818,4.545454545454546,4.545454545454546,1
16,5,0.9812500000000001,1755.2811000000002,0.0625,10.602486610412598,12.5,0.0,0.0,0.0,6.25,6.25,0.0,12.5,31.25,12.5,0.0,0.0,0.0,0.0,0.0,0.0,0.0,18.75,0.0,0.0,1
12,1,-0.55,1583.8985,0.16666666666666669,8.752501869201662,0.0,0.0,8.333333333333334,0.0,8.333333333333334,0.0,8.333333333333334,0.0,0.0,0.0,25.0,0.0,8.333333333333334,0.0,16.666666666666668,0.0,8.333333333333334,8.333333333333334,0.0,8.333333333333334,0
28,-1,-0.39285714285714285,3567.0437,0.2142857142857143,6.027058982849121,3.5714285714285716,14.285714285714286,3.5714285714285716,10.714285714285714,7.142857142857143,0.0,7.142857142857143,3.5714285714285716,3.5714285714285716,0.0,3.5714285714285716,0.0,0.0,3.5714285714285716,7.142857142857143,10.714285714285714,0.0,7.142857142857143,10.714285714285714,3.5714285714285716,0
6,0,1.1166666666666667,669.8098,0.0,5.954987144470215,0.0,0.0,0.0,0.0,0.0,0.0,0.0,16.666666666666668,0.0,16.666666666666668,0.0,0.0,16.666666666666668,16.666666666666668,0.0,0.0,16.666666666666668,16.666666666666668,0.0,0.0,0
20,3,-0.02000000000000004,2440.8881,0.2,9.784060478210446,20.0,5.0,0.0,5.0,15.0,0.0,10.0,5.0,10.0,5.0,5.0,0.0,0.0,0.0,10.0,0.0,5.0,0.0,0.0,5.0,0
16,4,-0.16875000000000004,1875.2309,0.0625,11.999967765808105,6.25,0.0,0.0,0.0,6.25,12.5,6.25,0.0,0.0,18.75,0.0,0.0,6.25,6.25,25.0,0.0,0.0,12.5,0.0,0.0,1
14,-2,-1.2357142857142858,1588.6553999999999,0.0,4.6489408493042,0.0,7.142857142857143,7.142857142857143,14.285714285714286,0.0,7.142857142857143,7.142857142857143,0.0,0.0,7.142857142857143,0.0,7.142857142857143,0.0,7.142857142857143,7.142857142857143,7.142857142857143,14.285714285714286,7.142857142857143,0.0,0.0,0
43,-6,-1.2255813953488373,5190.6738,0.11627906976744186,4.314216041564942,2.3255813953488373,9.30232558139535,9.30232558139535,13.953488372093023,2.3255813953488373,6.976744186046512,2.3255813953488373,2.3255813953488373,2.3255813953488373,2.3255813953488373,6.976744186046512,2.3255813953488373,4.651162790697675,6.976744186046512,6.976744186046512,2.3255813953488373,6.976744186046512,0.0,4.651162790697675,4.651162790697675,0
42,3,-0.9071428571428571,4914.5463,0.07142857142857144,9.774841499328613,2.380952380952381,2.380952380952381,4.761904761904762,7.142857142857143,7.142857142857143,7.142857142857143,2.380952380952381,2.380952380952381,7.142857142857143,7.142857142857143,2.380952380952381,9.523809523809524,4.761904761904762,7.142857142857143,11.904761904761905,4.761904761904762,0.0,9.523809523809524,0.0,0.0,0
24,0,0.425,2587.1304,0.08333333333333334,6.108054542541503,4.166666666666667,20.833333333333332,0.0,8.333333333333334,4.166666666666667,8.333333333333334,0.0,0.0,8.333333333333334,8.333333333333334,8.333333333333334,0.0,8.333333333333334,0.0,0.0,12.5,0.0,4.166666666666667,0.0,4.166666666666667,0
7,1,-2.2714285714285714,860.9784,0.0,8.463554573059085,0.0,0.0,0.0,14.285714285714286,0.0,0.0,0.0,0.0,14.285714285714286,0.0,14.285714285714286,14.285714285714286,14.285714285714286,0.0,14.285714285714286,14.285714285714286,0.0,0.0,0.0,0.0,0
19,-1,-1.5526315789473684,2378.5572,0.15789473684210528,5.999548912048339,0.0,0.0,10.526315789473685,5.2631578947368425,5.2631578947368425,0.0,10.526315789473685,0.0,5.2631578947368425,0.0,10.526315789473685,5.2631578947368425,5.2631578947368425,0.0,5.2631578947368425,21.05263157894737,5.2631578947368425,0.0,10.526315789473685,0.0,0
21,1,0.5571428571428572,2262.6686999999997,0.09523809523809523,8.59094409942627,9.523809523809524,0.0,4.761904761904762,0.0,4.761904761904762,14.285714285714286,0.0,14.285714285714286,9.523809523809524,9.523809523809524,4.761904761904762,4.761904761904762,0.0,4.761904761904762,0.0,4.761904761904762,4.761904761904762,4.761904761904762,4.761904761904762,0.0,1
26,0,-0.15769230769230771,3104.5591,0.19230769230769232,6.061844444274903,11.538461538461538,3.8461538461538463,3.8461538461538463,3.8461538461538463,7.6923076923076925,3.8461538461538463,0.0,0.0,0.0,3.8461538461538463,11.538461538461538,3.8461538461538463,3.8461538461538463,3.8461538461538463,7.6923076923076925,0.0,15.384615384615385,3.8461538461538463,3.8461538461538463,7.6923076923076925,0
20,-1,-0.53,2402.7473999999997,0.1,5.380288124084472,5.0,10.0,10.0,5.0,0.0,0.0,5.0,5.0,5.0,0.0,10.0,5.0,5.0,5.0,5.0,5.0,0.0,10.0,0.0,10.0,0
26,-3,-1.3653846153846154,3116.4195999999997,0.07692307692307693,5.094956398010253,0.0,3.8461538461538463,0.0,19.23076923076923,0.0,3.8461538461538463,7.6923076923076925,0.0,3.8461538461538463,3.8461538461538463,7.6923076923076925,0.0,11.538461538461538,7.6923076923076925,3.8461538461538463,11.538461538461538,3.8461538461538463,3.8461538461538463,3.8461538461538463,3.8461538461538463,0
26,7,-0.061538461538461556,3033.6936,0.11538461538461539,10.778420829772951,3.8461538461538463,0.0,0.0,0.0,7.6923076923076925,0.0,3.8461538461538463,3.8461538461538463,26.923076923076923,19.23076923076923,0.0,0.0,0.0,0.0,0.0,15.384615384615385,11.538461538461538,3.8461538461538463,3.8461538461538463,0.0,1
46,7,-0.43913043478260866,5242.2273,0.08695652173913043,9.20216884613037,2.1739130434782608,17.391304347826086,2.1739130434782608,2.1739130434782608,0.0,13.043478260869565,2.1739130434782608,4.3478260869565215,10.869565217391305,6.521739130434782,4.3478260869565215,2.1739130434782608,0.0,2.1739130434782608,8.695652173913043,2.1739130434782608,10.869565217391305,0.0,2.1739130434782608,6.521739130434782,1
15,3,0.1533333333333333,1914.3001,0.13333333333333333,11.711342811584473,0.0,0.0,0.0,0.0,0.0,0.0,0.0,13.333333333333334,0.0,20.0,0.0,0.0,6.666666666666667,6.666666666666667,20.0,6.666666666666667,6.666666666666667,6.666666666666667,6.666666666666667,6.666666666666667,0
5,0,0.74,581.6598,0.4,5.524318122863768,0.0,0.0,0.0,0.0,20.0,20.0,0.0,0.0,0.0,0.0,0.0,0.0,20.0,0.0,0.0,0.0,0.0,20.0,0.0,20.0,1
12,3,-0.7999999999999999,1247.4895999999999,0.0,11.16626262664795,33.333333333333336,0.0,0.0,0.0,0.0,0.0,0.0,0.0,16.666666666666668,8.333333333333334,0.0,0.0,25.0,8.333333333333334,8.333333333333334,0.0,0.0,0.0,0.0,0.0,0
20,1,-0.07000000000000003,2550.0517,0.3,8.163905525207518,5.0,5.0,5.0,0.0,5.0,10.0,5.0,0.0,10.0,5.0,15.0,0.0,5.0,0.0,0.0,0.0,0.0,5.0,15.0,10.0,0
63,-3,-0.5650793650793651,7615.4637,0.2222222222222222,5.168335533142089,0.0,1.5873015873015872,7.936507936507937,6.349206349206349,11.11111111111111,11.11111111111111,3.1746031746031744,4.761904761904762,6.349206349206349,4.761904761904762,3.1746031746031744,4.761904761904762,3.1746031746031744,6.349206349206349,3.1746031746031744,3.1746031746031744,1.5873015873015872,6.349206349206349,4.761904761904762,6.349206349206349,0
18,1,-1.3444444444444443,2174.4214,0.05555555555555555,8.603773307800296,0.0,0.0,0.0,11.11111111111111,0.0,11.11111111111111,11.11111111111111,5.555555555555555,5.555555555555555,11.11111111111111,0.0,5.555555555555555,5.555555555555555,11.11111111111111,11.11111111111111,0.0,0.0,5.555555555555555,0.0,5.555555555555555,0
15,8,-0.9,1852.4429,0.06666666666666667,10.845339012145995,0.0,0.0,0.0,0.0,0.0,6.666666666666667,0.0,0.0,53.333333333333336,33.333333333333336,0.0,0.0,0.0,0.0,0.0,0.0,0.0,0.0,6.666666666666667,0.0,1
20,1,0.08499999999999999,2317.7455,0.1,8.155073356628417,5.0,5.0,0.0,5.0,0.0,0.0,0.0,10.0,10.0,5.0,10.0,15.0,5.0,0.0,0.0,10.0,0.0,10.0,0.0,10.0,0
25,2,0.348,2866.3842,0.04,9.311120414733885,8.0,4.0,4.0,4.0,0.0,0.0,4.0,12.0,8.0,16.0,0.0,4.0,0.0,0.0,8.0,12.0,4.0,8.0,4.0,0.0,0
23,4,0.14347826086956514,2874.3923,0.2608695652173913,11.999967765808105,0.0,0.0,0.0,0.0,26.08695652173913,13.043478260869565,13.043478260869565,13.043478260869565,8.695652173913043,8.695652173913043,0.0,0.0,0.0,8.695652173913043,8.695652173913043,0.0,0.0,0.0,0.0,0.0,1
20,5,-0.505,2270.7174,0.1,10.565094947814941,5.0,0.0,0.0,0.0,0.0,10.0,0.0,10.0,15.0,5.0,0.0,5.0,15.0,0.0,10.0,0.0,5.0,10.0,0.0,10.0,1
33,5,0.1515151515151515,3516.1826,0.09090909090909091,9.699349021911619,15.151515151515152,6.0606060606060606,0.0,3.0303030303030303,6.0606060606060606,9.090909090909092,0.0,3.0303030303030303,18.181818181818183,15.151515151515152,0.0,3.0303030303030303,0.0,6.0606060606060606,0.0,9.090909090909092,0.0,3.0303030303030303,0.0,3.0303030303030303,1
12,-2,-0.8083333333333335,1501.6606,0.16666666666666669,4.353548622131348,0.0,0.0,8.333333333333334,8.333333333333334,0.0,0.0,8.333333333333334,8.333333333333334,0.0,8.333333333333334,8.333333333333334,8.333333333333334,16.666666666666668,0.0,0.0,8.333333333333334,0.0,0.0,8.333333333333334,8.333333333333334,0
33,1,-0.096969696969697,4122.6674,0.2727272727272727,8.518481636047362,6.0606060606060606,0.0,3.0303030303030303,0.0,12.121212121212121,3.0303030303030303,9.090909090909092,9.090909090909092,3.0303030303030303,0.0,3.0303030303030303,6.0606060606060606,6.0606060606060606,6.0606060606060606,3.0303030303030303,6.0606060606060606,0.0,9.090909090909092,9.090909090909092,6.0606060606060606,0
11,0,0.5272727272727272,1312.5328,0.18181818181818182,5.1833410263061515,0.0,9.090909090909092,0.0,0.0,9.090909090909092,0.0,0.0,0.0,0.0,18.181818181818183,0.0,0.0,9.090909090909092,18.181818181818183,0.0,0.0,18.181818181818183,9.090909090909092,0.0,9.090909090909092,0
12,-1,0.24166666666666667,1346.5077999999999,0.08333333333333334,5.218126487731933,8.333333333333334,8.333333333333334,0.0,8.333333333333334,0.0,0.0,8.333333333333334,16.666666666666668,0.0,0.0,0.0,8.333333333333334,8.333333333333334,0.0,0.0,8.333333333333334,8.333333333333334,8.333333333333334,0.0,8.333333333333334,0
21,6,0.20476190476190476,2136.6683,0.047619047619047616,10.699318122863769,28.571428571428573,0.0,0.0,0.0,0.0,14.285714285714286,0.0,0.0,28.571428571428573,23.80952380952381,0.0,0.0,0.0,0.0,0.0,0.0,0.0,0.0,4.761904761904762,0.0,1
30,-1,-0.44333333333333336,3630.126,0.13333333333333333,6.426807594299316,10.0,6.666666666666667,6.666666666666667,6.666666666666667,6.666666666666667,6.666666666666667,13.333333333333334,6.666666666666667,3.3333333333333335,6.666666666666667,6.666666666666667,3.3333333333333335,0.0,3.3333333333333335,6.666666666666667,0.0,0.0,0.0,3.3333333333333335,3.3333333333333335,0
19,1,-0.12105263157894736,2268.68,0.10526315789473685,8.045606040954592,5.2631578947368425,10.526315789473685,0.0,10.526315789473685,0.0,5.2631578947368425,0.0,10.526315789473685,5.2631578947368425,0.0,5.2631578947368425,0.0,5.2631578947368425,5.2631578947368425,10.526315789473685,5.2631578947368425,0.0,10.526315789473685,5.2631578947368425,5.2631578947368425,0
7,5,-3.3000000000000003,1115.3368,0.28571428571428575,11.999967765808105,0.0,0.0,0.0,0.0,0.0,0.0,0.0,0.0,28.571428571428573,0.0,0.0,0.0,0.0,0.0,42.857142857142854,0.0,0.0,0.0,28.571428571428573,0.0,1
18,5,0.9944444444444444,1877.4474,0.0,10.602486610412598,33.333333333333336,0.0,0.0,0.0,0.0,0.0,0.0,0.0,27.77777777777778,38.888888888888886,0.0,0.0,0.0,0.0,0.0,0.0,0.0,0.0,0.0,0.0,1
28,3,1.032142857142857,2851.4952999999996,0.03571428571428572,10.001705741882326,32.142857142857146,0.0,3.5714285714285716,0.0,0.0,3.5714285714285716,0.0,0.0,14.285714285714286,21.428571428571427,3.5714285714285716,3.5714285714285716,0.0,0.0,0.0,0.0,3.5714285714285716,10.714285714285714,3.5714285714285716,0.0,1
20,7,-0.48500000000000004,2422.9525,0.2,10.778420829772951,10.0,0.0,0.0,0.0,15.0,0.0,5.0,5.0,35.0,10.0,0.0,0.0,0.0,0.0,0.0,15.0,0.0,0.0,5.0,0.0,1
16,3,-0.11875000000000005,1933.2155000000002,0.25,11.999967765808105,6.25,0.0,0.0,0.0,25.0,6.25,0.0,0.0,6.25,12.5,0.0,6.25,0.0,6.25,12.5,6.25,12.5,0.0,0.0,0.0,1
30,4,-0.3466666666666667,3189.7398999999996,0.1,8.919539451599121,0.0,20.0,0.0,3.3333333333333335,3.3333333333333335,23.333333333333332,0.0,0.0,6.666666666666667,0.0,3.3333333333333335,0.0,6.666666666666667,3.3333333333333335,10.0,6.666666666666667,0.0,6.666666666666667,0.0,6.666666666666667,1
4,0,-0.10000000000000003,462.5027999999999,0.0,6.917725944519043,25.0,0.0,0.0,0.0,0.0,0.0,50.0,0.0,0.0,0.0,0.0,0.0,0.0,0.0,0.0,0.0,0.0,25.0,0.0,0.0,0
16,3,1.55625,1627.0657,0.0625,10.302063941955566,18.75,0.0,0.0,0.0,6.25,12.5,0.0,12.5,18.75,12.5,0.0,0.0,0.0,0.0,0.0,0.0,0.0,18.75,0.0,0.0,1
23,-2,-0.1130434782608696,2709.0661,0.13043478260869565,5.700405311584473,13.043478260869565,8.695652173913043,4.3478260869565215,4.3478260869565215,0.0,4.3478260869565215,13.043478260869565,4.3478260869565215,0.0,8.695652173913043,8.695652173913043,4.3478260869565215,0.0,4.3478260869565215,0.0,0.0,8.695652173913043,0.0,4.3478260869565215,8.695652173913043,0
13,3,-0.9538461538461539,1730.0282,0.15384615384615385,9.696061134338382,0.0,15.384615384615385,0.0,0.0,0.0,0.0,7.6923076923076925,7.6923076923076925,7.6923076923076925,7.6923076923076925,0.0,7.6923076923076925,0.0,7.6923076923076925,15.384615384615385,7.6923076923076925,0.0,0.0,15.384615384615385,0.0,0
39,1,0.4051282051282051,4476.1885,0.20512820512820515,8.23965587615967,10.256410256410257,2.5641025641025643,0.0,2.5641025641025643,15.384615384615385,7.6923076923076925,5.128205128205129,12.820512820512821,2.5641025641025643,2.5641025641025643,2.5641025641025643,10.256410256410257,10.256410256410257,0.0,2.5641025641025643,0.0,5.128205128205129,2.5641025641025643,5.128205128205129,0.0,0
18,-1,-0.31666666666666665,2162.4041,0.16666666666666666,4.558112144470216,5.555555555555555,11.11111111111111,11.11111111111111,5.555555555555555,11.11111111111111,5.555555555555555,0.0,5.555555555555555,0.0,5.555555555555555,0.0,0.0,0.0,5.555555555555555,11.11111111111111,0.0,16.666666666666668,0.0,5.555555555555555,0.0,0
43,-4,0.26046511627906976,4844.5886,0.09302325581395349,4.597672080993653,6.976744186046512,6.976744186046512,6.976744186046512,4.651162790697675,4.651162790697675,2.3255813953488373,4.651162790697675,2.3255813953488373,2.3255813953488373,4.651162790697675,9.30232558139535,6.976744186046512,6.976744186046512,2.3255813953488373,0.0,4.651162790697675,4.651162790697675,13.953488372093023,2.3255813953488373,2.3255813953488373,0
12,5,0.20833333333333334,1559.0019,0.0,11.999967765808105,0.0,0.0,0.0,0.0,0.0,0.0,8.333333333333334,50.0,16.666666666666668,0.0,0.0,0.0,0.0,0.0,25.0,0.0,0.0,0.0,0.0,0.0,1
43,-1,1.197674418604651,4379.0815999999995,0.11627906976744186,4.0500284194946286,20.930232558139537,0.0,0.0,2.3255813953488373,2.3255813953488373,11.627906976744185,0.0,11.627906976744185,0.0,4.651162790697675,2.3255813953488373,6.976744186046512,4.651162790697675,2.3255813953488373,0.0,0.0,4.651162790697675,16.27906976744186,2.3255813953488373,6.976744186046512,1
13,4,-1.0846153846153845,1718.0773,0.15384615384615385,10.306834602355956,7.6923076923076925,7.6923076923076925,0.0,7.6923076923076925,0.0,0.0,0.0,7.6923076923076925,23.076923076923077,7.6923076923076925,0.0,0.0,0.0,0.0,15.384615384615385,0.0,7.6923076923076925,0.0,15.384615384615385,0.0,0
26,1,-0.5884615384615385,3042.3835999999997,0.1923076923076923,8.511454582214355,0.0,0.0,3.8461538461538463,0.0,11.538461538461538,11.538461538461538,7.6923076923076925,7.6923076923076925,3.8461538461538463,0.0,3.8461538461538463,0.0,7.6923076923076925,11.538461538461538,3.8461538461538463,7.6923076923076925,7.6923076923076925,3.8461538461538463,0.0,7.6923076923076925,0
38,6,-1.1394736842105262,4512.2251,0.052631578947368425,10.605258750915528,0.0,0.0,2.6315789473684212,10.526315789473685,5.2631578947368425,10.526315789473685,0.0,13.157894736842104,15.789473684210526,7.894736842105263,0.0,2.6315789473684212,2.6315789473684212,7.894736842105263,13.157894736842104,2.6315789473684212,5.2631578947368425,0.0,0.0,0.0,1
39,5,-0.47179487179487184,4487.2964999999995,0.07692307692307693,10.115750312805172,5.128205128205129,0.0,0.0,12.820512820512821,7.6923076923076925,12.820512820512821,0.0,10.256410256410257,17.94871794871795,12.820512820512821,0.0,0.0,0.0,7.6923076923076925,7.6923076923076925,2.5641025641025643,0.0,2.5641025641025643,0.0,0.0,1
17,1,-1.6117647058823528,2036.1880999999998,0.11764705882352942,7.946195793151856,0.0,5.882352941176471,11.764705882352942,0.0,5.882352941176471,0.0,5.882352941176471,0.0,5.882352941176471,0.0,0.0,11.764705882352942,11.764705882352942,0.0,11.764705882352942,11.764705882352942,5.882352941176471,5.882352941176471,0.0,5.882352941176471,0
15,3,0.11999999999999995,1719.0452,0.06666666666666667,11.999967765808105,6.666666666666667,0.0,0.0,0.0,6.666666666666667,13.333333333333334,6.666666666666667,0.0,0.0,20.0,0.0,0.0,6.666666666666667,6.666666666666667,20.0,0.0,0.0,13.333333333333334,0.0,0.0,1
6,0,3.25,833.0257,0.6666666666666667,5.525000190734862,0.0,0.0,0.0,0.0,66.66666666666667,0.0,0.0,16.666666666666668,0.0,16.666666666666668,0.0,0.0,0.0,0.0,0.0,0.0,0.0,0.0,0.0,0.0,1
21,-2,-1.5619047619047617,2500.6074,0.19047619047619047,4.407431983947753,0.0,4.761904761904762,4.761904761904762,14.285714285714286,9.523809523809524,9.523809523809524,0.0,0.0,4.761904761904762,0.0,0.0,0.0,4.761904761904762,14.285714285714286,4.761904761904762,9.523809523809524,9.523809523809524,0.0,0.0,9.523809523809524,0
19,2,1.3315789473684212,1943.3728,0.052631578947368425,10.002737236022949,10.526315789473685,0.0,0.0,0.0,5.2631578947368425,5.2631578947368425,0.0,5.2631578947368425,10.526315789473685,26.31578947368421,0.0,0.0,5.2631578947368425,0.0,0.0,21.05263157894737,0.0,10.526315789473685,0.0,0.0,1
47,9,-0.11914893617021277,5684.9155,0.06382978723404255,11.630886268615722,0.0,4.25531914893617,4.25531914893617,0.0,4.25531914893617,4.25531914893617,4.25531914893617,6.382978723404255,8.51063829787234,10.638297872340425,8.51063829787234,4.25531914893617,2.127659574468085,2.127659574468085,14.893617021276595,4.25531914893617,4.25531914893617,10.638297872340425,2.127659574468085,0.0,0
18,3,-1.4055555555555557,2108.408,0.05555555555555555,11.711342811584473,0.0,0.0,0.0,0.0,0.0,5.555555555555555,5.555555555555555,11.11111111111111,0.0,0.0,0.0,11.11111111111111,33.333333333333336,5.555555555555555,16.666666666666668,0.0,0.0,5.555555555555555,0.0,5.555555555555555,1
19,1,0.9210526315789473,1989.3202999999999,0.052631578947368425,8.76417064666748,21.05263157894737,0.0,0.0,0.0,5.2631578947368425,0.0,10.526315789473685,15.789473684210526,5.2631578947368425,10.526315789473685,0.0,5.2631578947368425,5.2631578947368425,0.0,0.0,15.789473684210526,0.0,5.2631578947368425,0.0,0.0,1
22,1,-0.32727272727272727,2375.6425999999997,0.045454545454545456,8.273437309265141,9.090909090909092,4.545454545454546,4.545454545454546,0.0,0.0,9.090909090909092,4.545454545454546,4.545454545454546,0.0,0.0,4.545454545454546,4.545454545454546,4.545454545454546,9.090909090909092,9.090909090909092,13.636363636363637,0.0,13.636363636363637,0.0,4.545454545454546,0
9,-1,-0.3333333333333333,1095.314,0.0,4.3702592849731445,0.0,11.11111111111111,11.11111111111111,11.11111111111111,0.0,0.0,0.0,11.11111111111111,0.0,0.0,22.22222222222222,0.0,11.11111111111111,0.0,11.11111111111111,0.0,11.11111111111111,0.0,0.0,0.0,0
13,1,1.1307692307692307,1421.7695999999999,0.07692307692307693,9.750021171569824,0.0,0.0,0.0,0.0,7.6923076923076925,15.384615384615385,0.0,15.384615384615385,0.0,15.384615384615385,15.384615384615385,0.0,7.6923076923076925,0.0,7.6923076923076925,15.384615384615385,0.0,0.0,0.0,0.0,1
19,1,-0.47368421052631576,2215.5329,0.10526315789473685,8.567799949645995,5.2631578947368425,0.0,5.2631578947368425,5.2631578947368425,0.0,10.526315789473685,5.2631578947368425,0.0,5.2631578947368425,5.2631578947368425,5.2631578947368425,0.0,5.2631578947368425,0.0,10.526315789473685,0.0,10.526315789473685,15.789473684210526,5.2631578947368425,5.2631578947368425,0
29,3,0.12068965517241381,3082.6598999999997,0.034482758620689655,9.243170738220215,17.24137931034483,6.896551724137931,6.896551724137931,0.0,3.4482758620689653,3.4482758620689653,0.0,3.4482758620689653,17.24137931034483,10.344827586206897,3.4482758620689653,10.344827586206897,0.0,0.0,0.0,0.0,10.344827586206897,6.896551724137931,0.0,0.0,1
19,6,-0.868421052631579,2252.6873,0.10526315789473685,11.580343055725102,5.2631578947368425,0.0,5.2631578947368425,0.0,5.2631578947368425,15.789473684210526,0.0,15.789473684210526,15.789473684210526,0.0,5.2631578947368425,0.0,0.0,0.0,21.05263157894737,5.2631578947368425,0.0,0.0,0.0,5.2631578947368425,0
44,2,-0.36590909090909096,4859.4644,0.11363636363636365,8.318629646301272,4.545454545454546,13.636363636363637,2.272727272727273,4.545454545454546,2.272727272727273,13.636363636363637,2.272727272727273,4.545454545454546,6.818181818181818,4.545454545454546,0.0,11.363636363636363,0.0,0.0,4.545454545454546,6.818181818181818,4.545454545454546,4.545454545454546,4.545454545454546,4.545454545454546,1
25,1,-0.88,3251.6567,0.24,8.180667304992678,8.0,4.0,4.0,4.0,4.0,0.0,12.0,0.0,4.0,8.0,4.0,4.0,4.0,4.0,8.0,4.0,0.0,4.0,8.0,12.0,0
11,5,0.3090909090909091,1357.812,0.09090909090909091,10.602486610412598,0.0,0.0,0.0,0.0,9.090909090909092,0.0,0.0,9.090909090909092,45.45454545454545,27.272727272727273,0.0,0.0,0.0,0.0,0.0,0.0,0.0,9.090909090909092,0.0,0.0,1
15,4,-0.9133333333333333,1768.0713999999998,0.06666666666666667,11.999967765808105,6.666666666666667,0.0,0.0,0.0,0.0,6.666666666666667,0.0,13.333333333333334,13.333333333333334,6.666666666666667,0.0,0.0,6.666666666666667,13.333333333333334,13.333333333333334,13.333333333333334,0.0,0.0,6.666666666666667,0.0,1
30,2,0.36666666666666664,3223.7828,0.06666666666666667,9.196044349670409,3.3333333333333335,3.3333333333333335,3.3333333333333335,3.3333333333333335,6.666666666666667,13.333333333333334,0.0,6.666666666666667,10.0,16.666666666666668,0.0,6.666666666666667,0.0,0.0,3.3333333333333335,0.0,16.666666666666668,6.666666666666667,0.0,0.0,1
25,6,4.4408920985006264e-17,2598.0571999999997,0.16,10.699318122863769,60.0,0.0,0.0,0.0,0.0,0.0,0.0,0.0,24.0,0.0,0.0,0.0,0.0,0.0,0.0,0.0,0.0,0.0,16.0,0.0,1
21,6,-0.8142857142857144,2473.8835,0.047619047619047616,11.999967765808105,4.761904761904762,0.0,0.0,0.0,0.0,9.523809523809524,4.761904761904762,0.0,4.761904761904762,14.285714285714286,0.0,0.0,4.761904761904762,4.761904761904762,23.80952380952381,9.523809523809524,4.761904761904762,9.523809523809524,4.761904761904762,0.0,1
16,3,1.39375,1643.0651,0.0625,10.302063941955566,12.5,0.0,0.0,0.0,6.25,12.5,0.0,12.5,18.75,12.5,0.0,0.0,0.0,0.0,0.0,6.25,0.0,18.75,0.0,0.0,1
37,5,0.07837837837837837,3929.6512999999995,0.08108108108108109,9.699349021911619,16.216216216216218,5.405405405405405,0.0,5.405405405405405,8.108108108108109,8.108108108108109,0.0,2.7027027027027026,18.91891891891892,13.513513513513514,0.0,5.405405405405405,0.0,2.7027027027027026,0.0,5.405405405405405,5.405405405405405,2.7027027027027026,0.0,0.0,1
6,0,2.7999999999999994,901.0581,1.0,5.525000190734862,0.0,0.0,0.0,0.0,100.0,0.0,0.0,0.0,0.0,0.0,0.0,0.0,0.0,0.0,0.0,0.0,0.0,0.0,0.0,0.0,1
21,4,1.0809523809523809,2358.0712,0.047619047619047616,9.850656318664551,4.761904761904762,9.523809523809524,0.0,0.0,4.761904761904762,4.761904761904762,0.0,9.523809523809524,14.285714285714286,28.571428571428573,4.761904761904762,0.0,9.523809523809524,0.0,4.761904761904762,4.761904761904762,0.0,0.0,0.0,0.0,1
22,-4,-0.7136363636363637,2390.4735,0.09090909090909091,4.0500284194946286,13.636363636363637,0.0,9.090909090909092,9.090909090909092,4.545454545454546,9.090909090909092,4.545454545454546,4.545454545454546,0.0,4.545454545454546,0.0,4.545454545454546,4.545454545454546,13.636363636363637,0.0,4.545454545454546,4.545454545454546,4.545454545454546,0.0,4.545454545454546,0
15,2,-0.6333333333333333,1826.1405,0.13333333333333333,9.403761482238771,0.0,0.0,0.0,13.333333333333334,6.666666666666667,0.0,0.0,6.666666666666667,26.666666666666668,6.666666666666667,0.0,0.0,0.0,6.666666666666667,0.0,13.333333333333334,0.0,13.333333333333334,0.0,6.666666666666667,1
16,2,-0.76875,1992.2812,0.1875,8.788088417053224,6.25,12.5,6.25,0.0,0.0,0.0,6.25,6.25,12.5,0.0,0.0,0.0,0.0,6.25,6.25,0.0,12.5,6.25,0.0,18.75,0
44,-3,0.23409090909090907,4988.7038999999995,0.11363636363636363,4.724707221984862,9.090909090909092,9.090909090909092,4.545454545454546,4.545454545454546,4.545454545454546,2.272727272727273,4.545454545454546,4.545454545454546,0.0,2.272727272727273,4.545454545454546,6.818181818181818,9.090909090909092,4.545454545454546,2.272727272727273,6.818181818181818,0.0,13.636363636363637,6.818181818181818,0.0,0
16,1,-0.2125,1891.1824000000001,0.0625,8.07236042022705,0.0,12.5,12.5,0.0,0.0,12.5,0.0,25.0,0.0,0.0,0.0,6.25,0.0,0.0,18.75,0.0,6.25,0.0,6.25,0.0,1
40,3,0.22249999999999998,4101.6804999999995,0.07500000000000001,8.680168342590331,17.5,15.0,2.5,0.0,2.5,15.0,7.5,2.5,2.5,5.0,0.0,2.5,0.0,0.0,7.5,5.0,5.0,5.0,0.0,5.0,1
14,2,0.7857142857142857,1575.956,0.07142857142857144,10.002737236022949,7.142857142857143,0.0,0.0,0.0,7.142857142857143,7.142857142857143,0.0,14.285714285714286,14.285714285714286,21.428571428571427,7.142857142857143,14.285714285714286,0.0,0.0,0.0,0.0,7.142857142857143,0.0,0.0,0.0,1
24,0,-0.8375,3103.4966,0.20833333333333337,6.904766654968263,4.166666666666667,8.333333333333334,8.333333333333334,4.166666666666667,8.333333333333334,0.0,8.333333333333334,4.166666666666667,0.0,0.0,8.333333333333334,4.166666666666667,4.166666666666667,0.0,12.5,4.166666666666667,8.333333333333334,0.0,8.333333333333334,4.166666666666667,0
31,2,-0.20967741935483875,3614.2079999999996,0.0967741935483871,8.95461025238037,6.451612903225806,6.451612903225806,3.225806451612903,6.451612903225806,6.451612903225806,6.451612903225806,0.0,12.903225806451612,3.225806451612903,9.67741935483871,0.0,9.67741935483871,9.67741935483871,0.0,12.903225806451612,0.0,3.225806451612903,0.0,3.225806451612903,0.0,1
27,-1,-0.6814814814814816,3234.6166999999996,0.14814814814814814,6.030639839172363,0.0,7.407407407407407,3.7037037037037037,7.407407407407407,3.7037037037037037,3.7037037037037037,7.407407407407407,3.7037037037037037,7.407407407407407,11.11111111111111,0.0,3.7037037037037037,7.407407407407407,3.7037037037037037,0.0,7.407407407407407,11.11111111111111,0.0,7.407407407407407,3.7037037037037037,0
9,2,0.26666666666666666,968.1777999999999,0.0,9.510650062561037,22.22222222222222,11.11111111111111,0.0,0.0,0.0,11.11111111111111,11.11111111111111,11.11111111111111,11.11111111111111,11.11111111111111,0.0,0.0,0.0,0.0,11.11111111111111,0.0,0.0,0.0,0.0,0.0,1
34,6,0.020588235294117654,3391.0608,0.029411764705882356,10.391030311584473,20.58823529411765,0.0,0.0,5.882352941176471,2.9411764705882355,17.647058823529413,0.0,0.0,20.58823529411765,14.705882352941176,0.0,2.9411764705882355,2.9411764705882355,0.0,2.9411764705882355,0.0,0.0,8.823529411764707,0.0,0.0,1
12,6,-0.9500000000000001,1752.1264999999999,0.16666666666666669,11.999967765808105,0.0,0.0,0.0,0.0,0.0,0.0,0.0,16.666666666666668,0.0,0.0,0.0,0.0,0.0,0.0,50.0,0.0,0.0,16.666666666666668,16.666666666666668,0.0,1
38,-3,-0.8236842105263158,4678.1384,0.15789473684210525,5.389155006408691,2.6315789473684212,2.6315789473684212,5.2631578947368425,13.157894736842104,7.894736842105263,0.0,7.894736842105263,0.0,5.2631578947368425,2.6315789473684212,2.6315789473684212,7.894736842105263,5.2631578947368425,0.0,5.2631578947368425,5.2631578947368425,5.2631578947368425,13.157894736842104,5.2631578947368425,2.6315789473684212,0
15,0,-0.3533333333333334,1835.0210000000002,0.33333333333333337,6.7408430099487315,6.666666666666667,0.0,6.666666666666667,0.0,13.333333333333334,6.666666666666667,6.666666666666667,0.0,6.666666666666667,6.666666666666667,0.0,6.666666666666667,6.666666666666667,0.0,0.0,0.0,6.666666666666667,6.666666666666667,0.0,20.0,0
14,2,-0.22857142857142865,1733.0669999999998,0.0,10.835024070739745,0.0,0.0,0.0,7.142857142857143,0.0,0.0,7.142857142857143,14.285714285714286,7.142857142857143,28.571428571428573,0.0,7.142857142857143,0.0,7.142857142857143,14.285714285714286,7.142857142857143,0.0,0.0,0.0,0.0,1
12,3,-0.9249999999999999,1566.8515,0.16666666666666669,10.860424613952638,8.333333333333334,8.333333333333334,0.0,0.0,8.333333333333334,0.0,0.0,0.0,8.333333333333334,0.0,8.333333333333334,8.333333333333334,0.0,16.666666666666668,16.666666666666668,0.0,0.0,8.333333333333334,8.333333333333334,0.0,1
12,5,-0.19999999999999998,1526.9219999999998,0.0,11.82500057220459,0.0,16.666666666666668,0.0,0.0,0.0,0.0,0.0,8.333333333333334,0.0,8.333333333333334,0.0,0.0,8.333333333333334,0.0,41.666666666666664,0.0,0.0,16.666666666666668,0.0,0.0,1
8,0,-0.4000000000000001,925.0833,0.125,5.275022315979004,0.0,0.0,0.0,0.0,12.5,12.5,0.0,0.0,0.0,0.0,25.0,0.0,12.5,25.0,0.0,12.5,0.0,0.0,0.0,0.0,0
62,0,-0.4080645161290323,7528.511100000001,0.16129032258064516,6.966777992248535,4.838709677419355,8.064516129032258,3.225806451612903,4.838709677419355,4.838709677419355,1.6129032258064515,9.67741935483871,3.225806451612903,1.6129032258064515,6.451612903225806,4.838709677419355,4.838709677419355,3.225806451612903,3.225806451612903,6.451612903225806,8.064516129032258,4.838709677419355,4.838709677419355,3.225806451612903,8.064516129032258,0
17,5,-0.5764705882352942,1965.4697,0.0,10.301548194885253,0.0,0.0,0.0,5.882352941176471,0.0,11.764705882352942,0.0,17.647058823529413,35.294117647058826,17.647058823529413,0.0,0.0,0.0,11.764705882352942,0.0,0.0,0.0,0.0,0.0,0.0,1
17,-3,-1.2941176470588236,2116.1982000000003,0.23529411764705885,4.0500284194946286,0.0,0.0,17.647058823529413,5.882352941176471,11.764705882352942,0.0,0.0,0.0,5.882352941176471,5.882352941176471,0.0,0.0,5.882352941176471,11.764705882352942,0.0,17.647058823529413,5.882352941176471,0.0,11.764705882352942,0.0,0
12,2,-1.0416666666666667,1346.5543,0.08333333333333334,9.314085960388184,0.0,8.333333333333334,0.0,0.0,0.0,16.666666666666668,0.0,8.333333333333334,16.666666666666668,0.0,0.0,0.0,8.333333333333334,16.666666666666668,0.0,0.0,16.666666666666668,0.0,8.333333333333334,0.0,0
48,1,-0.2354166666666667,5312.0489,0.0625,7.882694435119628,8.333333333333334,8.333333333333334,2.0833333333333335,6.25,4.166666666666667,6.25,2.0833333333333335,4.166666666666667,4.166666666666667,6.25,4.166666666666667,4.166666666666667,2.0833333333333335,6.25,6.25,6.25,12.5,4.166666666666667,0.0,2.0833333333333335,0
26,1,-0.6846153846153846,3287.7583999999997,0.19230769230769232,7.969017601013183,7.6923076923076925,11.538461538461538,3.8461538461538463,3.8461538461538463,3.8461538461538463,3.8461538461538463,7.6923076923076925,3.8461538461538463,0.0,3.8461538461538463,7.6923076923076925,11.538461538461538,3.8461538461538463,0.0,11.538461538461538,0.0,0.0,0.0,7.6923076923076925,7.6923076923076925,0
24,-2,0.5666666666666667,2550.921,0.125,4.0500284194946286,12.5,4.166666666666667,8.333333333333334,4.166666666666667,4.166666666666667,12.5,0.0,12.5,4.166666666666667,8.333333333333334,0.0,0.0,8.333333333333334,0.0,0.0,0.0,8.333333333333334,4.166666666666667,4.166666666666667,4.166666666666667,0
20,-1,0.004999999999999965,2423.8459,0.15000000000000002,5.320550346374512,0.0,0.0,5.0,5.0,5.0,5.0,5.0,15.0,5.0,5.0,10.0,0.0,10.0,10.0,0.0,0.0,5.0,5.0,0.0,10.0,0
21,2,0.9142857142857143,1974.3917999999999,0.0,8.9037446975708,4.761904761904762,9.523809523809524,0.0,0.0,0.0,28.571428571428573,0.0,4.761904761904762,9.523809523809524,23.80952380952381,0.0,0.0,0.0,4.761904761904762,0.0,9.523809523809524,0.0,4.761904761904762,0.0,0.0,1
20,0,-0.32500000000000007,2144.3937,0.05,6.743798637390138,10.0,5.0,5.0,5.0,5.0,15.0,5.0,5.0,0.0,5.0,5.0,10.0,5.0,0.0,10.0,5.0,0.0,5.0,0.0,0.0,0
12,5,-1.0416666666666667,1608.9777,0.16666666666666669,11.724107551574708,8.333333333333334,8.333333333333334,0.0,0.0,8.333333333333334,0.0,0.0,0.0,16.666666666666668,0.0,8.333333333333334,0.0,0.0,8.333333333333334,25.0,0.0,0.0,8.333333333333334,8.333333333333334,0.0,1
18,2,-0.005555555555555567,2199.5119,0.2222222222222222,9.978303718566895,27.77777777777778,0.0,0.0,5.555555555555555,5.555555555555555,0.0,0.0,11.11111111111111,0.0,5.555555555555555,0.0,0.0,0.0,5.555555555555555,16.666666666666668,0.0,5.555555555555555,0.0,5.555555555555555,11.11111111111111,1
22,1,-0.7454545454545454,2272.5164,0.045454545454545456,8.540465354919434,4.545454545454546,0.0,4.545454545454546,9.090909090909092,4.545454545454546,22.727272727272727,0.0,4.545454545454546,13.636363636363637,0.0,0.0,4.545454545454546,4.545454545454546,4.545454545454546,4.545454545454546,4.545454545454546,0.0,13.636363636363637,0.0,0.0,0
45,-3,0.0711111111111111,5497.2949,0.19999999999999998,4.359232521057129,0.0,4.444444444444445,4.444444444444445,8.88888888888889,6.666666666666667,4.444444444444445,0.0,8.88888888888889,4.444444444444445,8.88888888888889,4.444444444444445,2.2222222222222223,0.0,6.666666666666667,2.2222222222222223,2.2222222222222223,11.11111111111111,6.666666666666667,2.2222222222222223,11.11111111111111,0
33,-3,-0.7636363636363637,4178.5983,0.24242424242424243,4.913014793395996,0.0,3.0303030303030303,6.0606060606060606,6.0606060606060606,3.0303030303030303,9.090909090909092,6.0606060606060606,3.0303030303030303,3.0303030303030303,6.0606060606060606,6.0606060606060606,9.090909090909092,0.0,9.090909090909092,0.0,3.0303030303030303,0.0,6.0606060606060606,12.121212121212121,9.090909090909092,0
14,-1,0.1928571428571428,1712.0442999999998,0.07142857142857144,5.9910799026489245,0.0,0.0,7.142857142857143,7.142857142857143,7.142857142857143,7.142857142857143,14.285714285714286,21.428571428571427,7.142857142857143,7.142857142857143,14.285714285714286,0.0,0.0,7.142857142857143,0.0,0.0,0.0,0.0,0.0,0.0,0
23,0,-1.2521739130434784,2942.3129,0.17391304347826086,6.276809501647949,0.0,8.695652173913043,0.0,17.391304347826086,0.0,8.695652173913043,0.0,0.0,8.695652173913043,4.3478260869565215,4.3478260869565215,4.3478260869565215,0.0,4.3478260869565215,8.695652173913043,4.3478260869565215,4.3478260869565215,4.3478260869565215,17.391304347826086,0.0,0
11,-2,-1.009090909090909,1403.448,0.2727272727272727,4.0500284194946286,0.0,0.0,9.090909090909092,9.090909090909092,0.0,0.0,0.0,0.0,0.0,9.090909090909092,0.0,9.090909090909092,0.0,9.090909090909092,0.0,18.181818181818183,0.0,9.090909090909092,9.090909090909092,18.181818181818183,0
26,6,0.22307692307692306,2830.4532,0.07692307692307693,10.699318122863769,11.538461538461538,0.0,0.0,0.0,3.8461538461538463,3.8461538461538463,0.0,7.6923076923076925,23.076923076923077,15.384615384615385,0.0,0.0,3.8461538461538463,0.0,0.0,11.538461538461538,11.538461538461538,3.8461538461538463,3.8461538461538463,0.0,1
36,4,-0.1527777777777778,4221.8305,0.16666666666666666,8.96234645843506,11.11111111111111,16.666666666666668,2.7777777777777777,0.0,11.11111111111111,2.7777777777777777,2.7777777777777777,2.7777777777777777,2.7777777777777777,0.0,0.0,2.7777777777777777,0.0,11.11111111111111,11.11111111111111,8.333333333333334,2.7777777777777777,5.555555555555555,2.7777777777777777,2.7777777777777777,1
24,3,-0.8333333333333334,3014.3986,0.16666666666666669,9.81629467010498,12.5,0.0,4.166666666666667,4.166666666666667,0.0,0.0,4.166666666666667,8.333333333333334,4.166666666666667,12.5,0.0,4.166666666666667,0.0,4.166666666666667,16.666666666666668,4.166666666666667,4.166666666666667,0.0,0.0,16.666666666666668,1
29,-2,-0.2517241379310345,3108.4570000000003,0.10344827586206896,4.745680809020995,6.896551724137931,6.896551724137931,6.896551724137931,3.4482758620689653,6.896551724137931,6.896551724137931,3.4482758620689653,0.0,3.4482758620689653,3.4482758620689653,6.896551724137931,0.0,10.344827586206897,3.4482758620689653,0.0,13.793103448275861,10.344827586206897,3.4482758620689653,0.0,3.4482758620689653,0
10,5,-0.26999999999999996,1298.6602,0.3,10.602486610412598,0.0,0.0,0.0,0.0,30.0,0.0,0.0,0.0,50.0,0.0,0.0,0.0,0.0,0.0,0.0,0.0,0.0,20.0,0.0,0.0,1
24,4,0.8458333333333333,2654.2808999999997,0.08333333333333334,9.70128307342529,4.166666666666667,8.333333333333334,0.0,0.0,8.333333333333334,0.0,0.0,4.166666666666667,16.666666666666668,16.666666666666668,0.0,4.166666666666667,4.166666666666667,0.0,0.0,8.333333333333334,12.5,12.5,0.0,0.0,1
16,-3,-0.90625,1798.9281,0.0,4.396973609924316,6.25,0.0,6.25,18.75,0.0,12.5,6.25,6.25,0.0,12.5,6.25,6.25,0.0,6.25,6.25,6.25,0.0,0.0,0.0,0.0,0
2,0,-0.3500000000000001,293.31829999999997,0.5,5.525000190734862,0.0,0.0,0.0,0.0,50.0,0.0,0.0,0.0,0.0,0.0,0.0,0.0,0.0,50.0,0.0,0.0,0.0,0.0,0.0,0.0,0
9,5,-2.7444444444444445,1374.662,0.2222222222222222,11.999967765808105,0.0,0.0,0.0,0.0,0.0,0.0,0.0,0.0,22.22222222222222,0.0,11.11111111111111,0.0,0.0,11.11111111111111,33.333333333333336,0.0,0.0,0.0,22.22222222222222,0.0,1
27,8,-0.32962962962962966,3246.8986999999997,0.14814814814814814,11.999967765808105,0.0,0.0,0.0,0.0,11.11111111111111,14.814814814814815,3.7037037037037037,18.51851851851852,14.814814814814815,7.407407407407407,0.0,7.407407407407407,0.0,0.0,14.814814814814815,0.0,3.7037037037037037,0.0,0.0,3.7037037037037037,1
39,7,-0.19487179487179487,4426.2716,0.05128205128205129,9.30203037261963,5.128205128205129,20.512820512820515,0.0,2.5641025641025643,0.0,5.128205128205129,0.0,10.256410256410257,7.6923076923076925,2.5641025641025643,0.0,7.6923076923076925,2.5641025641025643,0.0,12.820512820512821,5.128205128205129,10.256410256410257,2.5641025641025643,2.5641025641025643,2.5641025641025643,1
44,1,-0.4431818181818182,5331.1741999999995,0.13636363636363635,8.100339698791505,4.545454545454546,2.272727272727273,4.545454545454546,4.545454545454546,2.272727272727273,2.272727272727273,6.818181818181818,6.818181818181818,11.363636363636363,6.818181818181818,6.818181818181818,2.272727272727273,2.272727272727273,9.090909090909092,0.0,2.272727272727273,6.818181818181818,6.818181818181818,2.272727272727273,9.090909090909092,0
10,4,-0.95,1156.3822,0.0,11.999967765808105,20.0,0.0,0.0,0.0,0.0,0.0,0.0,0.0,20.0,10.0,0.0,0.0,0.0,10.0,20.0,10.0,0.0,10.0,0.0,0.0,1
14,1,0.5571428571428572,1517.8158999999998,0.0,8.044123268127443,7.142857142857143,14.285714285714286,0.0,7.142857142857143,0.0,7.142857142857143,0.0,14.285714285714286,0.0,7.142857142857143,0.0,0.0,7.142857142857143,0.0,14.285714285714286,7.142857142857143,7.142857142857143,7.142857142857143,0.0,0.0,1
16,-1,0.29374999999999996,1924.2055,0.1875,5.320038795471191,12.5,12.5,6.25,6.25,6.25,0.0,6.25,6.25,0.0,6.25,0.0,0.0,6.25,0.0,6.25,0.0,6.25,6.25,6.25,6.25,0
93,-3,-0.5913978494623656,11016.425599999999,0.0967741935483871,6.218265342712402,6.451612903225806,3.225806451612903,6.451612903225806,5.376344086021505,3.225806451612903,1.075268817204301,8.602150537634408,4.301075268817204,4.301075268817204,7.526881720430108,5.376344086021505,4.301075268817204,6.451612903225806,6.451612903225806,4.301075268817204,5.376344086021505,5.376344086021505,5.376344086021505,3.225806451612903,3.225806451612903,0
37,4,0.3621621621621622,3853.6827999999996,0.027027027027027025,9.5143892288208,10.81081081081081,5.405405405405405,0.0,5.405405405405405,2.7027027027027026,13.513513513513514,0.0,5.405405405405405,16.216216216216218,10.81081081081081,5.405405405405405,2.7027027027027026,0.0,2.7027027027027026,0.0,0.0,10.81081081081081,8.108108108108109,0.0,0.0,1
26,4,-0.823076923076923,3098.6128,0.07692307692307693,9.613992881774902,3.8461538461538463,11.538461538461538,3.8461538461538463,0.0,3.8461538461538463,3.8461538461538463,7.6923076923076925,0.0,7.6923076923076925,3.8461538461538463,3.8461538461538463,7.6923076923076925,7.6923076923076925,3.8461538461538463,11.538461538461538,0.0,7.6923076923076925,7.6923076923076925,3.8461538461538463,0.0,0
24,4,0.9541666666666666,2620.3324,0.08333333333333334,9.70128307342529,12.5,8.333333333333334,0.0,0.0,8.333333333333334,4.166666666666667,0.0,8.333333333333334,16.666666666666668,16.666666666666668,4.166666666666667,4.166666666666667,8.333333333333334,0.0,0.0,0.0,4.166666666666667,4.166666666666667,0.0,0.0,1
15,0,-1.0733333333333335,1847.0983,0.13333333333333333,6.740217781066895,0.0,6.666666666666667,6.666666666666667,6.666666666666667,0.0,0.0,6.666666666666667,0.0,13.333333333333334,6.666666666666667,0.0,0.0,13.333333333333334,13.333333333333334,0.0,0.0,0.0,13.333333333333334,0.0,13.333333333333334,0
15,3,0.006666666666666739,1458.7023,0.0,10.301935005187985,6.666666666666667,0.0,0.0,0.0,0.0,20.0,0.0,0.0,20.0,0.0,0.0,6.666666666666667,0.0,0.0,0.0,0.0,20.0,26.666666666666668,0.0,0.0,1
18,0,-1.3333333333333333,1525.4667,0.0,7.205899620056152,0.0,0.0,0.0,0.0,0.0,66.66666666666667,33.333333333333336,0.0,0.0,0.0,0.0,0.0,0.0,0.0,0.0,0.0,0.0,0.0,0.0,0.0,1
26,-1,-0.28846153846153844,3283.7765,0.1923076923076923,4.94797077178955,0.0,3.8461538461538463,0.0,15.384615384615385,3.8461538461538463,7.6923076923076925,0.0,15.384615384615385,3.8461538461538463,0.0,3.8461538461538463,0.0,3.8461538461538463,7.6923076923076925,7.6923076923076925,3.8461538461538463,0.0,7.6923076923076925,11.538461538461538,3.8461538461538463,0
19,-1,-0.48947368421052634,2122.2689,0.2105263157894737,4.0500284194946286,0.0,5.2631578947368425,5.2631578947368425,0.0,10.526315789473685,10.526315789473685,0.0,0.0,0.0,5.2631578947368425,0.0,0.0,10.526315789473685,10.526315789473685,0.0,15.789473684210526,15.789473684210526,0.0,5.2631578947368425,5.2631578947368425,0
12,1,-0.5833333333333334,1490.7258,0.08333333333333334,8.74786014556885,0.0,0.0,0.0,8.333333333333334,0.0,0.0,0.0,8.333333333333334,8.333333333333334,8.333333333333334,8.333333333333334,8.333333333333334,0.0,8.333333333333334,8.333333333333334,16.666666666666668,0.0,8.333333333333334,8.333333333333334,0.0,0
12,-1,0.12499999999999996,1228.3751,0.0,5.243419837951659,0.0,0.0,0.0,8.333333333333334,0.0,25.0,8.333333333333334,8.333333333333334,0.0,8.333333333333334,8.333333333333334,0.0,0.0,8.333333333333334,0.0,8.333333333333334,8.333333333333334,8.333333333333334,0.0,0.0,0
6,2,-1.3499999999999999,923.0708,0.5,11.000836753845213,0.0,0.0,0.0,0.0,16.666666666666668,0.0,0.0,0.0,16.666666666666668,0.0,0.0,0.0,0.0,0.0,16.666666666666668,0.0,16.666666666666668,0.0,33.333333333333336,0.0,1
26,5,-0.35,2884.4276,0.07692307692307693,10.464330863952636,11.538461538461538,3.8461538461538463,0.0,0.0,0.0,11.538461538461538,3.8461538461538463,11.538461538461538,11.538461538461538,3.8461538461538463,3.8461538461538463,0.0,7.6923076923076925,3.8461538461538463,7.6923076923076925,3.8461538461538463,7.6923076923076925,0.0,3.8461538461538463,3.8461538461538463,0
18,0,-1.3166666666666667,2148.2929,0.16666666666666666,6.751130867004395,0.0,0.0,5.555555555555555,5.555555555555555,5.555555555555555,11.11111111111111,5.555555555555555,5.555555555555555,5.555555555555555,0.0,0.0,11.11111111111111,5.555555555555555,5.555555555555555,5.555555555555555,5.555555555555555,5.555555555555555,5.555555555555555,5.555555555555555,5.555555555555555,0
9,4,-1.5,1118.3789,0.0,11.999967765808105,0.0,0.0,0.0,0.0,0.0,0.0,0.0,11.11111111111111,11.11111111111111,0.0,0.0,0.0,33.333333333333336,0.0,33.333333333333336,0.0,0.0,11.11111111111111,0.0,0.0,1
44,2,-0.38636363636363635,5232.0237,0.1590909090909091,8.492114067077637,4.545454545454546,9.090909090909092,2.272727272727273,4.545454545454546,11.363636363636363,2.272727272727273,4.545454545454546,4.545454545454546,9.090909090909092,4.545454545454546,2.272727272727273,0.0,4.545454545454546,9.090909090909092,2.272727272727273,0.0,20.454545454545453,0.0,2.272727272727273,2.272727272727273,0
16,1,-1.19375,1813.9277000000002,0.0625,8.752501869201662,18.75,0.0,6.25,0.0,0.0,6.25,6.25,0.0,0.0,12.5,0.0,18.75,0.0,6.25,12.5,0.0,6.25,0.0,0.0,6.25,0
16,-1,-0.9375,1812.9762,0.125,4.369065666198731,12.5,6.25,6.25,6.25,0.0,6.25,0.0,0.0,0.0,0.0,6.25,0.0,12.5,6.25,6.25,6.25,12.5,0.0,6.25,6.25,0
14,6,0.24285714285714288,1798.2811,0.0,11.999967765808105,0.0,14.285714285714286,0.0,0.0,0.0,0.0,0.0,14.285714285714286,0.0,7.142857142857143,0.0,0.0,0.0,0.0,42.857142857142854,0.0,0.0,21.428571428571427,0.0,0.0,1
18,-1,-0.6944444444444444,2130.3621,0.16666666666666666,4.7834787368774405,5.555555555555555,0.0,0.0,16.666666666666668,11.11111111111111,11.11111111111111,0.0,0.0,0.0,0.0,11.11111111111111,5.555555555555555,5.555555555555555,0.0,11.11111111111111,11.11111111111111,0.0,5.555555555555555,5.555555555555555,0.0,0
21,6,0.20476190476190476,2136.6683,0.047619047619047616,10.699318122863769,28.571428571428573,0.0,0.0,0.0,0.0,14.285714285714286,0.0,0.0,28.571428571428573,23.80952380952381,0.0,0.0,0.0,0.0,0.0,0.0,0.0,0.0,4.761904761904762,0.0,1
14,0,0.23571428571428568,1648.8160999999998,0.28571428571428575,6.741127204895021,7.142857142857143,0.0,0.0,0.0,14.285714285714286,7.142857142857143,7.142857142857143,7.142857142857143,0.0,0.0,0.0,7.142857142857143,7.142857142857143,0.0,0.0,14.285714285714286,7.142857142857143,7.142857142857143,14.285714285714286,0.0,0
16,-1,-0.625,2099.3016000000002,0.3125,5.320550346374512,6.25,0.0,6.25,6.25,12.5,0.0,6.25,6.25,6.25,6.25,0.0,0.0,0.0,12.5,0.0,6.25,6.25,0.0,12.5,6.25,0
13,2,-1.4153846153846155,1489.7015,0.0,11.000901222229004,0.0,0.0,0.0,0.0,0.0,7.6923076923076925,15.384615384615385,0.0,7.6923076923076925,7.6923076923076925,7.6923076923076925,0.0,15.384615384615385,7.6923076923076925,7.6923076923076925,7.6923076923076925,15.384615384615385,0.0,0.0,0.0,0
26,-4,-0.07307692307692308,3076.5393999999997,0.07692307692307693,4.413570594787598,3.8461538461538463,3.8461538461538463,3.8461538461538463,19.23076923076923,7.6923076923076925,0.0,3.8461538461538463,3.8461538461538463,7.6923076923076925,3.8461538461538463,11.538461538461538,0.0,0.0,3.8461538461538463,0.0,3.8461538461538463,11.538461538461538,11.538461538461538,0.0,0.0,0
20,-3,-0.595,2512.7254,0.25,4.0500284194946286,0.0,5.0,10.0,5.0,10.0,5.0,5.0,5.0,0.0,5.0,5.0,5.0,0.0,10.0,0.0,0.0,15.0,0.0,5.0,10.0,0
20,0,-1.685,2449.6815,0.05,6.757610511779785,5.0,0.0,15.0,5.0,0.0,5.0,5.0,5.0,5.0,5.0,10.0,10.0,0.0,5.0,15.0,5.0,0.0,0.0,0.0,5.0,0
19,5,-1.5789473684210527,2198.5325,0.052631578947368425,11.999967765808105,0.0,0.0,0.0,0.0,0.0,5.2631578947368425,5.2631578947368425,5.2631578947368425,5.2631578947368425,0.0,0.0,0.0,31.57894736842105,0.0,21.05263157894737,10.526315789473685,5.2631578947368425,5.2631578947368425,0.0,5.2631578947368425,1
11,1,-1.290909090909091,1334.4424999999999,0.09090909090909091,8.768554496765137,9.090909090909092,0.0,9.090909090909092,0.0,9.090909090909092,0.0,27.272727272727273,0.0,9.090909090909092,0.0,0.0,0.0,0.0,0.0,9.090909090909092,9.090909090909092,9.090909090909092,9.090909090909092,0.0,0.0,0
24,5,0.8624999999999999,2552.1922999999997,0.08333333333333334,9.90429401397705,12.5,8.333333333333334,0.0,0.0,8.333333333333334,4.166666666666667,0.0,4.166666666666667,20.833333333333332,12.5,0.0,0.0,4.166666666666667,0.0,0.0,8.333333333333334,4.166666666666667,12.5,0.0,0.0,1
28,-3,0.5071428571428571,3285.8253999999997,0.17857142857142858,4.0500284194946286,3.5714285714285716,0.0,3.5714285714285716,10.714285714285714,10.714285714285714,3.5714285714285716,0.0,10.714285714285714,0.0,3.5714285714285716,7.142857142857143,0.0,14.285714285714286,0.0,3.5714285714285716,3.5714285714285716,7.142857142857143,10.714285714285714,3.5714285714285716,3.5714285714285716,0
39,5,-0.1692307692307692,4385.1732999999995,0.05128205128205129,8.937590599060062,5.128205128205129,20.512820512820515,2.5641025641025643,2.5641025641025643,0.0,5.128205128205129,0.0,10.256410256410257,7.6923076923076925,2.5641025641025643,0.0,7.6923076923076925,2.5641025641025643,0.0,10.256410256410257,5.128205128205129,10.256410256410257,2.5641025641025643,2.5641025641025643,2.5641025641025643,1
15,0,-0.38666666666666666,1538.7024000000001,0.06666666666666667,6.752210807800293,6.666666666666667,0.0,6.666666666666667,0.0,0.0,20.0,6.666666666666667,6.666666666666667,6.666666666666667,0.0,0.0,0.0,13.333333333333334,6.666666666666667,0.0,0.0,6.666666666666667,13.333333333333334,0.0,6.666666666666667,0
51,13,-0.6803921568627451,5416.224499999999,0.058823529411764705,11.999967765808105,13.72549019607843,0.0,0.0,0.0,1.9607843137254901,17.647058823529413,3.9215686274509802,0.0,9.803921568627452,7.8431372549019605,0.0,1.9607843137254901,3.9215686274509802,1.9607843137254901,15.686274509803921,5.882352941176471,3.9215686274509802,7.8431372549019605,0.0,3.9215686274509802,1
12,1,0.625,1146.2945,0.0,9.750021171569824,0.0,0.0,0.0,0.0,0.0,25.0,0.0,8.333333333333334,0.0,16.666666666666668,0.0,0.0,0.0,0.0,8.333333333333334,25.0,8.333333333333334,8.333333333333334,0.0,0.0,1
13,-1,-0.4076923076923077,1500.6528999999998,0.15384615384615385,5.399442863464355,23.076923076923077,0.0,0.0,15.384615384615385,7.6923076923076925,0.0,7.6923076923076925,7.6923076923076925,7.6923076923076925,0.0,0.0,0.0,7.6923076923076925,0.0,0.0,0.0,15.384615384615385,0.0,7.6923076923076925,0.0,0
31,2,-0.3967741935483871,3664.2236000000003,0.12903225806451613,8.901746177673342,6.451612903225806,6.451612903225806,3.225806451612903,6.451612903225806,6.451612903225806,6.451612903225806,0.0,9.67741935483871,3.225806451612903,9.67741935483871,0.0,9.67741935483871,9.67741935483871,0.0,12.903225806451612,0.0,3.225806451612903,0.0,3.225806451612903,3.225806451612903,1
8,0,-0.65,992.1031,0.25,5.827326774597168,0.0,12.5,12.5,0.0,0.0,0.0,0.0,0.0,12.5,12.5,0.0,0.0,0.0,0.0,0.0,12.5,12.5,0.0,0.0,25.0,0
25,0,0.14399999999999996,2932.3574,0.16,6.768296241760253,16.0,8.0,8.0,0.0,4.0,0.0,4.0,4.0,4.0,12.0,4.0,12.0,0.0,0.0,4.0,4.0,0.0,4.0,4.0,8.0,0
13,6,-0.10769230769230768,1687.1742,0.0,11.999967765808105,0.0,0.0,0.0,0.0,0.0,0.0,7.6923076923076925,46.15384615384615,23.076923076923077,0.0,0.0,0.0,0.0,0.0,23.076923076923077,0.0,0.0,0.0,0.0,0.0,1
9,4,-2.4444444444444446,1428.6861000000001,0.4444444444444444,11.999967765808105,0.0,0.0,0.0,0.0,0.0,0.0,0.0,0.0,22.22222222222222,0.0,0.0,0.0,11.11111111111111,0.0,22.22222222222222,0.0,0.0,0.0,44.44444444444444,0.0,1
12,-2,-0.6,1502.73,0.08333333333333334,4.523440361022949,0.0,0.0,0.0,25.0,0.0,0.0,0.0,8.333333333333334,8.333333333333334,16.666666666666668,8.333333333333334,0.0,8.333333333333334,8.333333333333334,0.0,8.333333333333334,0.0,0.0,8.333333333333334,0.0,0
13,4,-0.43846153846153846,1719.0849999999998,0.15384615384615385,11.723011589050294,0.0,0.0,7.6923076923076925,0.0,15.384615384615385,0.0,0.0,15.384615384615385,15.384615384615385,7.6923076923076925,0.0,0.0,0.0,7.6923076923076925,23.076923076923077,0.0,0.0,7.6923076923076925,0.0,0.0,1
47,1,0.012765957446808486,5766.7173999999995,0.19148936170212766,8.017433357238769,2.127659574468085,4.25531914893617,4.25531914893617,2.127659574468085,4.25531914893617,4.25531914893617,6.382978723404255,8.51063829787234,6.382978723404255,6.382978723404255,6.382978723404255,2.127659574468085,2.127659574468085,6.382978723404255,2.127659574468085,6.382978723404255,2.127659574468085,8.51063829787234,6.382978723404255,8.51063829787234,0
24,8,-1.2666666666666668,3005.6205,0.125,11.999967765808105,0.0,0.0,0.0,0.0,12.5,0.0,0.0,8.333333333333334,0.0,0.0,0.0,0.0,41.666666666666664,0.0,33.333333333333336,0.0,0.0,4.166666666666667,0.0,0.0,1
16,0,-1.23125,1911.0164,0.125,6.743628120422364,6.25,0.0,6.25,0.0,0.0,0.0,6.25,0.0,0.0,0.0,6.25,12.5,0.0,6.25,6.25,12.5,18.75,6.25,6.25,6.25,0
21,3,0.5380952380952382,2275.7536,0.09523809523809523,10.302063941955566,9.523809523809524,0.0,0.0,0.0,4.761904761904762,14.285714285714286,0.0,14.285714285714286,14.285714285714286,9.523809523809524,4.761904761904762,4.761904761904762,0.0,4.761904761904762,0.0,4.761904761904762,4.761904761904762,4.761904761904762,4.761904761904762,0.0,1
28,9,-0.7571428571428571,3431.1093,0.25,11.235243797302243,7.142857142857143,0.0,0.0,3.5714285714285716,21.428571428571427,10.714285714285714,0.0,0.0,25.0,7.142857142857143,3.5714285714285716,3.5714285714285716,0.0,0.0,10.714285714285714,3.5714285714285716,0.0,0.0,0.0,3.5714285714285716,1
24,1,-0.7708333333333334,2770.103,0.125,8.511519050598146,0.0,0.0,8.333333333333334,0.0,8.333333333333334,4.166666666666667,8.333333333333334,0.0,8.333333333333334,4.166666666666667,8.333333333333334,0.0,8.333333333333334,0.0,4.166666666666667,16.666666666666668,12.5,4.166666666666667,0.0,4.166666666666667,0
20,8,-0.765,2494.0735,0.2,10.845339012145995,5.0,0.0,0.0,0.0,15.0,0.0,5.0,5.0,40.0,10.0,0.0,0.0,0.0,0.0,0.0,10.0,5.0,0.0,5.0,0.0,1
18,2,-0.15,2144.4399,0.16666666666666666,8.904776191711427,16.666666666666668,11.11111111111111,0.0,0.0,0.0,0.0,11.11111111111111,0.0,5.555555555555555,0.0,0.0,11.11111111111111,0.0,0.0,5.555555555555555,5.555555555555555,0.0,16.666666666666668,11.11111111111111,5.555555555555555,0
46,6,0.08260869565217392,4887.8755,0.021739130434782608,9.834410285949705,2.1739130434782608,4.3478260869565215,4.3478260869565215,4.3478260869565215,2.1739130434782608,17.391304347826086,0.0,13.043478260869565,17.391304347826086,8.695652173913043,2.1739130434782608,4.3478260869565215,0.0,0.0,4.3478260869565215,4.3478260869565215,2.1739130434782608,8.695652173913043,0.0,0.0,1
25,3,-0.376,2765.0995,0.12,10.289814949035645,16.0,0.0,0.0,0.0,4.0,16.0,20.0,8.0,8.0,4.0,0.0,4.0,0.0,0.0,4.0,4.0,0.0,4.0,4.0,4.0,1
10,4,-0.8,1254.4886999999999,0.0,11.999967765808105,10.0,0.0,0.0,0.0,0.0,0.0,0.0,10.0,0.0,10.0,0.0,0.0,0.0,10.0,40.0,10.0,0.0,10.0,0.0,0.0,1
17,6,-0.2529411764705882,1836.2298,0.17647058823529413,10.699318122863769,47.05882352941177,0.0,0.0,0.0,11.764705882352942,0.0,0.0,0.0,35.294117647058826,0.0,0.0,0.0,0.0,0.0,0.0,0.0,0.0,0.0,5.882352941176471,0.0,1
26,2,-0.0461538461538462,3195.8104,0.15384615384615385,9.002897071838383,7.6923076923076925,7.6923076923076925,3.8461538461538463,0.0,3.8461538461538463,3.8461538461538463,11.538461538461538,0.0,3.8461538461538463,11.538461538461538,7.6923076923076925,0.0,7.6923076923076925,3.8461538461538463,7.6923076923076925,0.0,0.0,7.6923076923076925,7.6923076923076925,3.8461538461538463,0
24,2,-1.3375000000000001,2878.2709,0.04166666666666667,9.11217098236084,4.166666666666667,4.166666666666667,8.333333333333334,4.166666666666667,0.0,4.166666666666667,8.333333333333334,8.333333333333334,12.5,0.0,8.333333333333334,0.0,0.0,8.333333333333334,8.333333333333334,4.166666666666667,12.5,0.0,0.0,4.166666666666667,0
22,2,1.018181818181818,2161.6693,0.0,9.703023719787598,4.545454545454546,0.0,4.545454545454546,0.0,0.0,22.727272727272727,0.0,9.090909090909092,13.636363636363637,27.272727272727273,0.0,0.0,4.545454545454546,0.0,0.0,4.545454545454546,0.0,9.090909090909092,0.0,0.0,1
20,-1,-0.595,2369.6081,0.2,4.531682014465332,5.0,0.0,0.0,10.0,0.0,10.0,0.0,5.0,0.0,0.0,5.0,5.0,10.0,5.0,5.0,10.0,0.0,10.0,10.0,10.0,1
11,2,1.1818181818181819,1256.5339999999999,0.2727272727272727,10.002737236022949,9.090909090909092,0.0,0.0,0.0,27.272727272727273,9.090909090909092,0.0,0.0,18.181818181818183,18.181818181818183,0.0,0.0,0.0,0.0,0.0,9.090909090909092,0.0,9.090909090909092,0.0,0.0,1
9,-1,-0.6222222222222222,992.0866000000001,0.0,5.4720262527465815,11.11111111111111,0.0,0.0,11.11111111111111,0.0,11.11111111111111,11.11111111111111,11.11111111111111,0.0,11.11111111111111,0.0,0.0,11.11111111111111,22.22222222222222,0.0,0.0,0.0,0.0,0.0,0.0,1
21,0,-0.5333333333333334,2389.6027,0.14285714285714285,6.7328287124633786,4.761904761904762,0.0,0.0,0.0,4.761904761904762,14.285714285714286,14.285714285714286,0.0,0.0,9.523809523809524,4.761904761904762,9.523809523809524,0.0,9.523809523809524,0.0,0.0,14.285714285714286,4.761904761904762,0.0,9.523809523809524,0
15,2,-1.8466666666666667,1842.1498000000001,0.06666666666666667,9.52476863861084,0.0,0.0,13.333333333333334,0.0,0.0,6.666666666666667,6.666666666666667,0.0,26.666666666666668,0.0,13.333333333333334,6.666666666666667,6.666666666666667,6.666666666666667,0.0,0.0,0.0,6.666666666666667,6.666666666666667,0.0,1
21,-2,-0.21904761904761902,2527.7633,0.19047619047619047,4.65127124786377,4.761904761904762,4.761904761904762,4.761904761904762,9.523809523809524,9.523809523809524,0.0,4.761904761904762,0.0,0.0,0.0,0.0,0.0,4.761904761904762,9.523809523809524,4.761904761904762,9.523809523809524,4.761904761904762,19.047619047619047,4.761904761904762,4.761904761904762,0
21,3,-0.04285714285714291,2364.6563,0.19047619047619047,11.999967765808105,4.761904761904762,0.0,0.0,0.0,19.047619047619047,9.523809523809524,0.0,0.0,4.761904761904762,14.285714285714286,0.0,4.761904761904762,0.0,4.761904761904762,9.523809523809524,19.047619047619047,9.523809523809524,0.0,0.0,0.0,1
19,2,0.21052631578947356,2381.7392999999997,0.3157894736842105,11.00096569061279,0.0,0.0,0.0,0.0,31.57894736842105,15.789473684210526,26.31578947368421,10.526315789473685,5.2631578947368425,5.2631578947368425,0.0,0.0,0.0,0.0,5.2631578947368425,0.0,0.0,0.0,0.0,0.0,1
23,8,-0.5869565217391305,2761.4227,0.043478260869565216,11.763691139221194,0.0,0.0,4.3478260869565215,0.0,4.3478260869565215,4.3478260869565215,0.0,17.391304347826086,26.08695652173913,8.695652173913043,4.3478260869565215,0.0,0.0,0.0,13.043478260869565,8.695652173913043,8.695652173913043,0.0,0.0,0.0,1
17,0,-0.6647058823529413,1961.1811000000002,0.05882352941176471,6.743628120422364,5.882352941176471,0.0,5.882352941176471,0.0,0.0,0.0,5.882352941176471,11.764705882352942,5.882352941176471,5.882352941176471,0.0,17.647058823529413,11.764705882352942,5.882352941176471,0.0,0.0,11.764705882352942,5.882352941176471,5.882352941176471,0.0,0
12,0,-0.49166666666666675,1624.8642,0.25,7.024071693420409,0.0,0.0,0.0,8.333333333333334,16.666666666666668,0.0,25.0,0.0,8.333333333333334,8.333333333333334,8.333333333333334,8.333333333333334,0.0,0.0,0.0,0.0,0.0,8.333333333333334,8.333333333333334,0.0,0
6,0,3.0833333333333335,867.0418999999999,0.8333333333333333,5.525000190734862,0.0,0.0,0.0,0.0,83.33333333333333,0.0,0.0,16.666666666666668,0.0,0.0,0.0,0.0,0.0,0.0,0.0,0.0,0.0,0.0,0.0,0.0,1
28,1,-0.5785714285714285,3209.6517999999996,0.10714285714285715,8.020269966125486,3.5714285714285716,7.142857142857143,3.5714285714285716,7.142857142857143,7.142857142857143,3.5714285714285716,3.5714285714285716,7.142857142857143,14.285714285714286,3.5714285714285716,0.0,10.714285714285714,7.142857142857143,3.5714285714285716,0.0,7.142857142857143,0.0,7.142857142857143,0.0,3.5714285714285716,1
18,7,-0.9833333333333333,2065.4744,0.05555555555555555,11.999967765808105,5.555555555555555,0.0,0.0,0.0,0.0,22.22222222222222,5.555555555555555,5.555555555555555,16.666666666666668,11.11111111111111,0.0,0.0,0.0,0.0,22.22222222222222,0.0,0.0,5.555555555555555,0.0,5.555555555555555,1
44,2,-1.2,5343.003,0.13636363636363635,8.95461025238037,6.818181818181818,2.272727272727273,4.545454545454546,9.090909090909092,6.818181818181818,4.545454545454546,4.545454545454546,4.545454545454546,11.363636363636363,0.0,4.545454545454546,6.818181818181818,4.545454545454546,6.818181818181818,6.818181818181818,0.0,4.545454545454546,4.545454545454546,2.272727272727273,4.545454545454546,0
8,1,0.7625,954.1659999999999,0.125,9.181216621398928,0.0,0.0,0.0,0.0,12.5,0.0,12.5,25.0,12.5,12.5,0.0,0.0,12.5,0.0,0.0,12.5,0.0,0.0,0.0,0.0,1
40,1,-0.47750000000000004,4664.2627,0.1,7.932528495788575,7.5,7.5,2.5,7.5,2.5,2.5,0.0,5.0,2.5,10.0,0.0,7.5,5.0,7.5,10.0,5.0,5.0,5.0,0.0,7.5,0
21,6,0.10000000000000005,2592.2161,0.2380952380952381,9.762656974792481,4.761904761904762,9.523809523809524,0.0,0.0,0.0,4.761904761904762,0.0,0.0,28.571428571428573,4.761904761904762,0.0,0.0,0.0,0.0,0.0,0.0,0.0,23.80952380952381,9.523809523809524,14.285714285714286,1
7,1,0.8571428571428571,797.9852999999999,0.14285714285714288,8.058370780944824,14.285714285714286,28.571428571428573,0.0,0.0,14.285714285714286,0.0,0.0,0.0,14.285714285714286,14.285714285714286,0.0,14.285714285714286,0.0,0.0,0.0,0.0,0.0,0.0,0.0,0.0,0
31,5,-0.532258064516129,3839.4653,0.12903225806451613,11.999967765808105,9.67741935483871,0.0,0.0,0.0,3.225806451612903,3.225806451612903,12.903225806451612,3.225806451612903,6.451612903225806,9.67741935483871,6.451612903225806,6.451612903225806,0.0,6.451612903225806,9.67741935483871,6.451612903225806,0.0,6.451612903225806,9.67741935483871,0.0,0
26,3,-1.5961538461538463,2933.1987999999997,0.038461538461538464,10.278081703186032,11.538461538461538,0.0,3.8461538461538463,3.8461538461538463,0.0,0.0,3.8461538461538463,0.0,11.538461538461538,7.6923076923076925,0.0,11.538461538461538,11.538461538461538,3.8461538461538463,7.6923076923076925,15.384615384615385,3.8461538461538463,0.0,3.8461538461538463,0.0,0
18,5,0.6388888888888888,1982.4985000000001,0.05555555555555555,10.602486610412598,22.22222222222222,0.0,0.0,0.0,0.0,0.0,0.0,27.77777777777778,27.77777777777778,5.555555555555555,0.0,0.0,0.0,0.0,0.0,11.11111111111111,0.0,0.0,5.555555555555555,0.0,1
10,4,-0.5900000000000001,1446.7459999999999,0.30000000000000004,11.999967765808105,0.0,0.0,0.0,0.0,20.0,0.0,0.0,20.0,0.0,0.0,0.0,0.0,10.0,0.0,40.0,0.0,0.0,0.0,10.0,0.0,1
15,-2,-0.3466666666666667,1823.0387999999998,0.06666666666666667,4.747727012634278,0.0,20.0,13.333333333333334,6.666666666666667,6.666666666666667,0.0,6.666666666666667,13.333333333333334,0.0,0.0,0.0,6.666666666666667,0.0,13.333333333333334,6.666666666666667,0.0,0.0,6.666666666666667,0.0,0.0,0
13,0,1.4923076923076921,1416.7049,0.15384615384615385,5.525000190734862,0.0,0.0,0.0,0.0,15.384615384615385,15.384615384615385,0.0,0.0,0.0,38.46153846153846,0.0,15.384615384615385,7.6923076923076925,0.0,0.0,0.0,0.0,7.6923076923076925,0.0,0.0,1
66,1,-0.5166666666666667,8001.1410000000005,0.19696969696969696,7.718359947204591,1.5151515151515151,4.545454545454546,3.0303030303030303,4.545454545454546,9.090909090909092,4.545454545454546,4.545454545454546,3.0303030303030303,7.575757575757576,1.5151515151515151,9.090909090909092,4.545454545454546,4.545454545454546,6.0606060606060606,1.5151515151515151,7.575757575757576,7.575757575757576,4.545454545454546,4.545454545454546,6.0606060606060606,0
23,3,0.3869565217391305,2478.951,0.13043478260869565,10.00138339996338,21.73913043478261,0.0,0.0,4.3478260869565215,13.043478260869565,8.695652173913043,4.3478260869565215,8.695652173913043,17.391304347826086,4.3478260869565215,4.3478260869565215,4.3478260869565215,0.0,0.0,0.0,4.3478260869565215,0.0,4.3478260869565215,0.0,0.0,1
11,0,-0.6454545454545454,1306.4471999999998,0.09090909090909091,5.800385093688964,0.0,9.090909090909092,9.090909090909092,0.0,9.090909090909092,0.0,0.0,0.0,0.0,0.0,0.0,9.090909090909092,9.090909090909092,18.181818181818183,9.090909090909092,0.0,9.090909090909092,18.181818181818183,0.0,0.0,0
9,5,-2.566666666666667,1403.7164,0.4444444444444444,10.602486610412598,0.0,0.0,0.0,0.0,0.0,0.0,0.0,0.0,55.55555555555556,0.0,0.0,0.0,0.0,0.0,0.0,0.0,0.0,0.0,44.44444444444444,0.0,1
24,2,-0.1291666666666667,2728.2898,0.0,8.888336753845216,0.0,8.333333333333334,4.166666666666667,0.0,0.0,8.333333333333334,12.5,12.5,8.333333333333334,8.333333333333334,8.333333333333334,4.166666666666667,8.333333333333334,4.166666666666667,4.166666666666667,4.166666666666667,0.0,4.166666666666667,0.0,0.0,0
17,-3,-0.47058823529411764,1948.1194,0.05882352941176471,5.113599586486816,5.882352941176471,0.0,11.764705882352942,5.882352941176471,5.882352941176471,5.882352941176471,17.647058823529413,5.882352941176471,0.0,5.882352941176471,5.882352941176471,0.0,5.882352941176471,5.882352941176471,0.0,0.0,11.764705882352942,5.882352941176471,0.0,0.0,0
13,-1,0.9307692307692308,1468.6952999999999,0.07692307692307693,4.207813453674317,7.6923076923076925,0.0,15.384615384615385,0.0,0.0,0.0,0.0,7.6923076923076925,0.0,7.6923076923076925,0.0,0.0,7.6923076923076925,0.0,7.6923076923076925,7.6923076923076925,0.0,30.76923076923077,7.6923076923076925,0.0,0
25,3,-0.15600000000000006,2970.5449,0.04,10.298195838928219,12.0,8.0,8.0,0.0,4.0,0.0,0.0,8.0,0.0,16.0,4.0,4.0,8.0,8.0,20.0,0.0,0.0,0.0,0.0,0.0,0
19,8,-1.4842105263157894,2665.1127,0.4210526315789474,11.999967765808105,0.0,0.0,0.0,0.0,21.05263157894737,15.789473684210526,0.0,0.0,15.789473684210526,0.0,0.0,0.0,0.0,0.0,26.31578947368421,0.0,0.0,0.0,15.789473684210526,5.2631578947368425,1
47,-2,-0.03617021276595746,5766.7359,0.14893617021276595,4.9526884078979485,2.127659574468085,8.51063829787234,6.382978723404255,6.382978723404255,4.25531914893617,2.127659574468085,2.127659574468085,6.382978723404255,4.25531914893617,6.382978723404255,8.51063829787234,2.127659574468085,2.127659574468085,8.51063829787234,4.25531914893617,2.127659574468085,4.25531914893617,8.51063829787234,4.25531914893617,6.382978723404255,0
11,0,-0.10000000000000005,1259.4338,0.09090909090909091,6.754086494445801,0.0,0.0,9.090909090909092,0.0,9.090909090909092,9.090909090909092,9.090909090909092,18.181818181818183,0.0,0.0,9.090909090909092,0.0,9.090909090909092,0.0,9.090909090909092,18.181818181818183,0.0,0.0,0.0,0.0,0
27,3,0.24444444444444444,2698.1647,0.037037037037037035,9.825642585754395,14.814814814814815,0.0,0.0,3.7037037037037037,0.0,18.51851851851852,3.7037037037037037,7.407407407407407,14.814814814814815,18.51851851851852,0.0,0.0,0.0,0.0,0.0,7.407407407407407,7.407407407407407,0.0,0.0,3.7037037037037037,1
20,1,-0.2800000000000001,2680.0445,0.4,8.574246788024901,5.0,5.0,0.0,0.0,10.0,0.0,5.0,0.0,0.0,10.0,0.0,0.0,10.0,5.0,5.0,0.0,15.0,0.0,15.0,15.0,0
16,1,0.40624999999999994,1746.044,0.0625,8.23965587615967,12.5,6.25,0.0,0.0,0.0,12.5,12.5,0.0,6.25,25.0,0.0,12.5,0.0,0.0,0.0,0.0,0.0,6.25,6.25,0.0,1
37,-1,-0.7783783783783784,4421.968,0.1081081081081081,5.5936616897583,5.405405405405405,2.7027027027027026,8.108108108108109,8.108108108108109,2.7027027027027026,5.405405405405405,2.7027027027027026,0.0,2.7027027027027026,10.81081081081081,8.108108108108109,0.0,2.7027027027027026,5.405405405405405,10.81081081081081,8.108108108108109,5.405405405405405,2.7027027027027026,2.7027027027027026,5.405405405405405,0
14,-1,-0.17142857142857146,1714.9108999999999,0.2142857142857143,4.531397819519043,7.142857142857143,0.0,0.0,14.285714285714286,7.142857142857143,0.0,0.0,0.0,7.142857142857143,14.285714285714286,0.0,0.0,0.0,7.142857142857143,0.0,7.142857142857143,14.285714285714286,7.142857142857143,7.142857142857143,7.142857142857143,0
9,2,-0.17777777777777773,1056.2214,0.1111111111111111,11.999967765808105,0.0,0.0,0.0,0.0,0.0,22.22222222222222,0.0,0.0,0.0,0.0,0.0,0.0,0.0,11.11111111111111,22.22222222222222,0.0,0.0,33.333333333333336,11.11111111111111,0.0,0
21,7,-0.0952380952380953,2560.1481,0.047619047619047616,11.999967765808105,4.761904761904762,0.0,0.0,0.0,4.761904761904762,9.523809523809524,0.0,0.0,0.0,33.333333333333336,0.0,0.0,4.761904761904762,4.761904761904762,33.333333333333336,0.0,0.0,4.761904761904762,0.0,0.0,1
9,-2,-1.4666666666666666,1137.2199,0.1111111111111111,4.426586723327637,0.0,11.11111111111111,11.11111111111111,22.22222222222222,0.0,0.0,0.0,0.0,11.11111111111111,11.11111111111111,0.0,11.11111111111111,0.0,0.0,0.0,0.0,11.11111111111111,0.0,11.11111111111111,0.0,0
9,3,0.7333333333333333,1053.3452,0.0,11.999967765808105,22.22222222222222,0.0,0.0,0.0,0.0,0.0,0.0,11.11111111111111,11.11111111111111,33.333333333333336,0.0,0.0,0.0,0.0,22.22222222222222,0.0,0.0,0.0,0.0,0.0,1
13,2,-1.2,1594.8351,0.15384615384615385,9.699800300598145,0.0,0.0,7.6923076923076925,0.0,0.0,15.384615384615385,0.0,7.6923076923076925,15.384615384615385,7.6923076923076925,7.6923076923076925,15.384615384615385,0.0,0.0,7.6923076923076925,0.0,0.0,0.0,7.6923076923076925,7.6923076923076925,0
16,1,0.4,1735.0199,0.0625,8.081643867492676,18.75,12.5,0.0,0.0,0.0,6.25,6.25,6.25,0.0,0.0,6.25,6.25,0.0,0.0,6.25,0.0,18.75,6.25,6.25,0.0,1
20,-5,-0.22500000000000003,2264.4812,0.1,4.0500284194946286,0.0,5.0,0.0,25.0,0.0,10.0,0.0,10.0,0.0,10.0,5.0,0.0,5.0,0.0,0.0,10.0,10.0,0.0,0.0,10.0,0
24,2,-0.7374999999999999,2983.3415,0.16666666666666669,9.54958896636963,12.5,0.0,4.166666666666667,4.166666666666667,0.0,0.0,4.166666666666667,8.333333333333334,0.0,12.5,0.0,4.166666666666667,4.166666666666667,4.166666666666667,16.666666666666668,4.166666666666667,4.166666666666667,0.0,0.0,16.666666666666668,1
44,3,-0.4431818181818182,5321.127799999999,0.1590909090909091,9.241816902160643,4.545454545454546,4.545454545454546,4.545454545454546,0.0,9.090909090909092,2.272727272727273,6.818181818181818,9.090909090909092,4.545454545454546,2.272727272727273,6.818181818181818,6.818181818181818,6.818181818181818,6.818181818181818,6.818181818181818,4.545454545454546,4.545454545454546,2.272727272727273,0.0,6.818181818181818,0
12,-2,-1.1,1561.7804999999998,0.08333333333333334,4.751989936828613,0.0,0.0,0.0,25.0,0.0,0.0,8.333333333333334,0.0,0.0,16.666666666666668,16.666666666666668,8.333333333333334,8.333333333333334,0.0,8.333333333333334,0.0,0.0,0.0,0.0,8.333333333333334,0
12,-1,-1.8416666666666668,1444.5101,0.08333333333333334,5.978120613098144,0.0,0.0,16.666666666666668,0.0,0.0,8.333333333333334,16.666666666666668,8.333333333333334,0.0,0.0,0.0,8.333333333333334,16.666666666666668,0.0,8.333333333333334,0.0,8.333333333333334,0.0,8.333333333333334,0.0,0
23,7,-0.4304347826086957,3073.6457,0.391304347826087,11.999967765808105,0.0,0.0,0.0,0.0,30.434782608695652,13.043478260869565,8.695652173913043,8.695652173913043,17.391304347826086,0.0,0.0,0.0,0.0,0.0,13.043478260869565,0.0,0.0,0.0,8.695652173913043,0.0,1
2,1,-0.1499999999999999,273.332,0.0,9.750021171569824,0.0,0.0,0.0,0.0,0.0,0.0,0.0,0.0,0.0,0.0,0.0,0.0,0.0,0.0,50.0,0.0,0.0,50.0,0.0,0.0,0
15,3,-1.1666666666666667,1711.9551000000001,0.13333333333333333,9.825642585754395,0.0,0.0,6.666666666666667,0.0,6.666666666666667,6.666666666666667,0.0,0.0,26.666666666666668,6.666666666666667,0.0,0.0,6.666666666666667,6.666666666666667,0.0,20.0,0.0,6.666666666666667,0.0,6.666666666666667,1
17,-2,-2.152941176470588,1980.0520999999999,0.05882352941176471,4.0500284194946286,0.0,0.0,11.764705882352942,5.882352941176471,0.0,0.0,0.0,0.0,5.882352941176471,0.0,0.0,5.882352941176471,23.529411764705884,23.529411764705884,0.0,11.764705882352942,0.0,5.882352941176471,5.882352941176471,0.0,0
24,1,-1.0083333333333333,2794.1973,0.08333333333333334,8.23082370758057,4.166666666666667,4.166666666666667,8.333333333333334,0.0,0.0,8.333333333333334,4.166666666666667,4.166666666666667,4.166666666666667,4.166666666666667,8.333333333333334,4.166666666666667,16.666666666666668,4.166666666666667,8.333333333333334,4.166666666666667,4.166666666666667,0.0,8.333333333333334,0.0,0
15,0,0.17999999999999997,1802.0227,0.2,7.013556480407714,6.666666666666667,6.666666666666667,0.0,6.666666666666667,13.333333333333334,6.666666666666667,20.0,6.666666666666667,0.0,0.0,0.0,0.0,0.0,0.0,6.666666666666667,6.666666666666667,0.0,13.333333333333334,0.0,6.666666666666667,0
18,7,-0.8,2430.9462,0.2777777777777778,10.101760673522946,0.0,22.22222222222222,0.0,0.0,11.11111111111111,5.555555555555555,0.0,0.0,11.11111111111111,0.0,0.0,0.0,0.0,0.0,27.77777777777778,0.0,0.0,5.555555555555555,5.555555555555555,11.11111111111111,1
12,3,0.31666666666666665,1516.8326,0.16666666666666669,9.6918062210083,0.0,16.666666666666668,0.0,0.0,8.333333333333334,0.0,0.0,0.0,0.0,8.333333333333334,0.0,0.0,0.0,0.0,25.0,0.0,16.666666666666668,16.666666666666668,0.0,8.333333333333334,1
23,1,-0.46956521739130436,2807.2124,0.13043478260869565,8.596166038513186,0.0,0.0,4.3478260869565215,4.3478260869565215,0.0,8.695652173913043,4.3478260869565215,8.695652173913043,4.3478260869565215,0.0,8.695652173913043,4.3478260869565215,0.0,4.3478260869565215,8.695652173913043,4.3478260869565215,8.695652173913043,13.043478260869565,8.695652173913043,4.3478260869565215,0
31,3,0.1870967741935484,3188.8449,0.03225806451612903,9.190048789978025,9.67741935483871,6.451612903225806,6.451612903225806,3.225806451612903,3.225806451612903,16.129032258064516,0.0,3.225806451612903,19.35483870967742,19.35483870967742,0.0,0.0,3.225806451612903,0.0,0.0,0.0,6.451612903225806,3.225806451612903,0.0,0.0,1
23,-1,-0.9869565217391304,2728.9948,0.13043478260869565,4.9420595169067365,0.0,13.043478260869565,8.695652173913043,8.695652173913043,4.3478260869565215,13.043478260869565,0.0,0.0,0.0,8.695652173913043,0.0,4.3478260869565215,4.3478260869565215,4.3478260869565215,13.043478260869565,4.3478260869565215,4.3478260869565215,0.0,8.695652173913043,0.0,0
15,4,0.6266666666666667,1654.0913,0.06666666666666667,10.47786922454834,26.666666666666668,0.0,0.0,0.0,0.0,0.0,0.0,0.0,26.666666666666668,26.666666666666668,0.0,0.0,0.0,0.0,0.0,0.0,6.666666666666667,6.666666666666667,6.666666666666667,0.0,1
11,2,0.3818181818181818,1382.649,0.36363636363636365,10.002737236022949,9.090909090909092,0.0,0.0,0.0,18.181818181818183,9.090909090909092,0.0,0.0,18.181818181818183,18.181818181818183,0.0,0.0,0.0,0.0,0.0,9.090909090909092,0.0,0.0,18.181818181818183,0.0,1
21,2,0.9904761904761905,2118.6693999999998,0.0,8.859390449523925,0.0,9.523809523809524,0.0,4.761904761904762,0.0,23.80952380952381,0.0,4.761904761904762,14.285714285714286,23.80952380952381,4.761904761904762,0.0,0.0,0.0,0.0,4.761904761904762,0.0,9.523809523809524,0.0,0.0,1
19,0,-0.9473684210526315,2081.2984,0.0,6.7297025680542,5.2631578947368425,15.789473684210526,10.526315789473685,5.2631578947368425,0.0,15.789473684210526,5.2631578947368425,0.0,0.0,0.0,5.2631578947368425,0.0,0.0,5.2631578947368425,15.789473684210526,5.2631578947368425,5.2631578947368425,5.2631578947368425,0.0,0.0,0
20,3,1.4,2105.7153,0.05,9.390158653259277,10.0,10.0,0.0,0.0,5.0,10.0,0.0,15.0,15.0,10.0,5.0,0.0,5.0,0.0,0.0,0.0,5.0,10.0,0.0,0.0,1
14,2,-0.20714285714285716,1590.8646999999999,0.14285714285714288,9.199138832092284,7.142857142857143,7.142857142857143,0.0,0.0,0.0,14.285714285714286,0.0,0.0,7.142857142857143,14.285714285714286,7.142857142857143,7.142857142857143,0.0,0.0,7.142857142857143,0.0,14.285714285714286,0.0,0.0,14.285714285714286,1
13,1,-1.3615384615384616,1569.7595,0.15384615384615385,7.878761863708497,0.0,7.6923076923076925,0.0,0.0,0.0,0.0,7.6923076923076925,0.0,7.6923076923076925,0.0,7.6923076923076925,7.6923076923076925,15.384615384615385,7.6923076923076925,0.0,7.6923076923076925,15.384615384615385,0.0,0.0,15.384615384615385,0
29,-4,-0.3551724137931035,3348.7142000000003,0.10344827586206896,4.0500284194946286,6.896551724137931,3.4482758620689653,10.344827586206897,6.896551724137931,3.4482758620689653,3.4482758620689653,0.0,3.4482758620689653,3.4482758620689653,6.896551724137931,3.4482758620689653,3.4482758620689653,6.896551724137931,13.793103448275861,0.0,3.4482758620689653,3.4482758620689653,10.344827586206897,6.896551724137931,0.0,0
50,1,-0.69,5525.1465,0.1,7.798692131042482,8.0,16.0,2.0,6.0,4.0,12.0,8.0,0.0,8.0,2.0,2.0,10.0,0.0,2.0,2.0,6.0,4.0,2.0,4.0,2.0,1
23,-1,-0.3826086956521739,2970.4651,0.21739130434782608,5.464239311218263,0.0,8.695652173913043,8.695652173913043,8.695652173913043,4.3478260869565215,0.0,4.3478260869565215,4.3478260869565215,8.695652173913043,8.695652173913043,8.695652173913043,0.0,4.3478260869565215,0.0,4.3478260869565215,4.3478260869565215,0.0,4.3478260869565215,4.3478260869565215,13.043478260869565,0
10,4,-1.89,1489.7277,0.30000000000000004,11.999967765808105,0.0,0.0,0.0,0.0,10.0,0.0,0.0,10.0,10.0,0.0,0.0,10.0,0.0,10.0,30.0,0.0,0.0,0.0,20.0,0.0,1
15,-1,-0.7666666666666667,1912.0604000000003,0.33333333333333337,4.370429801940918,0.0,0.0,6.666666666666667,6.666666666666667,13.333333333333334,6.666666666666667,0.0,0.0,0.0,6.666666666666667,0.0,6.666666666666667,6.666666666666667,6.666666666666667,6.666666666666667,0.0,6.666666666666667,6.666666666666667,0.0,20.0,0
20,6,-0.5900000000000001,2438.9088,0.2,10.699318122863769,5.0,0.0,0.0,0.0,15.0,0.0,5.0,5.0,30.0,10.0,0.0,5.0,0.0,0.0,0.0,15.0,5.0,0.0,5.0,0.0,1
26,1,-0.4346153846153846,3141.596,0.15384615384615385,8.902713203430178,3.8461538461538463,0.0,0.0,7.6923076923076925,7.6923076923076925,0.0,0.0,11.538461538461538,7.6923076923076925,7.6923076923076925,3.8461538461538463,11.538461538461538,7.6923076923076925,3.8461538461538463,3.8461538461538463,7.6923076923076925,7.6923076923076925,0.0,3.8461538461538463,3.8461538461538463,0
13,-2,-1.3692307692307693,1805.9234999999999,0.3076923076923077,5.048462104797363,0.0,0.0,15.384615384615385,0.0,7.6923076923076925,0.0,15.384615384615385,7.6923076923076925,0.0,0.0,7.6923076923076925,15.384615384615385,0.0,7.6923076923076925,0.0,0.0,0.0,0.0,15.384615384615385,7.6923076923076925,0
14,4,-0.6,1858.2218999999998,0.2142857142857143,11.712567710876463,7.142857142857143,7.142857142857143,0.0,0.0,14.285714285714286,0.0,7.142857142857143,7.142857142857143,7.142857142857143,7.142857142857143,0.0,0.0,7.142857142857143,7.142857142857143,21.428571428571427,0.0,0.0,0.0,7.142857142857143,0.0,0
24,4,1.0791666666666666,2588.2673999999997,0.08333333333333334,9.70128307342529,12.5,8.333333333333334,0.0,0.0,8.333333333333334,4.166666666666667,0.0,12.5,16.666666666666668,12.5,0.0,4.166666666666667,8.333333333333334,0.0,0.0,0.0,4.166666666666667,8.333333333333334,0.0,0.0,1
25,6,0.44400000000000006,2480.9489,0.16,10.699318122863769,60.0,0.0,0.0,0.0,12.0,0.0,0.0,0.0,24.0,0.0,0.0,0.0,0.0,0.0,0.0,0.0,0.0,0.0,4.0,0.0,1
26,3,0.6884615384615385,2631.1097999999997,0.038461538461538464,10.860618019104006,7.6923076923076925,3.8461538461538463,0.0,0.0,0.0,26.923076923076923,3.8461538461538463,15.384615384615385,3.8461538461538463,3.8461538461538463,0.0,3.8461538461538463,0.0,3.8461538461538463,7.6923076923076925,0.0,0.0,15.384615384615385,3.8461538461538463,0.0,1
11,3,0.5818181818181819,1407.753,0.18181818181818182,8.97536907196045,0.0,36.36363636363637,0.0,0.0,9.090909090909092,0.0,0.0,0.0,0.0,0.0,0.0,0.0,0.0,0.0,27.272727272727273,0.0,0.0,18.181818181818183,0.0,9.090909090909092,1
9,0,-0.5111111111111112,1130.2536,0.1111111111111111,5.83636417388916,0.0,0.0,11.11111111111111,0.0,0.0,0.0,0.0,11.11111111111111,0.0,22.22222222222222,0.0,22.22222222222222,0.0,0.0,11.11111111111111,11.11111111111111,0.0,0.0,11.11111111111111,0.0,0
8,0,0.024999999999999925,1128.2807,0.375,6.40151424407959,0.0,0.0,0.0,0.0,0.0,0.0,12.5,0.0,0.0,25.0,0.0,0.0,0.0,0.0,0.0,12.5,12.5,0.0,37.5,0.0,1
24,0,-0.20000000000000004,2933.3669999999997,0.20833333333333334,6.6847429275512695,0.0,8.333333333333334,0.0,4.166666666666667,12.5,4.166666666666667,8.333333333333334,0.0,0.0,4.166666666666667,8.333333333333334,8.333333333333334,8.333333333333334,0.0,4.166666666666667,0.0,16.666666666666668,4.166666666666667,4.166666666666667,4.166666666666667,0
26,6,0.003846153846153837,2892.4397999999997,0.11538461538461539,10.699318122863769,15.384615384615385,0.0,0.0,0.0,7.6923076923076925,0.0,3.8461538461538463,3.8461538461538463,23.076923076923077,11.538461538461538,0.0,0.0,0.0,0.0,0.0,15.384615384615385,11.538461538461538,3.8461538461538463,3.8461538461538463,0.0,1
20,5,0.13,2219.717,0.05,11.166069221496581,5.0,0.0,0.0,0.0,0.0,15.0,5.0,15.0,15.0,10.0,0.0,0.0,5.0,0.0,10.0,0.0,5.0,10.0,0.0,5.0,1
13,0,0.5076923076923076,1461.6894,0.07692307692307693,6.907779121398925,15.384615384615385,7.6923076923076925,0.0,0.0,0.0,7.6923076923076925,15.384615384615385,0.0,0.0,30.76923076923077,0.0,15.384615384615385,0.0,0.0,0.0,0.0,0.0,0.0,7.6923076923076925,0.0,1
14,1,1.0142857142857142,1311.5698,0.0,8.59094409942627,35.714285714285715,0.0,7.142857142857143,0.0,0.0,14.285714285714286,0.0,21.428571428571427,14.285714285714286,7.142857142857143,0.0,0.0,0.0,0.0,0.0,0.0,0.0,0.0,0.0,0.0,1
52,-2,-0.20192307692307696,6212.021,0.17307692307692307,5.998582649230956,7.6923076923076925,13.461538461538462,3.8461538461538463,3.8461538461538463,5.769230769230769,1.9230769230769231,7.6923076923076925,3.8461538461538463,1.9230769230769231,3.8461538461538463,3.8461538461538463,5.769230769230769,1.9230769230769231,7.6923076923076925,1.9230769230769231,3.8461538461538463,5.769230769230769,3.8461538461538463,3.8461538461538463,7.6923076923076925,0
